Workbook
Name Audi: 브랜드!$H$2:$H$16
Name Audi_: 딜러사!$E$5:$E$6
Name AudiA3: 차종!$E$7:$E$10
Name AudiA4: 차종!$E$11:$E$17
Name AudiA5: 차종!$E$18:$E$27
Name AudiA6: 차종!$E$28:$E$38
Name AudiA7: 차종!$E$39:$E$44
Name AudiA8: 차종!$E$45:$E$50
Name Audie_tron: 차종!$E$107:$E$118
Name AudiQ2: 차종!$E$51:$E$52
Name AudiQ3: 차종!$E$53:$E$62
Name AudiQ4: 차종!$E$63:$E$70
Name AudiQ5: 차종!$E$71:$E$81
Name AudiQ6: 차종!$E$82:$E$85
Name AudiQ7: 차종!$E$86:$E$92
Name AudiQ8: 차종!$E$93:$E$106
Name AudiR8: 차종!$E$119
Name Benz: 브랜드!$H$21:$H$41
Name Benz_: 딜러사!$E$7:$E$14
Name BenzA_class: 차종!$E$124:$E$130
Name BenzC_class: 차종!$E$131:$E$157
Name BenzCLA: 차종!$E$158:$E$161
Name BenzCLE: 차종!$E$162:$E$167
Name BenzCLS: 차종!$E$168:$E$174
Name BenzE_class: 차종!$E$175:$E$205
Name BenzEQA: 차종!$E$292:$E$294
Name BenzEQB: 차종!$E$295:$E$296
Name BenzEQC: 차종!$E$297:$E$299
Name BenzEQE: 차종!$E$300:$E$305
Name BenzEQS: 차종!$E$306:$E$313
Name BenzG: 차종!$E$263:$E$267
Name BenzGLA: 차종!$E$206:$E$209
Name BenzGLB: 차종!$E$210:$E$213
Name BenzGLC: 차종!$E$214:$E$242
Name BenzGLE: 차종!$E$243:$E$257
Name BenzGLS: 차종!$E$258:$E$262
Name BenzGT: 차종!$E$268:$E$272
Name BenzS_class: 차종!$E$273:$E$291
Name BenzSL: 차종!$E$314:$E$317
Name BMW: 브랜드!$J$2:$J$19
Name BMW_: 딜러사!$E$27
Name BMW1_series: 차종!$E$327:$E$328
Name BMW2_series: 차종!$E$329:$E$336
Name BMW3_series: 차종!$E$337:$E$354
Name BMW4_series: 차종!$E$355:$E$361
Name BMW5_series: 차종!$E$362:$E$379
Name BMW6_series: 차종!$E$380:$E$387
Name BMW7_series: 차종!$E$388:$E$394
Name BMW8_series: 차종!$E$395:$E$399
Name BMWi: 차종!$E$400:$E$425
Name BMWM: 차종!$E$487:$E$532
Name BMWX1: 차종!$E$429:$E$434
Name BMWX2: 차종!$E$435:$E$442
Name BMWX3: 차종!$E$443:$E$456
Name BMWX4: 차종!$E$457:$E$462
Name BMWX5: 차종!$E$463:$E$473
Name BMWX6: 차종!$E$474:$E$477
Name BMWX7: 차종!$E$478:$E$486
Name BMWZ: 차종!$E$426:$E$428
Name BYD: 브랜드!$P$34

Sheet 25년 9월 운영기준
B2: 수입차 통합 견적
C4: - 운용리스, 금융리스, 할부 견적시트 구분
C5: - 조건비교 3개 가능
B7: 기본사항
C9: 1. 고잔가프로모션 해당견적 반영 / 대상차종 신형 Benz GLC, GLE, BMW 5, 7, X3, X5, X6, X7 / 해당 차종만 10,000~15,000Km 잔가반영
C10: 2. 추가수수료 0.5%
C11: 3. Audi A6 e-tron 반영
C13: * 23~24년 재고차량 견적 산출 가능 (단, 최대할인반영 필수, 미입력시 진행불가)
C14: * 전기차 보조금 딜러사 금액 확인 후 견적 산출
C15: * 신규차종 반영 완료 (견적 내 차종 없을 경우 담당자 문의)

Sheet 전기차보조금액(참고)
B2: 전기차 보조금 참고 자료
F3: 단위 : 만원
B4: 브랜드 | C4: 차량 | D4: 국비보조금 | E4: 리스/렌터 추가보조금 | F4: 합산
B5: 테슬라 | C5: Model 3 Long Range | D5: 202 | E5: 62 | F5: =SUM(D5:E5) -> 264
C6: Model 3 Performance | D6: 187 | E6: 58 | F6: =SUM(D6:E6) -> 245
C7: Model 3 RWD (2025) | D7: 186 | E7: 57 | F7: =SUM(D7:E7) -> 243
C8: New Model Y Long Range | D8: 207 | E8: 64 | F8: =SUM(D8:E8) -> 271
C9: New Model Y RWD | D9: 188 | E9: 58 | F9: =SUM(D9:E9) -> 246
B10: BMW | C10: i4 eDrive40 | D10: 189 | E10: 58 | F10: =SUM(D10:E10) -> 247
C11: i4 M50 | D11: 172 | E11: 53 | F11: =SUM(D11:E11) -> 225
C12: iX1 xDrive30 | D12: 154 | E12: 47 | F12: =SUM(D12:E12) -> 201
C13: i4 eDrive40 LCI | D13: 187 | E13: 58 | F13: =SUM(D13:E13) -> 245
C14: i4 M50 LCI | D14: 177 | E14: 54 | F14: =SUM(D14:E14) -> 231
C15: iX2 eDrive20 | D15: 167 | E15: 51 | F15: =SUM(D15:E15) -> 218
B16: MINI | C16: MINI Country SE ALL4 | D16: 158 | E16: 49 | F16: =SUM(D16:E16) -> 207
C17: MINI Country E | D17: 166 | E17: 51 | F17: =SUM(D17:E17) -> 217
C18: MINI Aceman SE | D18: 306 | E18: 94 | F18: =SUM(D18:E18) -> 400
C19: MINI JCW Aceman E | D19: 151 | E19: 46 | F19: =SUM(D19:E19) -> 197
C20: MINI JCW E | D20: 147 | E20: 45 | F20: =SUM(D20:E20) -> 192
C21: MINI Aceman E | D21: 306 | E21: 94 | F21: =SUM(D21:E21) -> 400
C22: MINI Cooper SE | D22: 303 | E22: 94 | F22: =SUM(D22:E22) -> 397
B23: Benz | C23: EQA250(Facelift) | D23: 190 | E23: 58 | F23: =SUM(D23:E23) -> 248
C24: EQB300 4MATIC(Facelift)(5인승) | D24: 154 | E24: 47 | F24: =SUM(D24:E24) -> 201
C25: EQB300 4MATIC(Facelift)(7인승) | D25: 154 | E25: 47 | F25: =SUM(D25:E25) -> 201
B26: 폭스바겐 | C26: 폭스바겐 ID.4 Pro | D26: 422 | E26: 130 | F26: =SUM(D26:E26) -> 552
B27: 아우디 | C27: 아우디 Q4 Sportback 45 e-tron | D27: 201 | E27: 62 | F27: =SUM(D27:E27) -> 263
C28: 아우디 Q4 45 e-tron | D28: 201 | E28: 62 | F28: =SUM(D28:E28) -> 263
C29: 아우디 Q6 e-tron Performance | D29: 220 | E29: 68 | F29: =SUM(D29:E29) -> 288
B30: 볼보 | C30: EX30 Single Moter ER | D30: 247 | E30: 76 | F30: =SUM(D30:E30) -> 323
B31: 폴스타 | C31: Polestar 4 Long Range Single Motor | D31: 181 | E31: 56 | F31: =SUM(D31:E31) -> 237
C32: Polestar 4 Long Range Dual Motor 22인치 | D32: 141 | E32: 43 | F32: =SUM(D32:E32) -> 184
C33: Polestar 4 Long Range Dual Motor 20, 21인치 | D33: 168 | E33: 52 | F33: =SUM(D33:E33) -> 220
B34: BYD | C34: BYD ATTO 3 | D34: 145 | E34: 45 | F34: =SUM(D34:E34) -> 190
B36: * 2025년 9월 3일 기준
B37: * 상기 내용은 보조금액변동 / 견적차종 보조금 비대상 차량 가능성 있으니 딜러사 확인 필 진행요청 (참고자료)

Sheet 전기자특약필수서류
B5: 특약 사항
B8: 20 년 월 일 체결된 리스 계약에 대한 특약 사항은 아래와 같습니다.
B11: [차량 인도 및 성능 관련] 리스 이용자는 자동차리스 약관 제 8조(자동차의 인수 및 등록) 및 제 9조(자동차의 인도지연 또는 하자)에도 불구하고 단차 및 도장불량 등의 사유가 있다 하더라도 차량제조사가 인정하지 않는 경우 차량인도의 거부 또는 교환이 불가함을 확약합니다. 또한 차량 제조사가 인정하지 않는 배터리, 전자적 장치 등에 대한 교체가 불가하며 이를 사유로 해당 계약에 대해 중도해지 할 수 없음을 확약합니다.
B13: [중도해지 관련] 본 리스 계약은 시의 전기차 보조금 지원금액이 리스 대상 차량가격에 반영되었으며, 해당 보조금이 적용된 차량가격에 대해 리스료가 산정 되었습니다. 이와 같이 보조금을 지원받은 경우 「대기환경보전법규」에 따라 2년간 의무 운행을 하여야 하며, 의무 운행 기간 미이행 시 아래 ‘사용기간별 지원금액 회수기준’에 따라 보조금에 대한 환수조치가 발생될 수 있습니다. 따라서 의무 운행 기간 도과 전 본 리스 계약을 중도해지 하는 경우 차량 매입/반환에 따른 해당 손해배상금 및 이와 별개로 보조금에 대한 환수금액 전액을 부담할 것을 확약합니다. (1) 차량 매입 시 : 자동차리스약관 제 23조(규정손해배상금)에 따라 규정손해배상금율에 따른 규정손해배상금 (2) 차량 반환 시 : 자동차리스약관 제 24조(중도해지손해배상금수수료)에 따라 중도해지요율에 따른 중도해지손해배상금
A17: ※ 리스이용자( 직접 기재 )와 연대보증인( 직접 기재 )은 본 특약 사항에 대해 (충분한 설명을 듣고 이해한 후) 본인 의사에 따라 본 계약을 체결하였음에 동의하며, 계약 내용을 성실히 이행할 것을 확약합니다.
D20: 20 년 월 일
F22: 리스 이용자 : | H22: (인)
F24: 연대 보증인 : | H24: (인)

Sheet 운용리스 견적출력
AW2: ='운용리스 입력'!D2 -> 2025_09_V1
C3: 운 용 리 스 견 적 서 | BQ3: =TODAY() -> 45904
BS4: 담당자 | BW4: ='운용리스 입력'!D25 -> 메리츠캐피탈
AX6: ='운용리스 입력'!D26 -> VIP 고객님 | BL6: 아래 견적서 제안 드립니다.
C7: ▣ 차량정보
C8: 차종 | P8: ='운용리스 입력'!D5 -> Audi | AC8: ='운용리스 입력'!D7 -> A6 e-tron Performance Advanced | BW8: ='운용리스 입력'!D9 -> 0
C9: 기본 가격 | P9: ='운용리스 입력'!D11 -> 65800000 | AP9: 옵션 가격 | BD9: ='운용리스 입력'!D12 -> 0
C10: 할인 가격 | P10: ='운용리스 입력'!D13 -> 0 | AP10: 최종 가격 | BD10: ='운용리스 입력'!D14 -> 65800000
C12: ▣ 등록비용
C13: ="등취득세 "&'운용리스 입력'!C16 -> 등취득세 포함 | P13: ='운용리스 입력'!D16 -> 4187270 | AP13: ="공채비용 "&'운용리스 입력'!C17 -> 공채비용 포함 | BD13: ='운용리스 입력'!F18 -> 0
C14: ="탁송료 "&'운용리스 입력'!C19 -> 탁송료 포함 | P14: ='운용리스 입력'!D19 -> 0 | AP14: ="부대비용 "&'운용리스 입력'!C20 -> 부대비용 포함 | BD14: ='운용리스 입력'!D20 -> 100000
C15: ="등록지역 : 금융사명 - "&'운용리스 입력'!E17&" / 고객명 - 등본지" -> 등록지역 : 금융사명 - 부산 / 고객명 - 등본지 | AP15: 등록비용 총합계 | BD15: ='운용리스 입력'!D21 -> 4287270
C17: ▣ 리스조건
C18: 구분 | R18: 조건 1 | AN18: 조건 2 | BJ18: 조건 3
C19: 취득원가 | R19: ='운용리스 입력'!D23 -> 70087270 | AN19: ='운용리스 입력'!D23 -> 70087270 | BJ19: ='운용리스 입력'!D23 -> 70087270
C20: 리스기간 | R20: ='운용리스 입력'!J4 -> 36 | AN20: ='운용리스 입력'!Q4 -> 48 | BJ20: ='운용리스 입력'!X4 -> 60
C21: 보증금 | R21: ='운용리스 내부'!H6 -> 0 | AA21: ='운용리스 내부'!I6 -> 0 | AN21: ='운용리스 내부'!M6 -> 0 | AW21: ='운용리스 내부'!N6 -> 0 | BJ21: ='운용리스 내부'!R6 -> 0 | BS21: ='운용리스 내부'!S6 -> 0
C22: 장기선수금 | R22: ='운용리스 내부'!H7 -> 0 | AA22: ='운용리스 내부'!I7 -> 0 | AN22: ='운용리스 내부'!M7 -> 0 | AW22: ='운용리스 내부'!N7 -> 0 | BJ22: ='운용리스 내부'!R7 -> 0 | BS22: ='운용리스 내부'!S7 -> 0
C23: 잔가 | R23: ='운용리스 내부'!H8 -> 0.63 | AA23: ='운용리스 내부'!I8 -> 41454000 | AN23: ='운용리스 내부'!M8 -> 0.55 | AW23: ='운용리스 내부'!N8 -> 36190000 | BJ23: ='운용리스 내부'!R8 -> 0.49 | BS23: ='운용리스 내부'!S8 -> 32242000
C24: 납부리스료 | R24: ='운용리스 입력'!J27 -> 1079400 | AN24: ='운용리스 입력'!Q27 -> 971000 | BJ24: ='운용리스 입력'!X27 -> 882700
C25: 차량분 | R25: ='운용리스 입력'!J24 -> 1079400 | AN25: ='운용리스 입력'!Q24 -> 971000 | BJ25: ='운용리스 입력'!X24 -> 882700
C26: 차세분 | R26: ='운용리스 입력'!J25 -> 0 | AN26: ='운용리스 입력'!Q25 -> 0 | BJ26: ='운용리스 입력'!X25 -> 0
C27: 장기선수금 차감분 | R27: ='운용리스 입력'!J26 -> 0 | AN27: ='운용리스 입력'!Q26 -> 0 | BJ27: ='운용리스 입력'!X26 -> 0
C28: 초기 부담금 | R28: =AA21+AA22+IF('운용리스 입력'!C16="미포함",'운용리스 입력'!D16,0)+IF('운용리스 입력'!C17="미포함",'운용리스 입력'!F18,0)+IF('운용리스 입력'!C19="미포함",'운용리스 입력'!D19,0)+IF('운용리스 입력'!C20="미포함",'운용리스 입력'!D20,0) -> 0 | AN28: =AW21+AW22+IF('운용리스 입력'!C16="미포함",'운용리스 입력'!D16,0)+IF('운용리스 입력'!C17="미포함",'운용리스 입력'!F18,0)+IF('운용리스 입력'!C19="미포함",'운용리스 입력'!D19,0)+IF('운용리스 입력'!C20="미포함",'운용리스 입력'!D20,0) -> 0 | BJ28: =BS21+BS22+IF('운용리스 입력'!C16="미포함",'운용리스 입력'!D16,0)+IF('운용리스 입력'!C17="미포함",'운용리스 입력'!F18,0)+IF('운용리스 입력'!C19="미포함",'운용리스 입력'!D19,0)+IF('운용리스 입력'!C20="미포함",'운용리스 입력'!D20,0) -> 0
C29: 약정주행거리 | R29: ='운용리스 입력'!J5 -> 20000 | AN29: ='운용리스 입력'!Q5 -> 20000 | BJ29: ='운용리스 입력'!X5 -> 20000
C30: 차량등록명의 | R30: ='운용리스 입력'!J2 -> 메리츠캐피탈 | AN30: ='운용리스 입력'!Q2 -> 메리츠캐피탈 | BJ30: ='운용리스 입력'!X2 -> 메리츠캐피탈
C31: =IF($R$30="고객명","차량설정금액",IF($AN$30="고객명","차량설정금액",IF($BJ$30="고객명","차량설정금액",""))) | R31: ='운용리스 입력'!D14 -> 65800000 | AN31: ='운용리스 입력'!D14 -> 65800000 | BJ31: ='운용리스 입력'!D14 -> 65800000
C33: 할인반영전 리스료 | AA33: =IF('운용리스 내부'!I35='운용리스 내부'!H27,"해당없음",'운용리스 내부'!I35) -> 해당없음 | AW33: =IF('운용리스 내부'!N35='운용리스 내부'!M27,"해당없음",'운용리스 내부'!N35) -> 해당없음 | BS33: =IF('운용리스 내부'!S35='운용리스 내부'!R27,"해당없음",'운용리스 내부'!S35) -> 해당없음
C34: 보증금 할인금액 | R34: =IF(AA33="해당없음","",'운용리스 내부'!H36) | AA34: =IF(AA33="해당없음","해당없음",'운용리스 내부'!I36) -> 해당없음 | AN34: =IF(AW33="해당없음","",'운용리스 내부'!M36) | AW34: =IF(AW33="해당없음","해당없음",'운용리스 내부'!N36) -> 해당없음 | BJ34: =IF(BS33="해당없음","",'운용리스 내부'!R36) | BS34: =IF(BS33="해당없음","해당없음",'운용리스 내부'!S36) -> 해당없음
C35: 장기선수금 할인금액 | R35: =IF(AA33="해당없음","",'운용리스 내부'!H37) | AA35: =IF(AA33="해당없음","해당없음",'운용리스 내부'!I37) -> 해당없음 | AN35: =IF(AW33="해당없음","",'운용리스 내부'!M37) | AW35: =IF(AW33="해당없음","해당없음",'운용리스 내부'!N37) -> 해당없음 | BJ35: =IF(BS33="해당없음","",'운용리스 내부'!R37) | BS35: =IF(BS33="해당없음","해당없음",'운용리스 내부'!S37) -> 해당없음
C37: 입금계좌
C39: ㆍ지방세법 개정에 따라 취득세는 시가표준액으로 인한 차액 발생될 수 있으며, 차액 금액은 고객 별도 부담입니다.
C40: ㆍ자차보험 및 보험 질권 설정 필수입니다. (차량가 100% / 질권자 메리츠캐피탈 주식회사 107-87-67865)
C41: ㆍ과태료, 범칙금, 정비료, 환경개선부담금, 자동차보험료, 자동차세(리스료 불포함시) 등은 고객 별도 부담이며, 리스 계약 만료시 차량 인수, 반납, 재리스 중 선택 가능합니다.
C42: ㆍ중도 반납 및 중도 인수, 승계 진행 시 일정 수수료가 발생되며, 반납시 주행거리, 차량 상태, 사고 이력, 부위 교체 이력 등에 따라 감가 금액이 발생할 수 있습니다.
C43: ㆍ차량 인수시(소유권 이전) 당사매매대금 또는 구청기준과표로 취득세 발생되며, 고객명의 인수 경우 취득세 자진납부신고 하셔야 합니다.
C44: 서울특별시 영등포구 국제금융로 10, ThreeIFC 23층 메리츠캐피탈 주식회사 / T. 1588-9666 / https://www.meritzcapital.com

Sheet 운용리스 입력
B2: 운용리스 견적 | D2: 2025_09_V1 | F2: 일자 | G2: =TODAY() -> 45904 | I2: 등록명의 | J2: =IF(BB7=TRUE,"메리츠캐피탈","고객명") -> 메리츠캐피탈 | L2: 조건1 | P2: 등록명의 | Q2: =IF(BB14=TRUE,"메리츠캐피탈","고객명") -> 메리츠캐피탈 | S2: 조건2 | W2: 등록명의 | X2: =IF(BB21=TRUE,"메리츠캐피탈","고객명") -> 메리츠캐피탈 | Z2: 조건3 | BA2: 체크박스
BA3: 등취득세 | BB3: TRUE
B4: 제휴사 | D4: 기타 | I4: 기간 | J4: 36 | P4: 기간 | Q4: 48 | W4: 기간 | X4: 60 | BA4: 공채비용 | BB4: TRUE
B5: 브랜드 | D5: Audi | I5: 주행거리 | J5: 20000 | P5: 주행거리 | Q5: 20000 | W5: 주행거리 | X5: 20000 | BA5: 탁송료 | BB5: TRUE
B6: 기본 모델 | D6: e_tron | BA6: 부대비용 | BB6: TRUE | BF6: 차량 연식 | BH6: 25MY
B7: 세부 모델 | D7: A6 e-tron Performance Advanced | I7: 보증금 | J7: 0 | L7: =ROUNDDOWN((D14*J7),-3) -> 0 | P7: 보증금 | Q7: 0 | S7: =ROUNDDOWN((D14*Q7),-3) -> 0 | W7: 보증금 | X7: 0 | Z7: =ROUNDDOWN((D14*X7),-3) -> 0 | BA7: 등록명의1 | BB7: TRUE
B8: 차량 연식 | D8: 25MY | I8: =IF(BB9=TRUE,"% 입력","금액 입력") -> % 입력 | J8: =L8/D14 -> 0.45592705 | L8: 30000000 | P8: =IF(BB16=TRUE,"% 입력","금액 입력") -> % 입력 | Q8: =S8/D14 -> 0.45592705 | S8: 30000000 | W8: =IF(BB23=TRUE,"% 입력","금액 입력") -> % 입력 | X8: =Z8/D14 -> 0.45592705 | Z8: 30000000 | BA8: 조건1 | BB8: FALSE
B9: 배기량 | D9: ='운용리스 내부'!D8 -> 0 | I9: 장기선수금 | J9: 0 | L9: =ROUNDDOWN((D14*J9),-3) -> 0 | P9: 장기선수금 | Q9: 0 | S9: =ROUNDDOWN((D14*Q9),-3) -> 0 | W9: 장기선수금 | X9: 0 | Z9: =ROUNDDOWN((D14*X9),-3) -> 0 | BA9: 보증금1 | BB9: TRUE
B10: =IF(AND(D8="25MY",'운용리스 내부'!X1=1%),"고잔가 프로모션 대상차종 (주행거리 10,000KM, 15,000KM 가능)","") | I10: =IF(BB10=TRUE,"% 입력","금액 입력") -> % 입력 | J10: =L10/D14 -> 0 | L10: 0 | P10: =IF(BB17=TRUE,"% 입력","금액 입력") -> % 입력 | Q10: =S10/D14 -> 0 | S10: 0 | W10: =IF(BB24=TRUE,"% 입력","금액 입력") -> % 입력 | X10: =Z10/D14 -> 0 | Z10: 0 | BA10: 장기선수금1 | BB10: TRUE
B11: 차량 가격 | D11: 65800000 | I11: 잔가 | J11: 0.63 | L11: =ROUNDDOWN((D14*J11),-3) -> 41454000 | P11: 잔가 | Q11: 0.55 | S11: =ROUNDDOWN((D14*Q11),-3) -> 36190000 | W11: 잔가 | X11: 0.49 | Z11: =ROUNDDOWN((D14*X11),-3) -> 32242000 | BA11: 잔가1 | BB11: TRUE
B12: 옵션 가격 | D12: 0 | I12: =IF(BB11=TRUE,"% 입력","금액 입력") -> % 입력 | J12: =L12/D14 -> 0 | L12: 0 | P12: =IF(BB18=TRUE,"% 입력","금액 입력") -> % 입력 | Q12: =S12/D14 -> 0 | S12: 0 | W12: =IF(BB25=TRUE,"% 입력","금액 입력") -> % 입력 | X12: =Z12/D14 -> 0.45592705 | Z12: 30000000 | BA12: 잔가하향1 | BB12: FALSE
B13: 할인 가격 | D13: 0 | I13: 잔가하향 | J13: 0 | L13: =$D$14*J13 -> 0 | P13: 잔가하향 | Q13: 0 | S13: =$D$14*Q13 -> 0 | W13: 잔가하향 | X13: 0 | Z13: =$D$14*X13 -> 0 | BA13: 차세1 | BB13: FALSE
B14: 차량가 최종 | D14: =D11+D12-D13 -> 65800000 | I14: 최대잔가 | J14: ='운용리스 내부'!H9 -> 0.63 | L14: ='운용리스 내부'!I9 -> 41454000 | P14: 최대잔가 | Q14: ='운용리스 내부'!M9 -> 0.55 | S14: ='운용리스 내부'!N9 -> 36190000 | W14: 최대잔가 | X14: ='운용리스 내부'!R9 -> 0.49 | Z14: ='운용리스 내부'!S9 -> 32242000 | BA14: 등록명의2 | BB14: TRUE
B15: =IF(OR(D8="23MY",D8="24MY"),"차량 최대할인 입력필수 / 미입력시 진행 불가","") | I15: 최소잔가 | J15: ='운용리스 내부'!H10 -> 0.3 | L15: ='운용리스 내부'!I10 -> 19740000 | P15: 최소잔가 | Q15: ='운용리스 내부'!M10 -> 0.2 | S15: ='운용리스 내부'!N10 -> 13160000 | W15: 최소잔가 | X15: ='운용리스 내부'!R10 -> 0.15 | Z15: ='운용리스 내부'!S10 -> 9870000 | BA15: 조건2 | BB15: TRUE
B16: 등록비 | C16: =IF(BB3=TRUE,"포함","미포함") -> 포함 | D16: =취득세!C6 -> 4187270 | BA16: 보증금2 | BB16: TRUE
B17: 공채 | C17: =IF(BB4=TRUE,"포함","미포함") -> 포함 | D17: 공채지역 | E17: 부산 | I17: 전기차보조금 | J17: 0 | P17: 전기차보조금 | Q17: 0 | W17: 전기차보조금 | X17: 0 | AD17: =IF(취득세!B6="전기","> 전기차 보조금 딜러사 확인 후 입력","") | BA17: 장기선수금2 | BB17: TRUE
D18: 공채할인 | E18: 0 | F18: ='공채&차세'!F4 -> 0 | I18: 이손금 | J18: 0 | P18: 이손금 | Q18: 0 | W18: 이손금 | X18: 0 | BA18: 잔가2 | BB18: TRUE
B19: 탁송료 | C19: =IF(BB5=TRUE,"포함","미포함") -> 포함 | D19: 0 | I19: 최대수수료 10% | P19: 최대수수료 10% | W19: 최대수수료 10% | BA19: 잔가하향2 | BB19: FALSE
B20: 부대비 | C20: =IF(BB6=TRUE,"포함","미포함") -> 포함 | D20: 100000 | I20: 수수료 Max | J20: ='운용리스 내부'!I14 -> 0.1 | P20: 수수료 Max | Q20: ='운용리스 내부'!N14 -> 0.1 | W20: 수수료 Max | X20: ='운용리스 내부'!S14 -> 0.1 | BA20: 차세2 | BB20: FALSE
B21: 등록비용 합산 | D21: =IF(C16="포함",D16,0)+IF(C17="포함",F18,0)+IF(C19="포함",D19,0)+IF(C20="포함",D20,0) -> 4287270 | I21: CM수수료 | J21: 0 | L21: ='운용리스 내부'!I15 -> 0 | P21: CM수수료 | Q21: 0 | S21: ='운용리스 내부'!N15 -> 0 | W21: CM수수료 | X21: 0 | Z21: ='운용리스 내부'!S15 -> 0 | BA21: 등록명의3 | BB21: TRUE
I22: AG수수료 | J22: 0 | L22: ='운용리스 내부'!I16 -> 0 | P22: AG수수료 | Q22: 0 | S22: ='운용리스 내부'!N16 -> 0 | W22: AG수수료 | X22: 0 | Z22: ='운용리스 내부'!S16 -> 0 | BA22: 조건3 | BB22: TRUE
B23: 취득원가 금액 | D23: =D14+D21 -> 70087270 | BA23: 보증금3 | BB23: TRUE
I24: 리스료 | J24: ='운용리스 내부'!H27 -> 1079400 | P24: 리스료 | Q24: ='운용리스 내부'!M27 -> 971000 | W24: 리스료 | X24: ='운용리스 내부'!R27 -> 882700 | BA24: 장기선수금3 | BB24: TRUE
B25: 담당자 | D25: 메리츠캐피탈 | I25: 차세 | J25: ='운용리스 내부'!H28 -> 0 | P25: 차세 | Q25: ='운용리스 내부'!M28 -> 0 | W25: 차세 | X25: ='운용리스 내부'!R28 -> 0 | BA25: 잔가3 | BB25: TRUE
B26: 고객명 | D26: VIP 고객님 | I26: 선납금차감분 | J26: ='운용리스 내부'!H29 -> 0 | P26: 선납금차감분 | Q26: ='운용리스 내부'!M29 -> 0 | W26: 선납금차감분 | X26: ='운용리스 내부'!R29 -> 0 | BA26: 잔가하향3 | BB26: FALSE
B27: 노란색 부분만 입력하면 됩니다. | I27: 최종리스료 | J27: =IF('운용리스 내부'!H30="",'운용리스 내부'!J30,'운용리스 내부'!H30) -> 1079400 | P27: 최종리스료 | Q27: =IF('운용리스 내부'!M30="",'운용리스 내부'!O30,'운용리스 내부'!M30) -> 971000 | W27: 최종리스료 | X27: =IF('운용리스 내부'!R30="",'운용리스 내부'!T30,'운용리스 내부'!R30) -> 882700 | BA27: 차세3 | BB27: FALSE
B28: 체크 선택시 입력값 변동 됩니다. | I28: 금리 | J28: ='운용리스 내부'!H32 -> 0.060221054 | P28: 금리 | Q28: ='운용리스 내부'!M32 -> 0.058680513 | W28: 금리 | X28: ='운용리스 내부'!R32 -> 0.057712436

Sheet 운용리스 내부
X1: =VLOOKUP(D6,차종!E:Q,12,0) -> 0
B2: ='운용리스 입력'!D2 -> 2025_09_V1 | D2: 견적일자 | E2: =TODAY() -> 45904 | G2: 조건1 | L2: 조건2 | Q2: 조건3
B3: 제휴사 | D3: ='운용리스 입력'!D4 -> 기타 | G3: 기간 | H3: ='운용리스 입력'!J4 -> 36 | L3: 기간 | M3: ='운용리스 입력'!Q4 -> 48 | Q3: 기간 | R3: ='운용리스 입력'!X4 -> 60
B4: 브랜드 | D4: ='운용리스 입력'!D5 -> Audi | G4: 주행거리 | H4: ='운용리스 입력'!J5 -> 20000 | L4: 주행거리 | M4: ='운용리스 입력'!Q5 -> 20000 | Q4: 주행거리 | R4: ='운용리스 입력'!X5 -> 20000
B5: 기본모델 | D5: ='운용리스 입력'!D6 -> e_tron
B6: 세부모델 | D6: ='운용리스 입력'!D7 -> A6 e-tron Performance Advanced | G6: 보증금 | H6: =IF('운용리스 입력'!BB9=TRUE,'운용리스 입력'!J7,'운용리스 내부'!I6/'운용리스 내부'!D13) -> 0 | I6: =IF('운용리스 입력'!BB9=FALSE,'운용리스 입력'!L8,ROUNDDOWN(('운용리스 내부'!D13*'운용리스 내부'!H6),-3)) -> 0 | L6: 보증금 | M6: =IF('운용리스 입력'!BB16=TRUE,'운용리스 입력'!Q7,'운용리스 내부'!N6/'운용리스 내부'!D13) -> 0 | N6: =IF('운용리스 입력'!BB16=FALSE,'운용리스 입력'!S8,ROUNDDOWN(('운용리스 내부'!D13*'운용리스 내부'!M6),-3)) -> 0 | Q6: 보증금 | R6: =IF('운용리스 입력'!BB23=TRUE,'운용리스 입력'!X7,'운용리스 내부'!S6/'운용리스 내부'!D13) -> 0 | S6: =IF('운용리스 입력'!BB23=FALSE,'운용리스 입력'!Z8,ROUNDDOWN(('운용리스 내부'!D13*'운용리스 내부'!R6),-3)) -> 0
B7: 세부모델 | D7: ='운용리스 입력'!D8 -> 25MY | G7: 장기선수금 | H7: =IF('운용리스 입력'!BB10=TRUE,'운용리스 입력'!J9,'운용리스 내부'!I7/'운용리스 내부'!D13) -> 0 | I7: =IF('운용리스 입력'!BB10=FALSE,'운용리스 입력'!L10,ROUNDDOWN(('운용리스 내부'!D13*'운용리스 내부'!H7),-3)) -> 0 | L7: 장기선수금 | M7: =IF('운용리스 입력'!BB17=TRUE,'운용리스 입력'!Q9,'운용리스 내부'!N7/'운용리스 내부'!D13) -> 0 | N7: =IF('운용리스 입력'!BB17=FALSE,'운용리스 입력'!S10,ROUNDDOWN(('운용리스 내부'!D13*'운용리스 내부'!M7),-3)) -> 0 | Q7: 장기선수금 | R7: =IF('운용리스 입력'!BB24=TRUE,'운용리스 입력'!X9,'운용리스 내부'!S7/'운용리스 내부'!D13) -> 0 | S7: =IF('운용리스 입력'!BB24=FALSE,'운용리스 입력'!Z10,ROUNDDOWN(('운용리스 내부'!D13*'운용리스 내부'!R7),-3)) -> 0
B8: 배기량 | D8: =VLOOKUP($D$6,차종!E:G,3,FALSE) -> 0 | G8: 잔가 | H8: =IF('운용리스 입력'!BB11=TRUE,'운용리스 입력'!J11,'운용리스 내부'!I8/'운용리스 내부'!D13) -> 0.63 | I8: =IF('운용리스 입력'!BB11=FALSE,'운용리스 입력'!L12,ROUNDDOWN(('운용리스 내부'!D13*'운용리스 내부'!H8),-3)) -> 41454000 | L8: 잔가 | M8: =IF('운용리스 입력'!BB18=TRUE,'운용리스 입력'!Q11,'운용리스 내부'!N8/'운용리스 내부'!D13) -> 0.55 | N8: =IF('운용리스 입력'!BB18=FALSE,'운용리스 입력'!S12,ROUNDDOWN(('운용리스 내부'!D13*'운용리스 내부'!M8),-3)) -> 36190000 | Q8: 잔가 | R8: =IF('운용리스 입력'!BB25=TRUE,'운용리스 입력'!X11,'운용리스 내부'!S8/'운용리스 내부'!D13) -> 0.49 | S8: =IF('운용리스 입력'!BB25=FALSE,'운용리스 입력'!Z12,ROUNDDOWN(('운용리스 내부'!D13*'운용리스 내부'!R8),-3)) -> 32242000
G9: 최대잔가 | H9: =잔가!E12 -> 0.63 | I9: =ROUNDDOWN((D13*H9),-3) -> 41454000 | L9: 최대잔가 | M9: =잔가!E21 -> 0.55 | N9: =ROUNDDOWN(($D$13*M9),-3) -> 36190000 | Q9: 최대잔가 | R9: =잔가!E30 -> 0.49 | S9: =ROUNDDOWN(($D$13*R9),-3) -> 32242000
B10: 차량가 | D10: ='운용리스 입력'!D11 -> 65800000 | G10: 최소잔가 | H10: =VLOOKUP(H3,잔가!J41:K45,2,0) -> 0.3 | I10: =ROUNDDOWN((D13*H10),-3) -> 19740000 | L10: 최소잔가 | M10: =VLOOKUP(M3,잔가!J41:K45,2,0) -> 0.2 | N10: =ROUNDDOWN(($D$13*M10),-3) -> 13160000 | Q10: 최소잔가 | R10: =VLOOKUP(R3,잔가!J41:K45,2,0) -> 0.15 | S10: =ROUNDDOWN(($D$13*R10),-3) -> 9870000
B11: 옵션 | D11: ='운용리스 입력'!D12 -> 0
B12: 할인가 | D12: ='운용리스 입력'!D13 -> 0 | G12: 전기차보조금 | H12: ='운용리스 입력'!J17 -> 0 | L12: 전기차보조금 | M12: ='운용리스 입력'!Q17 -> 0 | Q12: 전기차보조금 | R12: ='운용리스 입력'!X17 -> 0
B13: 차량가최종 | D13: ='운용리스 입력'!D14 -> 65800000 | G13: 이손금 | I13: ='운용리스 입력'!J18 -> 0 | L13: 이손금 | N13: ='운용리스 입력'!Q18 -> 0 | Q13: 이손금 | S13: ='운용리스 입력'!X18 -> 0
H14: CM/AG 최대 | I14: =IF((I15+I16)/D22>10%,"수수료 초과",10%) -> 0.1 | M14: CM/AG 최대 | N14: =IF((N15+N16)/D22>10%,"수수료 초과",10%) -> 0.1 | R14: CM/AG 최대 | S14: =IF((S15+S16)/D22>10%,"수수료 초과",10%) -> 0.1
B15: 등취득세 | D15: =IF('운용리스 입력'!C16="포함",'운용리스 입력'!D16,0) -> 4187270 | G15: CM수수료 | H15: ='운용리스 입력'!J21 -> 0 | I15: =ROUNDDOWN((H15*$D$22),-1) -> 0 | L15: CM수수료 | M15: ='운용리스 입력'!Q21 -> 0 | N15: =ROUNDDOWN((M15*$D$22),-1) -> 0 | Q15: CM수수료 | R15: ='운용리스 입력'!X21 -> 0 | S15: =ROUNDDOWN((R15*$D$22),-1) -> 0
B16: 공채 | D16: ='운용리스 입력'!E17 -> 부산 | G16: AG수수료 | H16: ='운용리스 입력'!J22 -> 0 | I16: =ROUNDDOWN((H16*$D$22),-1) -> 0 | L16: AG수수료 | M16: ='운용리스 입력'!Q22 -> 0 | N16: =ROUNDDOWN((M16*$D$22),-1) -> 0 | Q16: AG수수료 | R16: ='운용리스 입력'!X22 -> 0 | S16: =ROUNDDOWN((R16*$D$22),-1) -> 0
D17: ='운용리스 입력'!E18 -> 0 | E17: =IF('운용리스 입력'!C17="포함",'운용리스 입력'!F18,0) -> 0 | H17: =IF(H18="APS","70% 지급계좌 ~1867(국민)","") -> 70% 지급계좌 ~1867(국민) | M17: =IF(M18="APS","70% 지급계좌 ~1867(국민)","") -> 70% 지급계좌 ~1867(국민) | R17: =IF(R18="APS","70% 지급계좌 ~1867(국민)","") -> 70% 지급계좌 ~1867(국민)
B18: 탁송료 | D18: =IF('운용리스 입력'!C19="포함",'운용리스 입력'!D19,0) -> 0 | G18: 잔가보장수수료 | H18: =잔가!C11 -> APS | I18: =IF(잔가!C11="AJ",50%,IF(잔가!C11="APS",30%,"")) -> 0.3 | J18: =IF(H18="AJ",잔가!D13*I18,IF(H18="APS",잔가!D13*I18,"")) -> 256620 | L18: 잔가보장수수료 | M18: =잔가!C20 -> APS | N18: =IF(잔가!C20="AJ",50%,IF(잔가!C20="APS",30%,"")) -> 0.3 | O18: =IF(M18="AJ",잔가!D22*N18,IF(M18="APS",잔가!D22*N18,"")) -> 256620 | Q18: 잔가보장수수료 | R18: =잔가!C29 -> APS | S18: =IF(잔가!C29="AJ",50%,IF(잔가!C29="APS",30%,"")) -> 0.3 | T18: =IF(R18="AJ",잔가!D31*S18,IF(R18="APS",잔가!D31*S18,"")) -> 256620
B19: 부대비 | D19: =IF('운용리스 입력'!C20="포함",'운용리스 입력'!D20,0) -> 100000 | I19: =IF(잔가!C11="AJ",50%,IF(잔가!C11="APS",70%,"")) -> 0.7 | J19: =IF(H18="AJ",잔가!D13*I19,IF(H18="APS",잔가!D13*I19,"")) -> 598780 | N19: =IF(잔가!C20="AJ",50%,IF(잔가!C20="APS",70%,"")) -> 0.7 | O19: =IF(M18="AJ",잔가!D22*N19,IF(M18="APS",잔가!D22*N19,"")) -> 598780 | S19: =IF(잔가!C29="AJ",50%,IF(잔가!C29="APS",70%,"")) -> 0.7 | T19: =IF(R18="AJ",잔가!D31*S19,IF(R18="APS",잔가!D31*S19,"")) -> 598780
B20: 등록비합산 | D20: ='운용리스 입력'!D21 -> 4287270 | I20: 토탈 | J20: =잔가!D13 -> 855400 | N20: 토탈 | O20: =잔가!D22 -> 855400 | S20: 토탈 | T20: =잔가!D31 -> 855400
G21: 제휴사 수수료 | H21: =$D$3 -> 기타 | I21: =VLOOKUP($D$3,딜러사!$E$6:$G$25,3,FALSE)-딜러사!E28-딜러사!E29 -> 0 | J21: =ROUNDDOWN(($D$22*I21),-1) -> 0 | L21: 제휴사 수수료 | M21: =$D$3 -> 기타 | N21: =VLOOKUP($D$3,딜러사!$E$6:$G$25,3,FALSE)-딜러사!E28-딜러사!E29 -> 0 | O21: =ROUNDDOWN(($D$22*N21),-1) -> 0 | Q21: 제휴사 수수료 | R21: =$D$3 -> 기타 | S21: =VLOOKUP($D$3,딜러사!$E$6:$G$25,3,FALSE)-딜러사!E28-딜러사!E29 -> 0 | T21: =ROUNDDOWN(($D$22*S21),-1) -> 0
B22: 취득원가 | D22: ='운용리스 입력'!D23 -> 70087270 | H22: =IF(D3="세영모빌리티","1줄추가 별도 입력","") | J22: =IF(D3="세영모빌리티",딜러사!E30,0) -> 0 | M22: =IF(D3="세영모빌리티","1줄추가 별도 입력","") | O22: =IF(D3="세영모빌리티",딜러사!E30,0) -> 0 | R22: =IF(D3="세영모빌리티","1줄추가 별도 입력","") | T22: =IF(D3="세영모빌리티",딜러사!E30,0) -> 0
G23: 본부장 수수료 | H23: =IF(D3="아우토슈타트",D3,IF(D3="브리티시오토",D3,IF(D3="모터원","모터원담당",""))) | I23: =IF(D3="아우토슈타트",0.1%,IF(D3="브리티시오토",0.2%,IF(D3="모터원",0.2%,0))) -> 0 | J23: =ROUNDDOWN(($D$22*I23),-1) -> 0 | L23: 본부장 수수료 | M23: =IF(D3="아우토슈타트",D3,IF(D3="브리티시오토",D3,IF(D3="모터원","모터원담당",""))) | N23: =IF(D3="아우토슈타트",0.1%,IF(D3="브리티시오토",0.2%,IF(D3="모터원",0.2%,0))) -> 0 | O23: =ROUNDDOWN(($D$22*N23),-1) -> 0 | Q23: 본부장 수수료 | R23: =IF(D3="아우토슈타트",D3,IF(D3="브리티시오토",D3,IF(D3="모터원","모터원담당",""))) | S23: =IF(D3="아우토슈타트",0.1%,IF(D3="브리티시오토",0.2%,IF(D3="모터원",0.2%,0))) -> 0 | T23: =ROUNDDOWN(($D$22*S23),-1) -> 0
G24: 추가수수료 | H24: 실행시 입력 | I24: 0.005 | J24: =ROUNDDOWN(($D$22*I24),-1) -> 350430 | L24: 추가수수료 | M24: 실행시 입력 | N24: 0.005 | O24: =ROUNDDOWN(($D$22*N24),-1) -> 350430 | Q24: 추가수수료 | R24: 실행시 입력 | S24: 0.005 | T24: =ROUNDDOWN(($D$22*S24),-1) -> 350430
B25: =IF(OR(D7="23MY",D7="24MY"),"차량 최대할인 입력필수 / 미입력시 진행 불가","") | G25: 설정비 | H25: =IF('운용리스 입력'!BB7=FALSE,'운용리스 입력'!$D$14*0.6%*100%,0) -> 0 | L25: 설정비 | M25: =IF('운용리스 입력'!BB14=FALSE,'운용리스 입력'!$D$14*0.6%*100%,0) -> 0 | Q25: 설정비 | R25: =IF('운용리스 입력'!BB21=FALSE,'운용리스 입력'!$D$14*0.6%*100%,0) -> 0
H26: 토탈 수수료 | I26: =(I15+I16+J20+J21+J23+J24)/D22 -> 0.017204694 | M26: 토탈 수수료 | N26: =(N15+N16+O20+O21+O23+O24)/D22 -> 0.017204694 | R26: 토탈 수수료 | S26: =(S15+S16+T20+T21+T23+T24)/D22 -> 0.017204694
G27: 리스료 | H27: =H42 -> 1079400 | L27: 리스료 | M27: =M42 -> 971000 | Q27: 리스료 | R27: =R42 -> 882700
G28: 차세 | H28: =IF('운용리스 입력'!BB13=FALSE,0,'공채&차세'!$D$50) -> 0 | L28: 차세 | M28: =IF('운용리스 입력'!BB20=FALSE,0,'공채&차세'!$D$50) -> 0 | Q28: 차세 | R28: =IF('운용리스 입력'!BB27=FALSE,0,'공채&차세'!$D$50) -> 0
G29: 선납금차감분 | H29: =ROUNDDOWN((I7/H3),-1) -> 0 | L29: 선납금차감분 | M29: =ROUNDDOWN((N7/M3),-1) -> 0 | Q29: 선납금차감분 | R29: =ROUNDDOWN((S7/R3),-1) -> 0
G30: 최종리스료 | H30: =IF(I9<I8,"잔가 기준 내 가능",IF(I10>I8,"잔가 기준 내 가능",IF(I14="수수료 초과","수수료 초과",IF(H32<2.3%,"담당자 문의",IF(H6+H7>70.1%,"초기비용 70% 초과",IF(H6>50.1%,"보증금 50% 초과",IF(H7>50.1%,"선수금 50% 초과",IF(H6+H7+H8>100.1%,"초기비용+잔가 초과",IF(H43<0,"진행불가",""))))))))) | J30: =IF(H43+H28=H27-H29+H28,H43+H28,H27-H29+H28) -> 1079400 | L30: 최종리스료 | M30: =IF(N9<N8,"잔가 기준 내 가능",IF(N10>N8,"잔가 기준 내 가능",IF(N14="수수료 초과","수수료 초과",IF(M32<2.3%,"담당자 문의",IF(M6+M7>70.1%,"초기비용 70% 초과",IF(M6>50.1%,"보증금 50% 초과",IF(M7>50.1%,"선수금 50% 초과",IF(M6+M7+M8>100.1%,"초기비용+잔가 초과",IF(M43<0,"진행불가",""))))))))) | O30: =IF(M43+M28=M27-M29+M28,M43+M28,M27-M29+M28) -> 971000 | Q30: 최종리스료 | R30: =IF(S9<S8,"잔가 기준 내 가능",IF(S10>S8,"잔가 기준 내 가능",IF(S14="수수료 초과","수수료 초과",IF(R32<2.3%,"담당자 문의",IF(R6+R7>70.1%,"초기비용 70% 초과",IF(R6>50.1%,"보증금 50% 초과",IF(R7>50.1%,"선수금 50% 초과",IF(R6+R7+R8>100.1%,"초기비용+잔가 초과",IF(R43<0,"진행불가",""))))))))) | T30: =IF(R43+R28=R27-R29+R28,R43+R28,R27-R29+R28) -> 882700
G32: 금리 | H32: =RATE(H3,H42,(-$D$22+H12),I8)*12 -> 0.060221054 | L32: 금리 | M32: =RATE(M3,M42,(-$D$22+M12),N8)*12 -> 0.058680513 | Q32: 금리 | R32: =RATE(R3,R42,(-$D$22+R12),S8)*12 -> 0.057712436
G33: IRR | H33: =VLOOKUP($D$4,브랜드!$B$2:$C$29,2,FALSE)+IF(H6+H7>49.9999%,브랜드!C35,0%)+IF(H6+H7>59.9999%,브랜드!C36,0%)+IF(H6+H7>64.9999%,브랜드!C37,0%)+IF(H6+H7<10%,브랜드!C32,0%)+IF(D7="23MY",브랜드!C38,0%)+IF(H25>0,0.2%,0%)+IF(D6="Polestar 4 Long range Dual motor",1.7%,0%) -> 0.0525 | L33: IRR | M33: =VLOOKUP($D$4,브랜드!$B$2:$C$29,2,FALSE)+IF(M6+M7>49.9999%,브랜드!C35,0%)+IF(M6+M7>59.9999%,브랜드!C36,0%)+IF(M6+M7>64.9999%,브랜드!C37,0%)+IF(M6+M7<10%,브랜드!C32,0%)+IF(D7="23MY",브랜드!C38,0%)+IF(M25>0,0.2%,0%)+IF(D6="Polestar 4 Long range Dual motor",1.7%,0%) -> 0.0525 | Q33: IRR | R33: =VLOOKUP($D$4,브랜드!$B$2:$C$29,2,FALSE)+IF(R6+R7>49.9999%,브랜드!C35,0%)+IF(R6+R7>59.9999%,브랜드!C36,0%)+IF(R6+R7>64.9999%,브랜드!C37,0%)+IF(R6+R7<10%,브랜드!C32,0%)+IF(D7="23MY",브랜드!C38,0%)+IF(R25>0,0.2%,0%)+IF(D6="Polestar 4 Long range Dual motor",1.7%,0%) -> 0.0525
G35: 할인반영전리스료 | I35: =ROUNDUP(PMT(H33/12,H3,-$D$22+H12-I15-I16-J20-J21-J22-J23-J24-10000+I13-H25,I8),-2) -> 1079400 | L35: 할인반영전리스료 | N35: =ROUNDUP(PMT(M33/12,M3,-$D$22+M12-N15-N16-O20-O21-O22-O23-O24-10000+N13-M25,N8),-2) -> 971000 | Q35: 할인반영전리스료 | S35: =ROUNDUP(PMT(R33/12,R3,-$D$22+R12-S15-S16-T20-T21-T22-T23-T24-10000+S13-R25,S8),-2) -> 882700
G36: 보증금할인액 | H36: =IF(H12>0,0,I36/I35) -> 0 | I36: =I35-ROUNDUP(PMT(H33/12,H3,-$D$22+H12+I6-I15-I16-J20-J21-J22-J23-J24-10000+I13-H25,I8-I6),-2) -> 0 | L36: 보증금할인액 | M36: =IF(M12>0,0,N36/N35) -> 0 | N36: =N35-ROUNDUP(PMT(M33/12,M3,-$D$22+M12+N6-N15-N16-O20-O21-O22-O23-O24-10000+N13-M25,N8-N6),-2) -> 0 | Q36: 보증금할인액 | R36: =IF(R12>0,0,S36/S35) -> 0 | S36: =S35-ROUNDUP(PMT(R33/12,R3,-$D$22+R12+S6-S15-S16-T20-T21-T22-T23-T24-10000+S13-R25,S8-S6),-2) -> 0
G37: 장기선수금할인액 | H37: =IF(H12>0,0,I37/I35) -> 0 | I37: =I35-ROUNDUP(PMT(H33/12,H3,-$D$22+H12+I7-I15-I16-J20-J21-J22-J23-J24-10000+I13-H25,I8),-2) -> 0 | L37: 장기선수금할인액 | M37: =IF(M12>0,0,N37/N35) -> 0 | N37: =N35-ROUNDUP(PMT(M33/12,M3,-$D$22+M12+N7-N15-N16-O20-O21-O22-O23-O24-10000+N13-M25,N8),-2) -> 0 | Q37: 장기선수금할인액 | R37: =IF(R12>0,0,S37/S35) -> 0 | S37: =S35-ROUNDUP(PMT(R33/12,R3,-$D$22+R12+S7-S15-S16-T20-T21-T22-T23-T24-10000+S13-R25,S8),-2) -> 0
G42: 리스료(선납제외) | H42: =ROUNDDOWN(H43+(I7/H3),-1) -> 1079400 | L42: 리스료(선납제외) | M42: =ROUNDDOWN(M43+(N7/M3),-1) -> 971000 | Q42: 리스료(선납제외) | R42: =ROUNDDOWN(R43+(S7/R3),-1) -> 882700
G43: 리스료 | H43: =ROUNDUP(PMT(H33/12,H3,-$D$22+H12+I6+I7-I15-I16-J20-J21-J22-J23-J24-10000+I13-H25,I8-I6),-2) -> 1079400 | L43: 리스료 | M43: =ROUNDUP(PMT(M33/12,M3,-$D$22+M12+N6+N7-N15-N16-O20-O21-O22-O23-O24-10000+N13-M25,N8-N6),-2) -> 971000 | Q43: 리스료 | R43: =ROUNDUP(PMT(R33/12,R3,-$D$22+R12+S6+S7-S15-S16-T20-T21-T22-T23-T24-10000+S13-R25,S8-S6),-2) -> 882700

Sheet 금융리스 견적출력
AW3: ='금융리스 입력'!D2 -> 2025_09_V1
C4: 금 융 리 스 견 적 서 | BQ4: =TODAY() -> 45904
BS5: 담당자 | BW5: ='금융리스 입력'!D19 -> 메리츠캐피탈
AZ10: ='금융리스 입력'!D20 -> VIP 고객님 | BN10: 아래 견적 제안 드립니다.
C11: ▣ 차량정보
C12: 차종 | P12: ='금융리스 입력'!D4 -> BYD | AC12: ='금융리스 입력'!D6 -> ATTO 3 Plus | BW12: ='금융리스 입력'!D7 -> 0
C13: 기본 가격 | P13: ='금융리스 입력'!D8 -> 40000000 | AP13: 옵션 가격 | BD13: ='금융리스 입력'!D9 -> 0
C14: 할인 가격 | P14: ='금융리스 입력'!D10 -> 0 | AP14: 최종 가격 | BD14: ='금융리스 입력'!D11 -> 40000000
C16: ▣ 등록비용
C17: 등취득세 | P17: ='금융리스 입력'!D13 -> 1145450 | AP17: 공채비용 | BD17: ='금융리스 입력'!F15 -> 0
C18: 탁송료 | P18: ='금융리스 입력'!D16 -> 100000 | AP18: 부대비용 | BD18: ='금융리스 입력'!D17 -> 100000
C19: ="등록지역 "&'금융리스 입력'!E14 -> 등록지역 인천 | AP19: 등록비용 총합계 | BD19: ='금융리스 입력'!D18 -> 1345450
C21: ▣ 리스조건
C22: 구분 | R22: 조건 1 | AN22: 조건 2 | BJ22: 조건 3
C23: 이용 금액 | R23: ='금융리스 입력'!J4 -> 32000000 | AN23: ='금융리스 입력'!Q4 -> 32000000 | BJ23: ='금융리스 입력'!X4 -> 32000000
C24: 리스 기간 | R24: ='금융리스 입력'!J3 -> 36 | AN24: ='금융리스 입력'!Q3 -> 48 | BJ24: ='금융리스 입력'!X3 -> 60
C25: 차량 선수금 | R25: ='금융리스 내부'!H6 -> 0.2 | AA25: ='금융리스 내부'!I6 -> 8000000 | AN25: ='금융리스 내부'!M6 -> 0.2 | AW25: ='금융리스 내부'!N6 -> 8000000 | BJ25: ='금융리스 내부'!R6 -> 0.2 | BS25: ='금융리스 내부'!S6 -> 8000000
C26: 납부리스료 | R26: ='금융리스 입력'!J21 -> 973900 | AN26: ='금융리스 입력'!Q21 -> 751800 | BJ26: ='금융리스 입력'!X21 -> 618900
C27: 차량분 | R27: ='금융리스 입력'!J19 -> 973900 | AN27: ='금융리스 입력'!Q19 -> 751800 | BJ27: ='금융리스 입력'!X19 -> 618900
C28: 차세분 | R28: ='금융리스 입력'!J20 -> 0 | AN28: ='금융리스 입력'!Q20 -> 0 | BJ28: ='금융리스 입력'!X20 -> 0
C29: 초기 부담금 | R29: =AA25+BD19 -> 9345450 | AN29: =AW25+BD19 -> 9345450 | BJ29: =BS25+BD19 -> 9345450
C30: 금리 | R30: ='금융리스 입력'!J22 -> 0.060274464 | AN30: ='금융리스 입력'!Q22 -> 0.060190193 | BJ30: ='금융리스 입력'!X22 -> 0.060168231
C31: =IF('금융리스 입력'!BB8=TRUE,"유예금",IF('금융리스 입력'!BB13=TRUE,"유예금",IF('금융리스 입력'!BB18=TRUE,"유예금",""))) | R31: ='금융리스 내부'!H7 -> 0 | AA31: ='금융리스 내부'!I7 -> 0 | AN31: ='금융리스 내부'!M7 -> 0 | AW31: ='금융리스 내부'!N7 -> 0 | BJ31: ='금융리스 내부'!R7 -> 0 | BS31: ='금융리스 내부'!S7 -> 0
C33: 입금계좌
C35: ㆍ지방세법 개정에 따라 취득세는 시가표준액으로 인한 차액 발생될 수 있으며, 차액 금액은 고객 별도 부담입니다.
C36: ㆍ자차보험 및 보험 질권 설정 필수입니다. (차량가 100% / 질권자 메리츠캐피탈 주식회사 107-87-67865)
C37: ㆍ과태료, 범칙금, 정비료, 환경개선부담금, 자동차보험료, 자동차세(리스료 불포함시) 등은 고객 별도 부담이며, 리스 계약 만료시 차량 인수, 재리스(유예시) 중 선택 가능합니다.
C38: ㆍ중도상환 및 승계 진행 시 일정 수수료가 발생되며, 중도상환시 수수료(미회수원금 * 잔여기간/전체기간 * 3%) 발생합니다.
C39: ㆍ차량 인수시(소유권 이전) 당사매매대금 또는 구청기준과표로 취득세 발생됩니다.
C40: 서울특별시 영등포구 국제금융로 10, ThreeIFC 23층 메리츠캐피탈 주식회사 / T. 1588-9666 / https://www.meritzcapital.com

Sheet 금융리스 입력
B2: 금융리스 견적 | D2: ='운용리스 입력'!D2:G2 -> 2025_09_V1 | F2: 일자 | G2: =TODAY() -> 45904 | I2: 조건1 | P2: 조건2 | W2: 조건3 | BA2: 체크박스
B3: 제휴사 | D3: 기타 | I3: 기간 | J3: 36 | P3: 기간 | Q3: 48 | W3: 기간 | X3: 60 | BA3: 등취득세 | BB3: TRUE
B4: 브랜드 | D4: BYD | I4: 이용금액 | J4: ='금융리스 내부'!H4 -> 32000000 | P4: 이용금액 | Q4: ='금융리스 내부'!M4 -> 32000000 | W4: 이용금액 | X4: ='금융리스 내부'!R4 -> 32000000 | BA4: 공채비용 | BB4: TRUE
B5: 기본 모델 | D5: BYD | BA5: 탁송료 | BB5: TRUE
B6: 세부 모델 | D6: ATTO 3 Plus | I6: 선수금 | J6: 0.2 | L6: =D11*J6 -> 8000000 | P6: 선수금 | Q6: 0.2 | S6: =D11*Q6 -> 8000000 | W6: 선수금 | X6: 0.2 | Z6: =D11*X6 -> 8000000 | BA6: 부대비용 | BB6: TRUE
B7: 배기량 | D7: ='금융리스 내부'!D8:E8 -> 0 | I7: =IF(BB7=TRUE,"% 입력","금액 입력") -> % 입력 | J7: =L7/D11 -> 0.125 | L7: 5000000 | P7: =IF(BB12=TRUE,"% 입력","금액 입력") -> % 입력 | Q7: =S7/D11 -> 0.75 | S7: 30000000 | W7: =IF(BB17=TRUE,"% 입력","금액 입력") -> % 입력 | X7: =Z7/D11 -> 0.75 | Z7: 30000000 | BA7: 선수금1 | BB7: TRUE
B8: 차량 가격 | D8: 40000000 | BA8: 유예1 | BB8: FALSE | BC8: FALSE
B9: 옵션 가격 | D9: 0 | I9: 유예금 | J9: 0.15 | L9: =D11*J9 -> 6000000 | P9: 유예금 | Q9: 0.3 | S9: =D11*Q9 -> 12000000 | W9: 유예금 | X9: 0.3 | Z9: =D11*X9 -> 12000000 | BA9: 유예1-1 | BB9: FALSE
B10: 할인 가격 | D10: 0 | I10: =IF(BB9=TRUE,"% 입력","금액 입력") -> 금액 입력 | J10: =L10/D11 -> 0.25 | L10: 10000000 | P10: =IF(BB14=TRUE,"% 입력","금액 입력") -> 금액 입력 | Q10: =S10/D11 -> 0.75 | S10: 30000000 | W10: =IF(BB19=TRUE,"% 입력","금액 입력") -> 금액 입력 | X10: =Z10/D11 -> 0.75 | Z10: 30000000 | BA10: 차세1 | BB10: FALSE
B11: 차량가 최종 | D11: =D8+D9-D10 -> 40000000 | I11: 유예 최대 | J11: ='금융리스 내부'!H8 -> 0.3 | L11: ='금융리스 내부'!I8 -> 12000000 | P11: 유예 최대 | Q11: ='금융리스 내부'!M8 -> 0.2 | S11: ='금융리스 내부'!N8 -> 8000000 | W11: 유예 최대 | X11: ='금융리스 내부'!R8 -> 0.15 | Z11: ='금융리스 내부'!S8 -> 6000000 | BA11: 조건2 | BB11: TRUE
BA12: 선수금2 | BB12: TRUE
B13: 등록비용 | D13: =취득세!F6 -> 1145450 | I13: 이손금 | J13: 0 | P13: 이손금 | Q13: 0 | W13: 이손금 | X13: 0 | BA13: 유예2 | BB13: FALSE | BC13: FALSE
B14: 공채비용 | D14: 공채지역 | E14: 인천 | BA14: 유예2-2 | BB14: FALSE
D15: 공채할인 | E15: 0.09 | F15: ='공채&차세'!O4 -> 0 | I15: 수수료 Max | J15: ='금융리스 내부'!I12 -> 0.0225 | P15: 수수료 Max | Q15: ='금융리스 내부'!N12 -> 0.0225 | W15: 수수료 Max | X15: ='금융리스 내부'!S12 -> 0.0225 | BA15: 차세2 | BB15: FALSE
B16: 탁송료 | D16: 100000 | I16: CM수수료 | J16: 0 | L16: ='금융리스 내부'!I13 -> 0 | P16: CM수수료 | Q16: 0 | S16: ='금융리스 내부'!N13 -> 0 | W16: CM수수료 | X16: 0 | Z16: ='금융리스 내부'!S13 -> 0 | BA16: 조건3 | BB16: TRUE
B17: 부대비용 | D17: 100000 | I17: AG수수료 | J17: 0 | L17: ='금융리스 내부'!I14 -> 0 | P17: AG수수료 | Q17: 0 | S17: ='금융리스 내부'!N14 -> 0 | W17: AG수수료 | X17: 0 | Z17: ='금융리스 내부'!S14 -> 0 | BA17: 선수금3 | BB17: TRUE
B18: 등록비용 합산 | D18: =SUM(D13+F15+D16+D17) -> 1345450 | BA18: 유예3 | BB18: FALSE | BC18: FALSE
B19: 담당자 | D19: 메리츠캐피탈 | I19: 리스료 | J19: ='금융리스 내부'!H39 -> 973900 | P19: 리스료 | Q19: ='금융리스 내부'!M39 -> 751800 | W19: 리스료 | X19: ='금융리스 내부'!R39 -> 618900 | BA19: 유예3-3 | BB19: FALSE
B20: 고객명 | D20: VIP 고객님 | I20: 차세 | J20: ='금융리스 내부'!I20 -> 0 | P20: 차세 | Q20: ='금융리스 내부'!N20 -> 0 | W20: 차세 | X20: ='금융리스 내부'!S20 -> 0 | BA20: 차세3 | BB20: FALSE
C21: 노란색 부분만 입력하면 됩니다. | I21: 최종리스료 | J21: =IF(J4<20000000,"20,000,000 이하 불가",'금융리스 내부'!I21) -> 973900 | P21: 최종리스료 | Q21: =IF(Q4<20000000,"20,000,000 이하 불가",'금융리스 내부'!N21) -> 751800 | W21: 최종리스료 | X21: =IF(X4<20000000,"20,000,000 이하 불가",'금융리스 내부'!S21) -> 618900
C22: 체크 선택시 입력값 변동 됩니다. | I22: 금리 | J22: ='금융리스 내부'!H23 -> 0.060274464 | P22: 금리 | Q22: ='금융리스 내부'!M23 -> 0.060190193 | W22: 금리 | X22: ='금융리스 내부'!R23 -> 0.060168231

Sheet 금융리스 내부
G2: 조건1 | L2: 조건2 | Q2: 조건3
B3: ='금융리스 입력'!$D$2 -> 2025_09_V1 | D3: 견적일자 | E3: =TODAY() -> 45904 | G3: 기간 | H3: ='금융리스 입력'!J3 -> 36 | L3: 기간 | M3: ='금융리스 입력'!Q3 -> 48 | Q3: 기간 | R3: ='금융리스 입력'!X3 -> 60
B4: 제휴사 | D4: ='금융리스 입력'!D3:G3 -> 기타 | G4: 이용금액 | H4: =IF('금융리스 입력'!BB7=TRUE,D13-H6*D13,D13-I6) -> 32000000 | L4: 이용금액 | M4: =IF('금융리스 입력'!BB12=TRUE,D13-M6*D13,D13-N6) -> 32000000 | Q4: 이용금액 | R4: =IF('금융리스 입력'!BB17=TRUE,D13-R6*D13,D13-S6) -> 32000000
B5: 브랜드 | D5: ='금융리스 입력'!D4:G4 -> BYD
B6: 기본모델 | D6: ='금융리스 입력'!D5:G5 -> BYD | G6: 선수금 | H6: =IF('금융리스 입력'!BB7=TRUE,'금융리스 입력'!J6,'금융리스 입력'!L7/'금융리스 입력'!D11) -> 0.2 | I6: =IF('금융리스 입력'!BB7=FALSE,'금융리스 입력'!L7,D13*H6) -> 8000000 | L6: 선수금 | M6: =IF('금융리스 입력'!BB12=TRUE,'금융리스 입력'!Q6,'금융리스 입력'!S7/'금융리스 입력'!D11) -> 0.2 | N6: =IF('금융리스 입력'!BB12=FALSE,'금융리스 입력'!S7,D13*M6) -> 8000000 | Q6: 선수금 | R6: =IF('금융리스 입력'!BB17=TRUE,'금융리스 입력'!X6,'금융리스 입력'!Z7/'금융리스 입력'!D11) -> 0.2 | S6: =IF('금융리스 입력'!BB17=FALSE,'금융리스 입력'!Z7,D13*R6) -> 8000000
B7: 세부모델 | D7: ='금융리스 입력'!D6:G6 -> ATTO 3 Plus | G7: 유예최종 | H7: =IF('금융리스 입력'!BB8=TRUE,'금융리스 내부'!H9,0) -> 0 | I7: =IF('금융리스 입력'!BB8=TRUE,'금융리스 내부'!I9,0) -> 0 | L7: 유예최종 | M7: =IF('금융리스 입력'!BB13=TRUE,'금융리스 내부'!M9,0) -> 0 | N7: =IF('금융리스 입력'!BB13=TRUE,'금융리스 내부'!N9,0) -> 0 | Q7: 유예최종 | R7: =IF('금융리스 입력'!BB18=TRUE,'금융리스 내부'!R9,0) -> 0 | S7: =IF('금융리스 입력'!BB18=TRUE,'금융리스 내부'!S9,0) -> 0
B8: 배기량 | D8: =VLOOKUP($D$7,차종!E7:G1310,3,FALSE) -> 0 | G8: 유예최대 | H8: =VLOOKUP(H3,잔가!J41:K45,2,0) -> 0.3 | I8: =D13*H8 -> 12000000 | L8: 유예최대 | M8: =VLOOKUP(M3,잔가!J41:K45,2,0) -> 0.2 | N8: =$D$13*M8 -> 8000000 | Q8: 유예최대 | R8: =VLOOKUP(R3,잔가!J41:K45,2,0) -> 0.15 | S8: =$D$13*R8 -> 6000000
G9: 유예금2 | H9: =IF('금융리스 입력'!BB9=TRUE,'금융리스 입력'!J9,'금융리스 입력'!L10/'금융리스 입력'!D11) -> 0.25 | I9: =IF('금융리스 입력'!BB9=FALSE,'금융리스 입력'!L7,D13*H9) -> 5000000 | L9: 유예금2 | M9: =IF('금융리스 입력'!BB14=TRUE,'금융리스 입력'!Q9,'금융리스 입력'!S10/'금융리스 입력'!D11) -> 0.75 | N9: =IF('금융리스 입력'!BB14=FALSE,'금융리스 입력'!S7,D13*M9) -> 30000000 | Q9: 유예금2 | R9: =IF('금융리스 입력'!BB19=TRUE,'금융리스 입력'!X9,'금융리스 입력'!Z10/'금융리스 입력'!D11) -> 0.75 | S9: =IF('금융리스 입력'!BB19=FALSE,'금융리스 입력'!Z7,D13*R9) -> 30000000
B10: 차량가 | D10: ='금융리스 입력'!D8:G8 -> 40000000
B11: 옵션 | D11: ='금융리스 입력'!D9:G9 -> 0 | G11: 이손금 | I11: ='금융리스 입력'!J13 -> 0 | L11: 이손금 | N11: ='금융리스 입력'!Q13 -> 0 | Q11: 이손금 | S11: ='금융리스 입력'!X13 -> 0
B12: 할인가 | D12: ='금융리스 입력'!D10:G10 -> 0 | H12: CM/AG 최대 | I12: =IF((I13+I14+J16+J17)/H4>2.25%,"수수료 초과",2.25%-(J16+J17)/H4) -> 0.0225 | M12: CM/AG 최대 | N12: =IF((N13+N14+O16+O17)/M4>2.25%,"수수료 초과",2.25%-(O16+O17)/M4) -> 0.0225 | R12: CM/AG 최대 | S12: =IF((S13+S14+T16+T17)/R4>2.25%,"수수료 초과",2.25%-(T16+T17)/R4) -> 0.0225
B13: 차량가최종 | D13: ='금융리스 입력'!D11:G11 -> 40000000 | G13: CM수수료 | H13: ='금융리스 입력'!J16 -> 0 | I13: =ROUNDDOWN((H13*$H$4),-1) -> 0 | L13: CM수수료 | M13: ='금융리스 입력'!Q16 -> 0 | N13: =ROUNDDOWN((M13*$M$4),-1) -> 0 | Q13: CM수수료 | R13: ='금융리스 입력'!X16 -> 0 | S13: =ROUNDDOWN((R13*$R$4),-1) -> 0
G14: AG수수료 | H14: ='금융리스 입력'!J17 -> 0 | I14: =ROUNDDOWN((H14*$H$4),-1) -> 0 | L14: AG수수료 | M14: ='금융리스 입력'!Q17 -> 0 | N14: =ROUNDDOWN((M14*$M$4),-1) -> 0 | Q14: AG수수료 | R14: ='금융리스 입력'!X17 -> 0 | S14: =ROUNDDOWN((R14*$R$4),-1) -> 0
B15: 등취득세 | D15: ='금융리스 입력'!D13:G13 -> 1145450
B16: 공채 | D16: ='금융리스 입력'!E14 -> 인천 | G16: 제휴사 수수료 | H16: =$D$4 -> 기타 | I16: =VLOOKUP($D$4,딜러사!$J$6:$L$25,3,FALSE)-딜러사!F28-딜러사!F29 -> 0 | J16: =I16*H4 -> 0 | L16: 제휴사 수수료 | M16: =$D$4 -> 기타 | N16: =VLOOKUP($D$4,딜러사!$J$6:$L$25,3,FALSE)-딜러사!F28-딜러사!F29 -> 0 | O16: =N16*M4 -> 0 | Q16: 제휴사 수수료 | R16: =$D$4 -> 기타 | S16: =VLOOKUP($D$4,딜러사!$J$6:$L$25,3,FALSE)-딜러사!F28-딜러사!F29 -> 0 | T16: =S16*R4 -> 0
D17: ='금융리스 입력'!E15 -> 0.09 | E17: ='금융리스 입력'!F15 -> 0 | G17: 본부장 수수료 | H17: =IF(D4="브리티시오토",D4,IF(D4="모터원","모터원담당","")) | I17: =IF(D4="브리티시오토",0.2%,IF(D4="모터원",0.2%,0)) -> 0 | J17: =I17*H4 -> 0 | L17: 본부장 수수료 | M17: =IF(D4="브리티시오토",D4,IF(D4="모터원","모터원담당","")) | N17: =IF(D4="브리티시오토",0.2%,IF(D4="모터원",0.2%,0)) -> 0 | O17: =N17*M4 -> 0 | Q17: 본부장 수수료 | R17: =IF(D4="브리티시오토",D4,IF(D4="모터원","모터원담당","")) | S17: =IF(D4="브리티시오토",0.2%,IF(D4="모터원",0.2%,0)) -> 0 | T17: =S17*R4 -> 0
B18: 탁송료 | D18: ='금융리스 입력'!D16:G16 -> 100000 | H18: 토탈수수료 | I18: =(I13+I14+J16+J17)/H4 -> 0 | M18: 토탈수수료 | N18: =(N13+N14+O16+O17)/M4 -> 0 | R18: 토탈수수료 | S18: =(S13+S14+T16+T17)/R4 -> 0
B19: 부대비 | D19: ='금융리스 입력'!D17:G17 -> 100000 | G19: 리스료 | I19: =H39 -> 973900 | L19: 리스료 | N19: =M39 -> 751800 | Q19: 리스료 | S19: =R39 -> 618900
B20: 등록비합산 | D20: ='금융리스 입력'!D18:G18 -> 1345450 | G20: 차세 | I20: =IF('금융리스 입력'!BB10=FALSE,0,'공채&차세'!M50) -> 0 | L20: 차세 | N20: =IF('금융리스 입력'!BB15=FALSE,0,'공채&차세'!M50) -> 0 | Q20: 차세 | S20: =IF('금융리스 입력'!BB20=FALSE,0,'공채&차세'!M50) -> 0
G21: 최종리스료 | I21: =I19+I20 -> 973900 | L21: 최종리스료 | N21: =N19+N20 -> 751800 | Q21: 최종리스료 | S21: =S19+S20 -> 618900
G23: 금리 | H23: =RATE(H3,H39,-H4,I7,0,0.00001)*12 -> 0.060274464 | L23: 금리 | M23: =RATE(M3,M39,-M4,N7,0,0.00001)*12 -> 0.060190193 | Q23: 금리 | R23: =RATE(R3,R39,-R4,S7,0,0.00001)*12 -> 0.060168231
G24: IRR | H24: =VLOOKUP($D$5,브랜드!$B$2:$D$29,3,FALSE) -> 0.06 | L24: IRR | M24: =VLOOKUP($D$5,브랜드!$B$2:$D$29,3,FALSE) -> 0.06 | Q24: IRR | R24: =VLOOKUP($D$5,브랜드!$B$2:$D$29,3,FALSE) -> 0.06
G39: 리스료 | H39: =ROUNDUP(PMT(H24/12,H3,-H4-I13-I14-10000-J16-J17+I11,I7),-2) -> 973900 | L39: 리스료 | M39: =ROUNDUP(PMT(M24/12,M3,-M4-N13-N14-10000-O16-O17+N11,N7),-2) -> 751800 | Q39: 리스료 | R39: =ROUNDUP(PMT(R24/12,R3,-R4-S13-S14-T16-10000-T17+S11,S7),-2) -> 618900

Sheet 할부 견적출력
AW4: ='금융리스 입력'!D2 -> 2025_09_V1
C5: 오 토 할 부 견 적 서 | BQ5: =TODAY() -> 45904
BS6: 담당자 | BW6: ='할부 입력'!D19 -> 메리츠캐피탈 담당자
AZ11: ='할부 입력'!D20 -> VIP 고객님 | BN11: 아래 견적 제안 드립니다.
C12: ▣ 차량정보
C13: 차종 | P13: ='할부 입력'!D4 -> BYD | AC13: ='할부 입력'!D6 -> ATTO 3 | BW13: ='할부 입력'!D7 -> 0
C14: 기본 가격 | P14: ='할부 입력'!D8 -> 39000000 | AP14: 옵션 가격 | BD14: ='할부 입력'!D9 -> 0
C15: 할인 가격 | P15: ='할부 입력'!D10 -> 0 | AP15: 최종 가격 | BD15: ='할부 입력'!D11 -> 39000000
C18: ▣ 등록비용
C19: 등취득세 | P19: ='할부 입력'!D13 -> 1081810 | AC19: 공채비용 | AP19: ='할부 입력'!F15 -> 0 | BD19: 등록비용 총합계 | BR19: ='할부 입력'!D18 -> 1281810
C20: 탁송료 | P20: ='할부 입력'!D16 -> 100000 | AC20: 부대비용 | AP20: ='할부 입력'!D17 -> 100000
C23: ▣ 할부조건
C24: 구분 | R24: 조건 1 | AN24: 조건 2 | BJ24: 조건 3
C25: 이용 금액 | R25: ='할부 입력'!J4 -> 35100000 | AN25: ='할부 입력'!Q4 -> 29000000 | BJ25: ='할부 입력'!X4 -> 31200000
C26: 리스 기간 | R26: ='할부 입력'!J3 -> 36 | AN26: ='할부 입력'!Q3 -> 48 | BJ26: ='할부 입력'!X3 -> 60
C27: 차량 선수금 | R27: ='할부 내부'!H6 -> 0.1 | AA27: ='할부 내부'!I6 -> 3900000 | AN27: ='할부 내부'!M6 -> 0.25641026 | AW27: ='할부 내부'!N6 -> 10000000 | BJ27: ='할부 내부'!R6 -> 0.2 | BS27: ='할부 내부'!S6 -> 7800000
C28: 월 납입금 | R28: ='할부 입력'!J19 -> 1074300 | AN28: ='할부 입력'!Q19 -> 685200 | BJ28: ='할부 입력'!X19 -> 606900
C29: 금리 | R29: ='할부 입력'!J20 -> 0.064073228 | AN29: ='할부 입력'!Q20 -> 0.063103599 | BJ29: ='할부 입력'!X20 -> 0.062557024
C30: 초기 부담금 | R30: =AA27+BR19+R32 -> 5181810 | AN30: =AW27+BR19+AN32 -> 11281810 | BJ30: =BS27+BR19+BJ32 -> 9081810
C31: 차량설정금액 | R31: ='할부 입력'!J21 -> 1 | AA31: ='할부 입력'!J21*'할부 입력'!J4 -> 35100000 | AN31: ='할부 입력'!Q21 -> 1 | AW31: ='할부 입력'!Q21*'할부 입력'!Q4 -> 29000000 | BJ31: ='할부 입력'!X21 -> 1 | BS31: ='할부 입력'!X21*'할부 입력'!X4 -> 31200000
C32: 인지세 | R32: ='할부 입력'!J22 -> 0 | AN32: ='할부 입력'!Q22 -> 0 | BJ32: ='할부 입력'!X22 -> 0
C33: =IF('할부 입력'!BB8=TRUE,"잔존가치",IF('할부 입력'!BB11=TRUE,"잔존가치",IF('할부 입력'!BB14=TRUE,"잔존가치",""))) | R33: ='할부 내부'!H7 -> 0 | AA33: ='할부 내부'!I7 -> 0 | AN33: ='할부 내부'!M7 -> 0 | AW33: ='할부 내부'!N7 -> 0 | BJ33: ='할부 내부'!R7 -> 0 | BS33: ='할부 내부'!S7 -> 0
C35: 입금계좌
C37: ㆍ지방세법 개정에 따라 취득세는 시가표준액으로 인한 차액 발생될 수 있으며, 차액 금액은 고객 별도 부담입니다.
C38: ㆍ과태료, 범칙금, 정비료, 환경개선부담금, 자동차보험료, 자동차세 등은 고객 부담입니다.
C39: ㆍ중도상환 진행 시 일정 수수료가 발생되며, 중도상환시 수수료(미회수원금 * 잔여기간/전체기간 * 2%) 발생합니다.
C40: 서울특별시 영등포구 국제금융로 10, ThreeIFC 23층 메리츠캐피탈 주식회사 / T. 1588-9666 / https://www.meritzcapital.com

Sheet 할부 입력
B2: 할부 견적 | D2: ='운용리스 입력'!D2:G2 -> 2025_09_V1 | F2: 일자 | G2: =TODAY() -> 45904 | I2: 조건1 | P2: 조건2 | W2: 조건3 | BA2: 체크박스
B3: 제휴사 | D3: 기타 | I3: 기간 | J3: 36 | P3: 기간 | Q3: 48 | W3: 기간 | X3: 60 | BA3: 등취득세 | BB3: TRUE
B4: 브랜드 | D4: BYD | I4: 이용금액 | J4: ='할부 내부'!H4 -> 35100000 | P4: 이용금액 | Q4: ='할부 내부'!M4 -> 29000000 | W4: 이용금액 | X4: ='할부 내부'!R4 -> 31200000 | BA4: 공채비용 | BB4: TRUE
B5: 기본 모델 | D5: BYD | BA5: 탁송료 | BB5: TRUE
B6: 세부 모델 | D6: ATTO 3 | I6: 선수금 | J6: 0.1 | L6: =D11*J6 -> 3900000 | P6: 선수금 | Q6: 0.5 | S6: =D11*Q6 -> 19500000 | W6: 선수금 | X6: 0.2 | Z6: =D11*X6 -> 7800000 | BA6: 부대비용 | BB6: TRUE
B7: 배기량 | D7: ='할부 내부'!D8:E8 -> 0 | I7: =IF(BB7=TRUE,"% 입력","금액 입력") -> % 입력 | J7: =L7/D11 -> 0.25641026 | L7: 10000000 | P7: =IF(BB10=TRUE,"% 입력","금액 입력") -> 금액 입력 | Q7: =S7/D11 -> 0.25641026 | S7: 10000000 | W7: =IF(BB13=TRUE,"% 입력","금액 입력") -> % 입력 | X7: =Z7/D11 -> 0.76923077 | Z7: 30000000 | BA7: 선수금1 | BB7: TRUE
B8: 차량 가격 | D8: 39000000 | BA8: 잔가1 | BB8: FALSE | BC8: FALSE
B9: 옵션 가격 | D9: 0 | I9: 잔가 | J9: 0.15 | L9: =D11*J9 -> 5850000 | P9: 잔가 | Q9: 0.2 | S9: =D11*Q9 -> 7800000 | W9: 잔가 | X9: 0.3 | Z9: =D11*X9 -> 11700000 | BA9: 잔가1-1 | BB9: FALSE
B10: 할인 가격 | D10: 0 | I10: =IF(BB9=TRUE,"% 입력","금액 입력") -> 금액 입력 | J10: =L10/D11 -> 0.25641026 | L10: 10000000 | P10: =IF(BB12=TRUE,"% 입력","금액 입력") -> 금액 입력 | Q10: =S10/D11 -> 0.76923077 | S10: 30000000 | W10: =IF(BB15=TRUE,"% 입력","금액 입력") -> 금액 입력 | X10: =Z10/D11 -> 0.76923077 | Z10: 30000000 | BA10: 선수금2 | BB10: FALSE
B11: 차량가 최종 | D11: =D8+D9-D10 -> 39000000 | I11: 잔가 최대 | J11: ='할부 내부'!H8 -> 0.3 | L11: ='할부 내부'!I8 -> 11700000 | P11: 잔가 최대 | Q11: ='할부 내부'!M8 -> 0.2 | S11: ='할부 내부'!N8 -> 7800000 | W11: 잔가 최대 | X11: ='할부 내부'!R8 -> 0.15 | Z11: ='할부 내부'!S8 -> 5850000 | BA11: 잔가2 | BB11: FALSE | BC11: FALSE
BA12: 잔가2-2 | BB12: FALSE
B13: 등록비용 | D13: =취득세!I6 -> 1081810 | I13: 이손금 | J13: 0 | P13: 이손금 | Q13: 0 | W13: 이손금 | X13: 0 | BA13: 선수금3 | BB13: TRUE
B14: 공채비용 | D14: 공채지역 | E14: 서울 | BA14: 잔가3 | BB14: FALSE | BC14: FALSE
D15: 공채할인 | E15: 0.09 | F15: ='공채&차세'!X4 -> 0 | I15: 수수료 Max | J15: ='할부 내부'!I12 -> 0.0225 | P15: 수수료 Max | Q15: ='할부 내부'!N12 -> 0.0225 | W15: 수수료 Max | X15: ='할부 내부'!S12 -> 0.0225 | BA15: 잔가3-3 | BB15: FALSE
B16: 탁송료 | D16: 100000 | I16: CM수수료 | J16: 0 | L16: ='할부 내부'!I13 -> 0 | P16: CM수수료 | Q16: 0 | S16: ='할부 내부'!N13 -> 0 | W16: CM수수료 | X16: 0 | Z16: ='할부 내부'!S13 -> 0
B17: 부대비용 | D17: 100000 | I17: AG수수료 | J17: 0 | L17: ='할부 내부'!I14 -> 0 | P17: AG수수료 | Q17: 0 | S17: ='할부 내부'!N14 -> 0 | W17: AG수수료 | X17: 0 | Z17: ='할부 내부'!S14 -> 0
B18: 등록비용 합산 | D18: =SUM(D13+F15+D16+D17) -> 1281810
B19: 담당자 | D19: 메리츠캐피탈 담당자 | I19: 할부금 | J19: =IF(J4<20000000,"20,000,000 이하 불가",'할부 내부'!H25) -> 1074300 | P19: 할부금 | Q19: =IF(Q4<20000000,"20,000,000 이하 불가",'할부 내부'!M25) -> 685200 | W19: 할부금 | X19: =IF(X4<20000000,"20,000,000 이하 불가",'할부 내부'!R25) -> 606900
B20: 고객명 | D20: VIP 고객님 | I20: 금리 | J20: ='할부 내부'!H21 -> 0.064073228 | P20: 금리 | Q20: ='할부 내부'!M21 -> 0.063103599 | W20: 금리 | X20: ='할부 내부'!R21 -> 0.062557024
C21: 노란색 부분만 입력하면 됩니다. | I21: 설정율 | J21: 1 | P21: 설정율 | Q21: 1 | W21: 설정율 | X21: 1
C22: 체크 선택시 입력값 변동 됩니다. | I22: 인지세 | J22: ='할부 내부'!I16 -> 0 | P22: 인지세 | Q22: ='할부 내부'!N16 -> 0 | W22: 인지세 | X22: ='할부 내부'!S16 -> 0

Sheet 할부 내부
G2: 조건1 | L2: 조건2 | Q2: 조건3
B3: ='운용리스 입력'!D2 -> 2025_09_V1 | D3: 견적일자 | E3: =TODAY() -> 45904 | G3: 기간 | H3: ='할부 입력'!J3 -> 36 | L3: 기간 | M3: ='할부 입력'!Q3 -> 48 | Q3: 기간 | R3: ='할부 입력'!X3 -> 60
B4: 제휴사 | D4: ='할부 입력'!D3 -> 기타 | G4: 이용금액 | H4: =IF('할부 입력'!BB7=TRUE,D13-H6*D13,D13-I6) -> 35100000 | L4: 이용금액 | M4: =IF('할부 입력'!BB10=TRUE,D13-M6*D13,D13-N6) -> 29000000 | Q4: 이용금액 | R4: =IF('할부 입력'!BB13=TRUE,D13-R6*D13,D13-S6) -> 31200000
B5: 브랜드 | D5: ='할부 입력'!D4 -> BYD
B6: 기본모델 | D6: ='할부 입력'!D5 -> BYD | G6: 선수금 | H6: =IF('할부 입력'!BB7=TRUE,'할부 입력'!J6,'할부 입력'!L7/'할부 입력'!D11) -> 0.1 | I6: =IF('할부 입력'!BB7=FALSE,'할부 입력'!L7,D13*H6) -> 3900000 | L6: 선수금 | M6: =IF('할부 입력'!BB10=TRUE,'할부 입력'!Q6,'할부 입력'!S7/'할부 입력'!D11) -> 0.25641026 | N6: =IF('할부 입력'!BB10=FALSE,'할부 입력'!S7,D13*M6) -> 10000000 | Q6: 선수금 | R6: =IF('할부 입력'!BB13=TRUE,'할부 입력'!X6,'할부 입력'!Z7/'할부 입력'!D11) -> 0.2 | S6: =IF('할부 입력'!BB13=FALSE,'할부 입력'!Z7,D13*R6) -> 7800000
B7: 세부모델 | D7: ='할부 입력'!D6 -> ATTO 3 | G7: 잔가최종 | H7: =IF('할부 입력'!BB8=TRUE,'할부 내부'!H9,0) -> 0 | I7: =IF('할부 입력'!BB8=TRUE,'할부 내부'!I9,0) -> 0 | L7: 잔가최종 | M7: =IF('할부 입력'!BB11=TRUE,'할부 내부'!M9,0) -> 0 | N7: =IF('할부 입력'!BB11=TRUE,'할부 내부'!N9,0) -> 0 | Q7: 잔가최종 | R7: =IF('할부 입력'!BB14=TRUE,'할부 내부'!R9,0) -> 0 | S7: =IF('할부 입력'!BB14=TRUE,'할부 내부'!S9,0) -> 0
B8: 배기량 | D8: =VLOOKUP($D$7,차종!E7:G1310,3,FALSE) -> 0 | G8: 잔가최대 | H8: =VLOOKUP(H3,잔가!J41:K45,2,0) -> 0.3 | I8: =D13*H8 -> 11700000 | L8: 잔가최대 | M8: =VLOOKUP(M3,잔가!J41:K45,2,0) -> 0.2 | N8: =$D$13*M8 -> 7800000 | Q8: 잔가최대 | R8: =VLOOKUP(R3,잔가!J41:K45,2,0) -> 0.15 | S8: =$D$13*R8 -> 5850000
G9: 잔가2 | H9: =IF('할부 입력'!BB9=TRUE,'할부 입력'!J9,'할부 입력'!L10/'할부 입력'!D11) -> 0.25641026 | I9: =IF('할부 입력'!BB9=FALSE,'할부 입력'!L7,D13*H9) -> 10000000 | L9: 잔가2 | M9: =IF('할부 입력'!BB12=TRUE,'할부 입력'!Q9,'할부 입력'!S10/'할부 입력'!D11) -> 0.76923077 | N9: =IF('할부 입력'!BB12=FALSE,'할부 입력'!S7,D13*M9) -> 10000000 | Q9: 잔가2 | R9: =IF('할부 입력'!BB15=TRUE,'할부 입력'!X9,'할부 입력'!Z10/'할부 입력'!D11) -> 0.76923077 | S9: =IF('할부 입력'!BB15=FALSE,'할부 입력'!Z7,D13*R9) -> 30000000
B10: 차량가 | D10: ='할부 입력'!D8 -> 39000000
B11: 옵션 | D11: ='할부 입력'!D9 -> 0 | G11: 이손금 | I11: ='금융리스 입력'!J13 -> 0 | L11: 이손금 | N11: ='금융리스 입력'!Q13 -> 0 | Q11: 이손금 | S11: ='금융리스 입력'!X13 -> 0
B12: 할인가 | D12: ='할부 입력'!D10 -> 0 | H12: CM/AG 최대 | I12: =IF((I13+I14+J17+J18+I15)/H4>2.25%,"수수료 초과",2.25%-(J17+J18+I15)/H4) -> 0.0225 | M12: CM/AG 최대 | N12: =IF((N13+N14+O17+O18+N15)/M4>2.25%,"수수료 초과",2.25%-(O17+O18+N15)/M4) -> 0.0225 | R12: CM/AG 최대 | S12: =IF((S13+S14+T17+T18+S15)/R4>2.25%,"수수료 초과",2.25%-(T17+T18+S15)/R4) -> 0.0225
B13: 차량가최종 | D13: ='할부 입력'!D11 -> 39000000 | G13: CM수수료 | H13: ='할부 입력'!J16 -> 0 | I13: =ROUNDDOWN((H13*$H$4),-1) -> 0 | L13: CM수수료 | M13: ='할부 입력'!Q16 -> 0 | N13: =ROUNDDOWN((M13*$M$4),-1) -> 0 | Q13: CM수수료 | R13: ='할부 입력'!X16 -> 0 | S13: =ROUNDDOWN((R13*$R$4),-1) -> 0
G14: AG수수료 | H14: ='할부 입력'!J17 -> 0 | I14: =ROUNDDOWN((H14*$H$4),-1) -> 0 | L14: AG수수료 | M14: ='할부 입력'!Q17 -> 0 | N14: =ROUNDDOWN((M14*$M$4),-1) -> 0 | Q14: AG수수료 | R14: ='할부 입력'!X17 -> 0 | S14: =ROUNDDOWN((R14*$R$4),-1) -> 0
B15: 등취득세 | D15: ='할부 입력'!D13 -> 1081810 | G15: 잔가보장수수료 | I15: 0 | L15: 잔가보장수수료 | N15: 0 | Q15: 잔가보장수수료 | S15: 0
B16: 공채 | D16: ='할부 입력'!E14 -> 서울 | G16: 인지세 | I16: =IF(H4<100000001,IF(H4<50000001,0,35000),75000) -> 0 | L16: 인지세 | N16: =IF(M4<100000001,IF(M4<50000001,0,35000),75000) -> 0 | Q16: 인지세 | S16: =IF(R4<100000001,IF(R4<50000001,0,35000),75000) -> 0
D17: ='할부 입력'!E15 -> 0.09 | E17: ='할부 입력'!F15 -> 0 | G17: 제휴사 수수료 | H17: =$D$4 -> 기타 | I17: =VLOOKUP($D$4,딜러사!$J$6:$L$25,3,FALSE)-딜러사!G28-딜러사!G29 -> 0 | J17: =ROUNDDOWN((I17*H4),-1) -> 0 | L17: 제휴사 수수료 | M17: =$D$4 -> 기타 | N17: =VLOOKUP($D$4,딜러사!$J$6:$L$25,3,FALSE)-딜러사!G28-딜러사!G29 -> 0 | O17: =ROUNDDOWN((N17*M4),-1) -> 0 | Q17: 제휴사 수수료 | R17: =$D$4 -> 기타 | S17: =VLOOKUP($D$4,딜러사!$J$6:$L$25,3,FALSE)-딜러사!G28-딜러사!G29 -> 0 | T17: =ROUNDDOWN((S17*R4),-1) -> 0
B18: 탁송료 | D18: ='할부 입력'!D16:G16 -> 100000 | G18: 본부장 수수료 | H18: =IF(D4="브리티시오토",D4,IF(D4="모터원","모터원담당","")) | I18: =IF(D4="브리티시오토",0.2%,IF(D4="모터원",0.2%,0)) -> 0 | J18: =ROUNDDOWN((I18*H4),-1) -> 0 | L18: 본부장 수수료 | M18: =IF(D4="브리티시오토",D4,IF(D4="모터원","모터원담당","")) | N18: =IF(D4="브리티시오토",0.2%,IF(D4="모터원",0.2%,0)) -> 0 | O18: =ROUNDDOWN((N18*M4),-1) -> 0 | Q18: 본부장 수수료 | R18: =IF(D4="브리티시오토",D4,IF(D4="모터원","모터원담당","")) | S18: =IF(D4="브리티시오토",0.2%,IF(D4="모터원",0.2%,0)) -> 0 | T18: =ROUNDDOWN((S18*R4),-1) -> 0
B19: 부대비 | D19: ='할부 입력'!D17:G17 -> 100000 | H19: 토탈수수료 | I19: =(I13+I14+J17+J18)/H4 -> 0 | M19: 토탈수수료 | N19: =(N13+N14+O17+O18)/M4 -> 0 | R19: 토탈수수료 | S19: =(S13+S14+T17+T18)/R4 -> 0
B20: 등록비합산 | D20: ='할부 입력'!D18:G18 -> 1281810 | G20: 할부금 | I20: =H25 -> 1074300 | L20: 할부금 | N20: =M25 -> 685200 | Q20: 할부금 | S20: =R25 -> 606900
G21: 금리 | H21: =RATE(H3,H25,-H4,I7,0,0.00001)*12 -> 0.064073228 | L21: 금리 | M21: =RATE(M3,M25,-M4,N7,0,0.00001)*12 -> 0.063103599 | Q21: 금리 | R21: =RATE(R3,R25,-R4,S7,0,0.00001)*12 -> 0.062557024
G22: IRR | H22: =VLOOKUP($D$5,브랜드!$B$2:$E$29,4,FALSE) -> 0.06 | L22: IRR | M22: =VLOOKUP($D$5,브랜드!$B$2:$E$29,4,FALSE) -> 0.06 | Q22: IRR | R22: =VLOOKUP($D$5,브랜드!$B$2:$E$29,4,FALSE) -> 0.06
G23: 설정율 | H23: ='할부 입력'!J21 -> 1 | I23: =H4*0.6%*H23 -> 210600 | L23: 설정율 | M23: ='할부 입력'!Q21 -> 1 | N23: =M4*0.6%*M23 -> 174000 | Q23: 설정율 | R23: ='할부 입력'!X21 -> 1 | S23: =R4*0.6%*R23 -> 187200
G25: 할부금 | H25: =ROUNDUP(PMT(H22/12,H3,-H4-I13-I14-I16-I15-I23-J17-J18+I11,I7),-2) -> 1074300 | L25: 할부금 | M25: =ROUNDUP(PMT(M22/12,M3,-M4-N13-N14-N16-N15-N23-O17-O18+N11,N7),-2) -> 685200 | Q25: 할부금 | R25: =ROUNDUP(PMT(R22/12,R3,-R4-S13-S14-S16-S15-S23-T17-T18+S11,S7),-2) -> 606900

Sheet 브랜드
B1: 브랜드 | C1: 운용 | D1: 금융 | E1: 할부
B2: Audi | C2: 0.0505 | D2: 0.058 | E2: 0.058 | G2: Audi | H2: A3 | I2: BMW | J2: 1_series | K2: Ford | L2: Mustang | M2: Landrover | N2: Defender | O2: Peugeot | P2: 208 | Q2: Volkswagen | R2: Jetta | S2: Astonmartine | T2: Vantage
B3: Benz | C3: 0.0505 | D3: 0.055 | E3: 0.055 | G3: Audi | H3: A4 | I3: BMW | J3: 2_series | K3: Ford | L3: Explorer | M3: Landrover | N3: Discovery | O3: Peugeot | P3: 308 | Q3: Volkswagen | R3: Arteon | S3: Astonmartine | T3: DB11
B4: BMW | C4: 0.0505 | D4: 0.055 | E4: 0.055 | G4: Audi | H4: A5 | I4: BMW | J4: 3_series | K4: Ford | L4: Expedition | M4: Landrover | N4: Range_Rover_Evoque | O4: Peugeot | P4: 408 | Q4: Volkswagen | R4: Tiguan | S4: Astonmartine | T4: DBS_Superleggera
B5: Cadillac | C5: 0.054 | D5: 0.054 | E5: 0.054 | G5: Audi | H5: A6 | I5: BMW | J5: 4_series | K5: Ford | L5: Bronco | M5: Landrover | N5: Range_Rover_Velar | O5: Peugeot | P5: 508 | Q5: Volkswagen | R5: Touareg | S5: Astonmartine | T5: Rapide_S
B6: Citroen | C6: 0.058 | D6: 0.06 | E6: 0.06 | G6: Audi | H6: A7 | I6: BMW | J6: 5_series | K6: Ford | L6: Corsair | M6: Landrover | N6: Range_Rover_Sport | O6: Peugeot | P6: 2008 | Q6: Volkswagen | R6: T_Roc | S6: Astonmartine | T6: DBX
B7: Ford | C7: 0.058 | D7: 0.06 | E7: 0.06 | G7: Audi | H7: A8 | I7: BMW | J7: 6_series | K7: Ford | L7: MKZ | M7: Landrover | N7: Range_Rover | O7: Peugeot | P7: 3008 | Q7: Volkswagen | R7: Passat
B8: Honda | C8: 0.058 | D8: 0.06 | E8: 0.06 | G8: Audi | H8: Q2 | I8: BMW | J8: 7_series | K8: Ford | L8: Continental | O8: Peugeot | P8: 5008 | Q8: Volkswagen | R8: ID.3
B9: Jaguar | C9: 0.058 | D9: 0.06 | E9: 0.06 | G9: Audi | H9: Q3 | I9: BMW | J9: 8_series | K9: Ford | L9: Navigator | Q9: Volkswagen | R9: Golf | S9: Bentley | T9: Bentayga
B10: Jeep | C10: 0.058 | D10: 0.06 | E10: 0.06 | G10: Audi | H10: Q4 | I10: BMW | J10: X1 | K10: Ford | L10: Mondeo | Q10: Volkswagen | R10: T_Cross | S10: Bentley | T10: FlyingSpur
B11: Landrover | C11: 0.054 | D11: 0.054 | E11: 0.054 | G11: Audi | H11: Q5 | I11: BMW | J11: X2 | K11: Ford | L11: Nautilus | M11: Lexus | N11: CT | O11: Porsche | P11: 718 | Q11: Volkswagen | R11: ID.4 | S11: Bentley | T11: Continental
B12: Lexus | C12: 0.058 | D12: 0.06 | E12: 0.06 | G12: Audi | H12: Q6 | I12: BMW | J12: X3 | K12: Ford | L12: Aviator | M12: Lexus | N12: IS | O12: Porsche | P12: 911 | Q12: Volkswagen | R12: Teramont | S12: Bentley | T12: Mulsanne
B13: Maserati | C13: 0.058 | D13: 0.06 | E13: 0.06 | G13: Audi | H13: Q7 | I13: BMW | J13: X4 | K13: Ford | L13: Ranger | M13: Lexus | N13: ES | O13: Porsche | P13: Panamera | Q13: Volkswagen | R13: ID.ROOMZZ
B14: Mini | C14: 0.058 | D14: 0.06 | E14: 0.06 | G14: Audi | H14: Q8 | I14: BMW | J14: X5 | M14: Lexus | N14: GS | O14: Porsche | P14: Taycan | Q14: Volkswagen | R14: ID.5
B15: Peugeot | C15: 0.058 | D15: 0.06 | E15: 0.06 | G15: Audi | H15: e_tron | I15: BMW | J15: X6 | M15: Lexus | N15: LS | O15: Porsche | P15: Macan | Q15: Volkswagen | R15: Atlas | S15: Ferrari | T15: 488
B16: Polestar | C16: 0.075 | D16: 0.075 | E16: 0.075 | G16: Audi | H16: R8 | I16: BMW | J16: X7 | K16: Honda | L16: Accord | M16: Lexus | N16: RC | O16: Porsche | P16: MacanEV | S16: Ferrari | T16: 812
B17: Porsche | C17: 0.0505 | D17: 0.054 | E17: 0.054 | I17: BMW | J17: M | K17: Honda | L17: Civic | M17: Lexus | N17: LC | O17: Porsche | P17: Cayenne | S17: Ferrari | T17: 296
B18: Tesla | C18: 0.058 | D18: 0.06 | E18: 0.06 | I18: BMW | J18: i | K18: Honda | L18: CR_V | M18: Lexus | N18: UX | S18: Ferrari | T18: F8
B19: Toyota | C19: 0.058 | D19: 0.06 | E19: 0.06 | I19: BMW | J19: Z | K19: Honda | L19: HR_V | M19: Lexus | N19: NX | O19: Tesla | P19: Model_S | Q19: Volvo | R19: S60 | S19: Ferrari | T19: GTC4
B20: Volkswagen | C20: 0.058 | D20: 0.06 | E20: 0.06 | K20: Honda | L20: Odyssey | M20: Lexus | N20: RX | O20: Tesla | P20: Model_X | Q20: Volvo | R20: S90 | S20: Ferrari | T20: Portofino
B21: Volvo | C21: 0.0505 | D21: 0.054 | E21: 0.054 | G21: Benz | H21: A_class | K21: Honda | L21: Pilot | M21: Lexus | N21: RZ | Q21: Volvo | R21: V40 | S21: Ferrari | T21: Roma
B22: BYD | C22: X | D22: 0.06 | E22: 0.06 | G22: Benz | H22: C_class | I22: Cadillac | J22: CT4 | M22: Lexus | N22: LM | Q22: Volvo | R22: V60 | S22: Ferrari | T22: SF90
G23: Benz | H23: E_class | I23: Cadillac | J23: CT5 | M23: Lexus | N23: LX | O23: Toyota | P23: 86 | Q23: Volvo | R23: V90
B24: Astonmartine | C24: 0 | D24: 0 | E24: 0 | G24: Benz | H24: S_class | I24: Cadillac | J24: CT6 | K24: Jaguar | L24: E_Pace | O24: Toyota | P24: Avalon | Q24: Volvo | R24: XC40
B25: Bentley | C25: 0 | D25: 0 | E25: 0 | G25: Benz | H25: CLA | I25: Cadillac | J25: XT4 | K25: Jaguar | L25: F_Pace | M25: Maserati | N25: Ghibli | O25: Toyota | P25: Camry | Q25: Volvo | R25: XC60 | S25: Lamborghini | T25: Aventador
B26: Ferrari | C26: 0 | D26: 0 | E26: 0 | G26: Benz | H26: CLE | I26: Cadillac | J26: XT5 | K26: Jaguar | L26: F_Type | M26: Maserati | N26: Quattroporte | O26: Toyota | P26: Crown | Q26: Volvo | R26: XC90 | S26: Lamborghini | T26: HuracanEVO
B27: Lamborghini | C27: 0 | D27: 0 | E27: 0 | G27: Benz | H27: CLS | I27: Cadillac | J27: XT6 | K27: Jaguar | L27: I_Pace | M27: Maserati | N27: Levante | O27: Toyota | P27: Prius | Q27: Volvo | R27: C40 | S27: Lamborghini | T27: Urus
B28: Mclaren | C28: 0 | D28: 0 | E28: 0 | G28: Benz | H28: GLA | I28: Cadillac | J28: Lyriq | K28: Jaguar | L28: XE | M28: Maserati | N28: Grecale | O28: Toyota | P28: GR | Q28: Volvo | R28: EX30
B29: Rollsroyce | C29: 0 | D29: 0 | E29: 0 | G29: Benz | H29: GLB | I29: Cadillac | J29: Escalade | K29: Jaguar | L29: XF | M29: Maserati | N29: GranTurismo | O29: Toyota | P29: RAV4 | Q29: Volvo | R29: EX40
G30: Benz | H30: GLC | K30: Jaguar | L30: XJ | M30: Maserati | N30: GranCabrio | O30: Toyota | P30: Sienna | S30: Mclaren | T30: 570S
G31: Benz | H31: GLE | M31: Maserati | N31: MC20 | O31: Toyota | P31: Alphard | Q31: Polestar | R31: 2 | S31: Mclaren | T31: 570GT
B32: 저보증금 10% 미만 | C32: 0.002 | G32: Benz | H32: GLS | I32: Citroen | J32: Citroen | R32: 4 | S32: Mclaren | T32: 600LT
B33: 40%이상 | C33: 0 | G33: Benz | H33: G | K33: Jeep | L33: Cherokee | S33: Mclaren | T33: 720S
B34: 45%이상 | C34: 0 | G34: Benz | H34: GT | K34: Jeep | L34: Compass | M34: Mini | N34: Clubman | O34: BYD | P34: BYD | S34: Mclaren | T34: 765LT
B35: 50%이상 | C35: 0.005 | G35: Benz | H35: EQA | K35: Jeep | L35: Renegade | M35: Mini | N35: Hatch | S35: Mclaren | T35: GT
B36: 60%이상 | C36: 0.005 | G36: Benz | H36: EQB | K36: Jeep | L36: Wrangler | M36: Mini | N36: Countryman | S36: Mclaren | T36: Artura
B37: 65%이상 | C37: 0.005 | G37: Benz | H37: EQC | K37: Jeep | L37: Gladiator | M37: Mini | N37: Convertible
B38: 23MY | C38: 0.003 | G38: Benz | H38: EQE | K38: Jeep | L38: Avenger | M38: Mini | N38: Aceman
B39: ='운용리스 입력'!D5&'운용리스 입력'!D6 -> Audie_tron | G39: Benz | H39: EQS | M39: Mini | N39: Electric | S39: Rollsroyce | T39: Cullinan
B40: ='금융리스 입력'!D4&'금융리스 입력'!D5 -> BYDBYD | G40: Benz | H40: SL | S40: Rollsroyce | T40: Dawn
B41: ='할부 입력'!D4&'할부 입력'!D5 -> BYDBYD | G41: Benz | H41: SLC | S41: Rollsroyce | T41: Ghost_Series
S42: Rollsroyce | T42: Phantom
S43: Rollsroyce | T43: Spectre
S44: Rollsroyce | T44: Wraith

Sheet 차종
E3: =VLOOKUP($D$7,차종!E7:G1145,3,FALSE) -> #N/A
E5: 1 | F5: 2 | G5: 3 | H5: 4 | I5: 5 | J5: 6 | K5: 7 | L5: 8 | M5: 9 | N5: 10 | O5: 11 | P5: 12 | Q5: 13
B6: Maker | C6: Model1 | D6: Moder2 | E6: Model3 | F6: 차량가격(원) | G6: 배기량(cc) | H6: 유종 | I6: 취득세 | J6: 웨스트 | K6: 오토준 | L6: APS | M6: VGS | N6: 공채 | O6: 고잔가 여부 | P6: 고잔가추가 15,000 | Q6: 고잔가추가1 10,000 | ZU6: 만든이 박성훈 1989.02.28
B7: Audi | C7: A3 | D7: =+B7&C7 -> AudiA3 | E7: A3 40 TFSI | F7: 41600000 | G7: 1984 | H7: 가솔린 | I7: 승용 | J7: B | L7: K | N7: 승용
B8: Audi | C8: A3 | D8: =+B8&C8 -> AudiA3 | E8: A3 40 TFSI Premium | F8: 45600000 | G8: 1984 | H8: 가솔린 | I8: 승용 | J8: B | L8: K | N8: 승용
B9: Audi | C9: A3 | D9: =+B9&C9 -> AudiA3 | E9: S3 TFSI | F9: 59640000 | G9: 1984 | H9: 가솔린 | I9: 승용 | J9: E | L9: L | N9: 승용
B10: Audi | C10: A3 | D10: =+B10&C10 -> AudiA3 | E10: RS3 Quattro | F10: 76950000 | G10: 2480 | H10: 가솔린 | I10: 승용 | J10: I | L10: T | N10: 승용
B11: Audi | C11: A4 | D11: =+B11&C11 -> AudiA4 | E11: A4 35 TDI | F11: 51318000 | G11: 1968 | H11: 디젤 | I11: 승용 | J11: B | L11: K | N11: 승용
B12: Audi | C12: A4 | D12: =+B12&C12 -> AudiA4 | E12: A4 35 TDI Premium | F12: 59550000 | G12: 1968 | H12: 디젤 | I12: 승용 | J12: B | L12: K | N12: 승용
B13: Audi | C13: A4 | D13: =+B13&C13 -> AudiA4 | E13: A4 40 TDI Qu. Premium | F13: 65440000 | G13: 1968 | H13: 디젤 | I13: 승용 | J13: B | L13: K | N13: 승용
B14: Audi | C14: A4 | D14: =+B14&C14 -> AudiA4 | E14: A4 40 TFSI | F14: 53170000 | G14: 1984 | H14: 가솔린 | I14: 승용 | J14: B | L14: K | N14: 승용
B15: Audi | C15: A4 | D15: =+B15&C15 -> AudiA4 | E15: A4 40 TFSI Premium | F15: 58570000 | G15: 1984 | H15: 가솔린 | I15: 승용 | J15: B | L15: K | N15: 승용
B16: Audi | C16: A4 | D16: =+B16&C16 -> AudiA4 | E16: A4 45 TFSI Qu. Premium | F16: 65930000 | G16: 1984 | H16: 가솔린 | I16: 승용 | J16: B | L16: K | N16: 승용
B17: Audi | C17: A4 | D17: =+B17&C17 -> AudiA4 | E17: S4 TFSI | F17: 81830000 | G17: 2995 | H17: 가솔린 | I17: 승용 | J17: E | L17: L | N17: 승용
B18: Audi | C18: A5 | D18: =+B18&C18 -> AudiA5 | E18: A5 35 TDI Premium Sportback | F18: 60940000 | G18: 1968 | H18: 디젤 | I18: 승용 | J18: B | L18: K | N18: 승용
... B81: Audi | C81: Q5 | D81: =+B81&C81 -> AudiQ5 | E81: SQ5 TFSI Sportback | F81: 95580000 | G81: 2995 | H81: 가솔린 | I81: RV(5인이하) | J81: D | L81: L | N81: RV(5인이하)
B82: Audi | C82: Q6 | D82: =+B82&C82 -> AudiQ6 | E82: Q6 e-tron Performance | F82: 82900000 | G82: 0 | H82: 전기 | I82: 전기 | L82: K | N82: RV(5인이하)
B83: Audi | C83: Q6 | D83: =+B83&C83 -> AudiQ6 | E83: Q6 e-tron Performance Premium | F83: 89900000 | G83: 0 | H83: 전기 | I83: 전기 | L83: K | N83: RV(5인이하)
B84: Audi | C84: Q6 | D84: =+B84&C84 -> AudiQ6 | E84: Q6 e-tron Qu. Performance | F84: 106900000 | G84: 0 | H84: 전기 | I84: 전기 | L84: K | N84: RV(5인이하)
B85: Audi | C85: Q6 | D85: =+B85&C85 -> AudiQ6 | E85: SQ6 e-tron | F85: 115900000 | G85: 0 | H85: 전기 | I85: 전기 | L85: L | N85: RV(5인이하)
B86: Audi | C86: Q7 | D86: =+B86&C86 -> AudiQ7 | E86: Q7 45 TDI Qu. | F86: 98970000 | G86: 2967 | H86: 디젤 | I86: RV(5인이하) | J86: D | K86: F | L86: H | N86: RV(7-10인)
B87: Audi | C87: Q7 | D87: =+B87&C87 -> AudiQ7 | E87: Q7 45 TDI Qu. Premium | F87: 104720000 | G87: 2967 | H87: 디젤 | I87: RV(5인이하) | J87: D | K87: F | L87: H | N87: RV(7-10인)
B88: Audi | C88: Q7 | D88: =+B88&C88 -> AudiQ7 | E88: Q7 50 TDI Qu. | F88: 118600000 | G88: 2967 | H88: 디젤 | I88: RV(5인이하) | J88: D | K88: F | L88: H | N88: RV(7-10인)
B89: Audi | C89: Q7 | D89: =+B89&C89 -> AudiQ7 | E89: Q7 50 TDI Qu. Premium | F89: 124000000 | G89: 2967 | H89: 디젤 | I89: RV(5인이하) | J89: D | K89: F | L89: H | N89: RV(7-10인)
B90: Audi | C90: Q7 | D90: =+B90&C90 -> AudiQ7 | E90: Q7 55 TFSI Qu. | F90: 115600000 | G90: 2995 | H90: 가솔린 | I90: RV(5인이하) | J90: D | K90: F | L90: H | N90: RV(7-10인)
B91: Audi | C91: Q7 | D91: =+B91&C91 -> AudiQ7 | E91: Q7 55 TFSI Qu. Premium | F91: 121000000 | G91: 2995 | H91: 가솔린 | I91: RV(5인이하) | J91: D | K91: F | L91: H | N91: RV(7-10인)
B92: Audi | C92: Q7 | D92: =+B92&C92 -> AudiQ7 | E92: SQ7 TFSI | F92: 141900000 | G92: 3996 | H92: 가솔린 | I92: RV(5인이하) | J92: H | L92: L | N92: RV(7-10인)
B93: Audi | C93: Q8 | D93: =+B93&C93 -> AudiQ8 | E93: Q8 45 TDI Qu. | F93: 101980000 | G93: 2967 | H93: 디젤 | I93: RV(5인이하) | J93: E | K93: F | L93: I | N93: RV(5인이하)
B94: Audi | C94: Q8 | D94: =+B94&C94 -> AudiQ8 | E94: Q8 45 TDI Qu. Premium | F94: 108920000 | G94: 2967 | H94: 디젤 | I94: RV(5인이하) | J94: E | K94: F | L94: I | N94: RV(5인이하)
B95: Audi | C95: Q8 | D95: =+B95&C95 -> AudiQ8 | E95: Q8 50 TDI Qu. | F95: 121920000 | G95: 2967 | H95: 디젤 | I95: RV(5인이하) | J95: E | K95: F | L95: I | N95: RV(5인이하)
B96: Audi | C96: Q8 | D96: =+B96&C96 -> AudiQ8 | E96: Q8 50 TDI Qu. Premium | F96: 121920000 | G96: 2967 | H96: 디젤 | I96: RV(5인이하) | J96: E | K96: F | L96: I | N96: RV(5인이하)
B97: Audi | C97: Q8 | D97: =+B97&C97 -> AudiQ8 | E97: Q8 55 TFSI Qu. | F97: 123420000 | G97: 2995 | H97: 가솔린 | I97: RV(5인이하) | J97: E | K97: F | L97: I | N97: RV(5인이하)
B98: Audi | C98: Q8 | D98: =+B98&C98 -> AudiQ8 | E98: Q8 55 TFSI Qu. Premium | F98: 123420000 | G98: 2995 | H98: 가솔린 | I98: RV(5인이하) | J98: E | K98: F | L98: I | N98: RV(5인이하)
B99: Audi | C99: Q8 | D99: =+B99&C99 -> AudiQ8 | E99: SQ8 TDI | F99: 138800000 | G99: 3956 | H99: 디젤 | I99: RV(5인이하) | J99: H | L99: X | N99: RV(5인이하)
B100: Audi | C100: Q8 | D100: =+B100&C100 -> AudiQ8 | E100: RS Q8 | F100: 179220000 | G100: 3996 | H100: 가솔린 | I100: RV(5인이하) | J100: I | L100: S | N100: RV(5인이하)
B101: Audi | C101: Q8 | D101: =+B101&C101 -> AudiQ8 | E101: Q8 e-tron 50 Qu. | F101: 108600000 | G101: 0 | H101: 전기 | I101: RV(5인이하) | J101: H | L101: T | N101: RV(5인이하)
B102: Audi | C102: Q8 | D102: =+B102&C102 -> AudiQ8 | E102: Q8 e-tron 55 Qu. | F102: 120600000 | G102: 0 | H102: 전기 | I102: RV(5인이하) | J102: H | L102: T | N102: RV(5인이하)
B103: Audi | C103: Q8 | D103: =+B103&C103 -> AudiQ8 | E103: Q8 e-tron 55 Qu. Premiem | F103: 131600000 | G103: 0 | H103: 전기 | I103: RV(5인이하) | J103: H | L103: T | N103: RV(5인이하)
B104: Audi | C104: Q8 | D104: =+B104&C104 -> AudiQ8 | E104: Q8 e-tron 55 Qu. Sportback | F104: 124600000 | G104: 0 | H104: 전기 | I104: RV(5인이하) | J104: H | L104: T | N104: RV(5인이하)
B105: Audi | C105: Q8 | D105: =+B105&C105 -> AudiQ8 | E105: Q8 e-tron 55 Qu. Premiem Sportback | F105: 135600000 | G105: 0 | H105: 전기 | I105: RV(5인이하) | J105: H | L105: T | N105: RV(5인이하)
B106: Audi | C106: Q8 | D106: =+B106&C106 -> AudiQ8 | E106: SQ8 e-tron | F106: 154600000 | G106: 0 | H106: 전기 | I106: RV(5인이하) | J106: H | L106: T | N106: RV(5인이하)
B107: Audi | C107: e_tron | D107: =+B107&C107 -> Audie_tron | E107: A6 e-tron Performance Advanced | F107: 98360000 | G107: 0 | H107: 전기 | I107: 승용 | J107: H | L107: H | N107: 승용
B108: Audi | C108: e_tron | D108: =+B108&C108 -> Audie_tron | E108: A6 e-tron Performance S-line | F108: 98360000 | G108: 0 | H108: 전기 | I108: 승용 | J108: H | L108: H | N108: 승용
B109: Audi | C109: e_tron | D109: =+B109&C109 -> Audie_tron | E109: S6 e-tron | F109: 98360000 | G109: 0 | H109: 전기 | I109: 승용 | J109: H | L109: H | N109: 승용
B110: Audi | C110: e_tron | D110: =+B110&C110 -> Audie_tron | E110: e-tron 50 Qu. | F110: 98360000 | G110: 0 | H110: 전기 | I110: RV(5인이하) | J110: H | L110: X | N110: RV(5인이하)
... B119: Audi | C119: R8 | D119: =+B119&C119 -> AudiR8 | E119: R8 5.2 V10 | F119: 255690000 | G119: 5204 | H119: 가솔린 | I119: 승용 | J119: I | L119: X | N119: 승용
D120: =+B120&C120
D121: =+B121&C121
D122: =+B122&C122
D123: =+B123&C123
B124: Benz | C124: A_class | D124: =+B124&C124 -> BenzA_class | E124: A 220 Hatchback | F124: 40600000 | G124: 1991 | H124: 가솔린 | I124: 승용 | J124: S | L124: C | N124: 승용
B125: Benz | C125: A_class | D125: =+B125&C125 -> BenzA_class | E125: A 220 Sedan | F125: 42000000 | G125: 1991 | H125: 가솔린 | I125: 승용 | J125: S | L125: C | N125: 승용
B126: Benz | C126: A_class | D126: =+B126&C126 -> BenzA_class | E126: A 200d | F126: 41600000 | G126: 1950 | H126: 디젤 | I126: 승용 | J126: S | L126: C | N126: 승용
B127: Benz | C127: A_class | D127: =+B127&C127 -> BenzA_class | E127: A 250 4MATIC | F127: 50900000 | G127: 1991 | H127: 가솔린 | I127: 승용 | J127: S | L127: C | N127: 승용
B128: Benz | C128: A_class | D128: =+B128&C128 -> BenzA_class | E128: A 200 AMG Line | F128: 39300000 | G128: 1950 | H128: 가솔린 | I128: 승용 | J128: S | L128: C | N128: 승용
B129: Benz | C129: A_class | D129: =+B129&C129 -> BenzA_class | E129: AMG A 35 4MATIC | F129: 62700000 | G129: 1991 | H129: 가솔린 | I129: 승용 | J129: D | K129: M | N129: 승용
B130: Benz | C130: A_class | D130: =+B130&C130 -> BenzA_class | E130: AMG A 45 4MATIC+ Hatchback | F130: 70900000 | G130: 1991 | H130: 가솔린 | I130: 승용 | J130: D | K130: M | N130: 승용
B131: Benz | C131: C_class | D131: =+B131&C131 -> BenzC_class | E131: C 200 | F131: 61200000 | G131: 1999 | H131: 가솔린 | I131: 승용 | J131: A | L131: C | N131: 승용
B132: Benz | C132: C_class | D132: =+B132&C132 -> BenzC_class | E132: C 200 Avantgarde | F132: 55100000 | G132: 1991 | H132: 가솔린 | I132: 승용 | J132: A | L132: C | N132: 승용
B133: Benz | C133: C_class | D133: =+B133&C133 -> BenzC_class | E133: C 200 AMG Line | F133: 59200000 | G133: 1991 | H133: 가솔린 | I133: 승용 | J133: A | L133: C | N133: 승용
B134: Benz | C134: C_class | D134: =+B134&C134 -> BenzC_class | E134: C 200 Coupe | F134: 63700000 | G134: 1991 | H134: 가솔린 | I134: 승용 | J134: C | L134: H | N134: 승용
B135: Benz | C135: C_class | D135: =+B135&C135 -> BenzC_class | E135: C 200 Cabriolet | F135: 68900000 | G135: 1991 | H135: 가솔린 | I135: 승용 | J135: C | L135: E | N135: 승용
B136: Benz | C136: C_class | D136: =+B136&C136 -> BenzC_class | E136: C 200 4MATIC Avantgarde | F136: 61500000 | G136: 1999 | H136: 가솔린 | I136: 승용 | J136: A | L136: C | N136: 승용
B137: Benz | C137: C_class | D137: =+B137&C137 -> BenzC_class | E137: C 200 4MATIC Exclusive | F137: 58100000 | G137: 1991 | H137: 가솔린 | I137: 승용 | J137: A | L137: C | N137: 승용
B138: Benz | C138: C_class | D138: =+B138&C138 -> BenzC_class | E138: C 200 4MATIC AMG Line | F138: 58800000 | G138: 1991 | H138: 가솔린 | I138: 승용 | J138: A | L138: C | N138: 승용
B139: Benz | C139: C_class | D139: =+B139&C139 -> BenzC_class | E139: C 300 4MATIC Avantgarde | F139: 67100000 | G139: 1999 | H139: 가솔린 | I139: 승용 | J139: A | L139: C | N139: 승용
B140: Benz | C140: C_class | D140: =+B140&C140 -> BenzC_class | E140: C 300 4MATIC AMG Line | F140: 72800000 | G140: 1999 | H140: 가솔린 | I140: 승용 | J140: A | L140: C | N140: 승용
B141: Benz | C141: C_class | D141: =+B141&C141 -> BenzC_class | E141: C 220d | F141: 54600000 | G141: 1950 | H141: 디젤 | I141: 승용 | J141: A | L141: C | N141: 승용
B142: Benz | C142: C_class | D142: =+B142&C142 -> BenzC_class | E142: C 220d Coupe | F142: 59300000 | G142: 1950 | H142: 디젤 | I142: 승용 | J142: C | L142: H | N142: 승용
... B147: Benz | C147: C_class | D147: =+B147&C147 -> BenzC_class | E147: C 220d 4MATIC Coupe | F147: 64100000 | G147: 1950 | H147: 디젤 | I147: 승용 | J147: C | L147: H | N147: 승용
B148: Benz | C148: C_class | D148: =+B148&C148 -> BenzC_class | E148: AMG C 43 4MATIC | F148: 86600000 | G148: 2996 | H148: 가솔린 | I148: 승용 | J148: D | K148: M | N148: 승용
B149: Benz | C149: C_class | D149: =+B149&C149 -> BenzC_class | E149: AMG C 43 4MATIC Coupe | F149: 95200000 | G149: 2996 | H149: 가솔린 | I149: 승용 | J149: D | K149: M | N149: 승용
B150: Benz | C150: C_class | D150: =+B150&C150 -> BenzC_class | E150: AMG C 43 4MATIC Cabriolet | F150: 92500000 | G150: 2996 | H150: 가솔린 | I150: 승용 | J150: D | K150: M | N150: 승용
B151: Benz | C151: C_class | D151: =+B151&C151 -> BenzC_class | E151: AMG C 63 | F151: 116500000 | G151: 3982 | H151: 가솔린 | I151: 승용 | J151: D | K151: M | N151: 승용
B152: Benz | C152: C_class | D152: =+B152&C152 -> BenzC_class | E152: AMG C 63 S | F152: 128000000 | G152: 3982 | H152: 가솔린 | I152: 승용 | J152: D | K152: M | N152: 승용
B153: Benz | C153: C_class | D153: =+B153&C153 -> BenzC_class | E153: AMG C 63 Coupe | F153: 120500000 | G153: 3982 | H153: 가솔린 | I153: 승용 | J153: D | K153: M | N153: 승용
B154: Benz | C154: C_class | D154: =+B154&C154 -> BenzC_class | E154: AMG C 63 S Coupe | F154: 141600000 | G154: 3982 | H154: 가솔린 | I154: 승용 | J154: D | K154: M | N154: 승용
B155: Benz | C155: C_class | D155: =+B155&C155 -> BenzC_class | E155: AMG C 63 Cabriolet | F155: 126400000 | G155: 3982 | H155: 가솔린 | I155: 승용 | J155: D | K155: M | N155: 승용
B156: Benz | C156: C_class | D156: =+B156&C156 -> BenzC_class | E156: C 300e 4MATIC AMG Line | F156: 69000000 | G156: 1991 | H156: 가솔린 | I156: 승용 | J156: C | L156: C | N156: 승용
B157: Benz | C157: C_class | D157: =+B157&C157 -> BenzC_class | E157: C 350e | F157: 64900000 | G157: 1991 | H157: 가솔린 | I157: 승용 | J157: C | L157: C | N157: 승용
B158: Benz | C158: CLA | D158: =+B158&C158 -> BenzCLA | E158: CLA 220 AMG Line | F158: 45300000 | G158: 1991 | H158: 가솔린 | I158: 승용 | J158: A | L158: D | N158: 승용
B159: Benz | C159: CLA | D159: =+B159&C159 -> BenzCLA | E159: CLA 250 4MATIC | F159: 59900000 | G159: 1991 | H159: 가솔린 | I159: 승용 | J159: A | L159: D | N159: 승용
B160: Benz | C160: CLA | D160: =+B160&C160 -> BenzCLA | E160: CLA 250 4MATIC AMG Line | F160: 52200000 | G160: 1991 | H160: 가솔린 | I160: 승용 | J160: A | L160: D | N160: 승용
B161: Benz | C161: CLA | D161: =+B161&C161 -> BenzCLA | E161: AMG CLA 45 S 4MATIC+ | F161: 87700000 | G161: 1991 | H161: 가솔린 | I161: 승용 | J161: E | K161: M | L161: L | N161: 승용
B162: Benz | C162: CLE | D162: =+B162&C162 -> BenzCLE | E162: CLE 200 Coupe | F162: 72700000 | G162: 1999 | H162: 가솔린 | I162: 승용 | L162: E | N162: 승용
B163: Benz | C163: CLE | D163: =+B163&C163 -> BenzCLE | E163: CLE 450 4MATIC Coupe | F163: 96000000 | G163: 2999 | H163: 가솔린 | I163: 승용 | L163: E | N163: 승용
B164: Benz | C164: CLE | D164: =+B164&C164 -> BenzCLE | E164: CLE 200 Cabriolet | F164: 78800000 | G164: 1999 | H164: 가솔린 | I164: 승용 | L164: E | N164: 승용
B165: Benz | C165: CLE | D165: =+B165&C165 -> BenzCLE | E165: CLE 450 4MATIC Cabriolet | F165: 100800000 | G165: 2999 | H165: 가솔린 | I165: 승용 | L165: E | N165: 승용
B166: Benz | C166: CLE | D166: =+B166&C166 -> BenzCLE | E166: AMG CLE 53 4Matic | F166: 0 | G166: 2999 | H166: 가솔린 | I166: 승용 | K166: M | L166: S | N166: 승용
B167: Benz | C167: CLE | D167: =+B167&C167 -> BenzCLE | E167: AMG CLE 53 4Matic Cabriolet | F167: 0 | G167: 2999 | H167: 가솔린 | I167: 승용 | K167: M | L167: S | N167: 승용
B168: Benz | C168: CLS | D168: =+B168&C168 -> BenzCLS | E168: CLS 400d 4MATIC | F168: 101600000 | G168: 2925 | H168: 디젤 | I168: 승용 | J168: B | L168: E | N168: 승용
B169: Benz | C169: CLS | D169: =+B169&C169 -> BenzCLS | E169: CLS 400d 4MATIC AMG Line | F169: 107500000 | G169: 2925 | H169: 디젤 | I169: 승용 | J169: B | L169: E | N169: 승용
B170: Benz | C170: CLS | D170: =+B170&C170 -> BenzCLS | E170: CLS 300d 4MATIC | F170: 93700000 | G170: 1993 | H170: 디젤 | I170: 승용 | J170: A | L170: E | N170: 승용
B171: Benz | C171: CLS | D171: =+B171&C171 -> BenzCLS | E171: CLS 450 4MATIC | F171: 114100000 | G171: 2999 | H171: 가솔린 | I171: 승용 | J171: B | L171: E | N171: 승용
B172: Benz | C172: CLS | D172: =+B172&C172 -> BenzCLS | E172: CLS 450 4MATIC designo Exclusive edition | F172: 122600000 | G172: 2999 | H172: 가솔린 | I172: 승용 | J172: B | L172: E | N172: 승용
B173: Benz | C173: CLS | D173: =+B173&C173 -> BenzCLS | E173: AMG CLS 53 4MATIC+ | F173: 131100000 | G173: 2999 | H173: 가솔린 | I173: 승용 | J173: D | K173: M | L173: M | N173: 승용
B174: Benz | C174: CLS | D174: =+B174&C174 -> BenzCLS | E174: AMG CLS 53 4MATIC+ Edition | F174: 133100000 | G174: 2999 | H174: 가솔린 | I174: 승용 | J174: D | K174: M | L174: M | N174: 승용
B175: Benz | C175: E_class | D175: =+B175&C175 -> BenzE_class | E175: E 200 Avantgarde | F175: 73900000 | G175: 1999 | H175: 가솔린 | I175: 승용 | J175: A | L175: SA1 | N175: 승용
B176: Benz | C176: E_class | D176: =+B176&C176 -> BenzE_class | E176: E 220d Avantgarde | F176: 69200000 | G176: 1950 | H176: 디젤 | I176: 승용 | J176: A | L176: SA1 | N176: 승용
B177: Benz | C177: E_class | D177: =+B177&C177 -> BenzE_class | E177: E 220d Exclusive | F177: 69700000 | G177: 1950 | H177: 디젤 | I177: 승용 | J177: A | L177: SA1 | N177: 승용
...

Sheet 딜러사
D2: 딜러사 | E2: ='운용리스 입력'!D5 -> Audi | I2: 딜러사 | J2: ='금융리스 입력'!D4 -> BYD | N2: 딜러사 | O2: ='할부 입력'!D4 -> BYD
D3: 제휴사 | E3: =E2&"_" -> Audi_ | I3: 제휴사 | J3: =J2&"_" -> BYD_ | N3: 제휴사 | O3: =O2&"_" -> BYD_
D4: 브랜드 | I4: 브랜드 | N4: 브랜드
B5: Audi_ | D5: Audi_ | E5: 기타 | I5: Audi_ | J5: 기타 | N5: Audi_ | O5: 기타
B6: Benz_ | D6: Audi_ | E6: 태안모터스 | F6: 운용리스 | G6: 0.011 | I6: Audi_ | J6: 태안모터스 | K6: 금융/할부 | L6: 0.0033 | N6: Audi_ | O6: 태안모터스 | P6: 금융/할부 | Q6: 0.0033
B7: BMW_ | D7: Benz_ | E7: 기타 | I7: Benz_ | J7: 기타 | N7: Benz_ | O7: 기타
B8: Cadillac_ | D8: Benz_ | E8: KCC오토 | F8: 운용리스 | G8: 0.011 | I8: Benz_ | J8: KCC오토 | K8: 금융/할부 | L8: 0.0055 | N8: Benz_ | O8: KCC오토 | P8: 금융/할부 | Q8: 0.0055
B9: Citroen_ | D9: Benz_ | E9: 모터원 | F9: 운용리스 | G9: 0.011 | I9: Benz_ | J9: 모터원 | K9: 운용리스 | L9: 0.0055 | N9: Benz_ | O9: 모터원 | P9: 운용리스 | Q9: 0.0055
B10: Ford_ | D10: Benz_ | E10: 진모터스 | F10: 운용리스 | G10: 0.011 | I10: Benz_ | J10: 진모터스 | K10: 금융/할부 | L10: 0.0055 | N10: Benz_ | O10: 진모터스 | P10: 금융/할부 | Q10: 0.0055
B11: Honda_ | D11: Benz_ | E11: 한성모터스 | F11: 운용리스 | G11: 0.011 | I11: Benz_ | J11: 한성모터스 | K11: 금융/할부 | L11: 0.0055 | N11: Benz_ | O11: 한성모터스 | P11: 금융/할부 | Q11: 0.0055
B12: Jaguar_ | D12: Benz_ | E12: 디엠모빌리티 | F12: 운용리스 | G12: 0.011 | I12: Benz_ | J12: 디엠모빌리티 | K12: 금융/할부 | L12: 0.0055 | N12: Benz_ | O12: 디엠모빌리티 | P12: 금융/할부 | Q12: 0.0055
B13: Jeep_ | D13: Benz_ | E13: 스타자동차 | F13: 운용리스 | G13: 0.01 | I13: Benz_ | J13: 스타자동차 | K13: 금융/할부 | L13: 0.005 | N13: Benz_ | O13: 스타자동차 | P13: 금융/할부 | Q13: 0.005
B14: Landrover_ | D14: Benz_ | E14: 중앙모터스 | F14: 운용리스 | G14: 0.011 | I14: Benz_ | J14: 중앙모터스 | K14: 금융/할부 | L14: 0.0055 | N14: Benz_ | O14: 중앙모터스 | P14: 금융/할부 | Q14: 0.0055
B15: Lexus_ | D15: Landrover_
B16: Maserati_ | D16: Landrover_ | E16: 기타 | I16: Landrover_ | J16: 기타 | N16: Landrover_ | O16: 기타
B17: Mini_ | D17: Landrover_ | E17: KCC오토모빌 | F17: 운용리스 | G17: 0.011 | I17: Landrover_ | J17: KCC오토모빌 | K17: 금융/할부 | L17: 0.0055 | N17: Landrover_ | O17: KCC오토모빌 | P17: 금융/할부 | Q17: 0.0055
B18: Peugeot_ | D18: Jaguar_ | E18: 브리티시오토 | F18: 운용리스 | G18: 0.01 | I18: Landrover_ | J18: 브리티시오토 | K18: 금융/할부 | L18: 0.004 | N18: Landrover_ | O18: 브리티시오토 | P18: 금융/할부 | Q18: 0.004
B19: Porsche_ | D19: Jaguar_ | E19: 기타 | I19: Jaguar_ | J19: 기타 | N19: Jaguar_ | O19: 기타
B20: Tesla_ | D20: Jaguar_ | E20: KCC오토모빌 | F20: 운용리스 | G20: 0.011 | I20: Jaguar_ | J20: KCC오토모빌 | K20: 금융/할부 | L20: 0.0055 | N20: Jaguar_ | O20: KCC오토모빌 | P20: 금융/할부 | Q20: 0.0055
B21: Toyota_ | D21: Porsche_ | E21: 브리티시오토 | F21: 운용리스 | G21: 0.01 | I21: Jaguar_ | J21: 브리티시오토 | K21: 금융/할부 | L21: 0.004 | N21: Jaguar_ | O21: 브리티시오토 | P21: 금융/할부 | Q21: 0.004
B22: Volkswagen_ | D22: Porsche_ | E22: 기타 | I22: Porsche_ | J22: 기타 | N22: Porsche_ | O22: 기타
B23: Volvo_ | D23: Porsche_ | E23: 아우토슈타트 | F23: 운용리스 | G23: 0.01 | I23: Porsche_ | J23: 아우토슈타트 | K23: 금융/할부 | L23: 0.007 | N23: Porsche_ | O23: 아우토슈타트 | P23: 금융/할부 | Q23: 0.007
B24: Astonmartine_ | D24: Porsche_ | E24: 스투트가르트 | F24: 운용리스 | G24: 0.01 | I24: Porsche_ | J24: 스투트가르트 | K24: 금융/할부 | L24: 0.005 | N24: Porsche_ | O24: 스투트가르트 | P24: 금융/할부 | Q24: 0.005
B25: Bentley_ | E25: 세영모빌리티 | F25: 운용리스 | G25: 0.013 | I25: Porsche_ | J25: 세영모빌리티 | K25: 금융/할부 | L25: 0.007 | N25: Porsche_ | O25: 세영모빌리티 | P25: 금융/할부 | Q25: 0.007
B26: Ferrari_
B27: Lamborghini_ | E27: 기타 | J27: 기타 | O27: 기타
B28: Mclaren_ | D28: 세영프로모션 | E28: =IF(AND('운용리스 내부'!D3="세영모빌리티",'운용리스 내부'!D5="MacanEV"),1.3%,0%) -> 0 | F28: =IF(AND('금융리스 내부'!D4="세영모빌리티",'금융리스 내부'!D6="MacanEV"),0.7%,0%) -> 0 | G28: =IF(AND('할부 내부'!D4="세영모빌리티",'할부 내부'!D6="MacanEV"),0.7%,0%) -> 0
B29: Rollsroyce_ | E29: =IF(AND('운용리스 내부'!D3="세영모빌리티",'운용리스 내부'!D5="Taycan"),1.3%,0%) -> 0 | F29: =IF(AND('금융리스 내부'!D4="세영모빌리티",'금융리스 내부'!D6="Taycan"),0.7%,0%) -> 0 | G29: =IF(AND('할부 내부'!D4="세영모빌리티",'할부 내부'!D6="Taycan"),0.7%,0%) -> 0
E30: 550000

Sheet 잔가
B3: 메이커 | C3: ='운용리스 입력'!D5 -> Audi
B4: 모델 | C4: ='운용리스 입력'!D7 -> A6 e-tron Performance Advanced
B5: 차량가격 | C5: ='운용리스 입력'!D14 -> 65800000
B6: 차량연식 | C6: ='운용리스 입력'!D8 -> 25MY
B8: 리스기간 | C8: ='운용리스 입력'!J4 -> 36 | F8: 잔가Rank | G8: 잔가사 | H8: 잔가군 | I8: 기본잔가율 | J8: 주행거리 | K8: 주행거리 최고잔가 | L8: 고잔가율 | M8: 고잔가반영 최고잔가 | N8: 잔가차이 | O8: 잔가구간 | P8: 잔가보장수수료 | Q8: 고잔가 가능여부 | R8: 고잔가 가능여부 15,000 | S8: 고잔가 가능여부 10,000 | T8: 추가 | U8: 잔가랭크 | V8: 수수로랭크 | W8: 합산
B9: 주행거리 | C9: ='운용리스 입력'!J5 -> 20000 | F9: =IF(OR(C6="23MY",C6="24MY"),1,RANK(W9,$W$9:$W$12,1)) -> 2 | G9: West | H9: =VLOOKUP($C$4,차종!$E$7:$P$1145,6,0) -> H | I9: =IF($H$9=0,0%,INDEX($C$49:$W$54,MATCH($C$8,$B$49:$B$54,0),MATCH(H9,$C$48:$W$48,0))) -> 0.38 | J9: =VLOOKUP($C$9,$I$36:$M$39,2,0) -> 0 | K9: =IF('운용리스 입력'!$BB$12=TRUE,I9+J9-잔가!$C$14,I9+J9) -> 0.38 | L9: =IF(AND($C$9=20000,$C$8=12),8%,IF(AND($C$9=20000,$C$8=24),8%,IF(AND($C$9=20000,$C$8=36),8%,IF(AND($C$9=20000,$C$8=48),8%,IF(AND($C$9=20000,$C$8=60),8%,IF(AND($C$9=15000,$C$8=12),8%,IF(AND($C$9=15000,$C$8=24),8%,IF(AND($C$9=15000,$C$8=36),8%,IF(AND($C$9=15000,$C$8=48),8%,IF(AND($C$9=15000,$C$8=60),8%,IF(AND($C$9=10000,$C$8=12),8%,IF(AND($C$9=10000,$C$8=24),8%,IF(AND($C$9=10000,$C$8=36),8%,IF(AND($C$9=10000,$C$8=48),8%,IF(AND($C$9=10000,$C$8=60),8%,0))))))))))))))) -> 0.08 | M9: =IF(Q9="고잔가불가",0,L9)+K9-T9 -> 0.46 | N9: =$E$10-K9 -> 0.25 | O9: =IF(N9>7.01%,"8구간",IF(N9>6.01%,"7구간",IF(N9>5.01%,"6구간",IF(N9>4.01%,"5구간",IF(N9>3.01%,"4구간",IF(N9>2.01%,"3구간",IF(N9>1.01%,"2구간",IF(N9>=0.01%,"1구간",IF(N9<0.01%,"0구간","해당없음"))))))))) -> 8구간 | P9: =VLOOKUP(O9,$C$36:$G$45,2,0) -> 723800 | Q9: =VLOOKUP($C$4,차종!E:P,11,0) -> 0 | U9: =IF(I9=0%,10,RANK(M9,$M$9:$M$12,0)) -> 2 | V9: =IF(I9=0%,10,RANK(P9,$P$9:$P$12,1))+IF(U9>1,2,0) -> 4 | W9: =U9+V9 -> 6
B10: 계약잔가 | C10: ='운용리스 내부'!I8 -> 41454000 | E10: ='운용리스 내부'!H8 -> 0.63 | F10: =IF(OR(C6="23MY",C6="24MY"),10,RANK(W10,$W$9:$W$12,1)) -> 3 | G10: AJ | H10: =VLOOKUP($C$4,차종!$E$7:$P$1145,7,0) -> 0 | I10: =IF($H$10=0,0%,INDEX($C$58:$W$63,MATCH($C$8,$B$58:$B$63,0),MATCH(H10,$C$57:$W$57,0))) -> 0 | J10: =VLOOKUP($C$9,$I$36:$M$39,3,0) -> 0 | K10: =IF('운용리스 입력'!$BB$12=TRUE,I10+J10-잔가!$C$14,I10+J10) -> 0 | L10: =IF(AND($C$9=20000,$C$8=12),8%,IF(AND($C$9=20000,$C$8=24),8%,IF(AND($C$9=20000,$C$8=36),8%,IF(AND($C$9=20000,$C$8=48),8%,IF(AND($C$9=20000,$C$8=60),8%,IF(AND($C$9=15000,$C$8=12),8%,IF(AND($C$9=15000,$C$8=24),8%,IF(AND($C$9=15000,$C$8=36),8%,IF(AND($C$9=15000,$C$8=48),8%,IF(AND($C$9=15000,$C$8=60),8%,IF(AND($C$9=10000,$C$8=12),8%,IF(AND($C$9=10000,$C$8=24),8%,IF(AND($C$9=10000,$C$8=36),8%,IF(AND($C$9=10000,$C$8=48),8%,IF(AND($C$9=10000,$C$8=60),8%,0))))))))))))))) -> 0.08 | M10: =IF(Q10="고잔가불가",0,L10)+K10-T10+R10+S10 -> 0.08 | N10: =$E$10-K10 -> 0.63 | O10: =IF(N10>7.01%,"8구간",IF(N10>6.01%,"7구간",IF(N10>5.01%,"6구간",IF(N10>4.01%,"5구간",IF(N10>3.01%,"4구간",IF(N10>2.01%,"3구간",IF(N10>1.01%,"2구간",IF(N10>=0.01%,"1구간",IF(N10<0.01%,"0구간","해당없음"))))))))) -> 8구간 | P10: =VLOOKUP(O10,$C$36:$G$45,3,0) -> 723800 | Q10: =VLOOKUP($C$4,차종!E:P,11,0) -> 0 | R10: =IF(C9<20000,VLOOKUP($C$4,차종!E:P,12,0),0) -> 0 | S10: =IF(C9<15000,VLOOKUP($C$4,차종!E:Q,13,0),0) -> 0 | U10: =IF(I10=0%,10,RANK(M10,$M$9:$M$12,0)) -> 10 | V10: =IF(I10=0%,10,RANK(P10,$P$9:$P$12,1))+IF(U10>1,2,0) -> 12 | W10: =U10+V10 -> 22
B11: 잔가기준 | C11: =VLOOKUP(1,$F$9:$G$12,2,0) -> APS | D11: 일반잔가 | E11: =VLOOKUP(C11,$G$9:$K$12,5,0) -> 0.55 | F11: =IF(OR(C6="23MY",C6="24MY"),10,RANK(W11,$W$9:$W$12,1)) -> 1 | G11: APS | H11: =VLOOKUP($C$4,차종!$E$7:$P$1145,8,0) -> H | I11: =IF($H$11=0,0%,INDEX($C$66:$W$70,MATCH($C$8,$B$66:$B$70,0),MATCH(H11,$C$65:$W$65,0))) -> 0.55 | J11: =VLOOKUP($C$9,$I$36:$M$39,4,0) -> 0 | K11: =IF('운용리스 입력'!$BB$12=TRUE,I11+J11-잔가!$C$14,I11+J11) -> 0.55 | L11: =IF(AND($C$9=20000,$C$8=12),8%,IF(AND($C$9=20000,$C$8=24),8%,IF(AND($C$9=20000,$C$8=36),8%,IF(AND($C$9=20000,$C$8=48),8%,IF(AND($C$9=20000,$C$8=60),8%,IF(AND($C$9=15000,$C$8=12),8%,IF(AND($C$9=15000,$C$8=24),8%,IF(AND($C$9=15000,$C$8=36),8%,IF(AND($C$9=15000,$C$8=48),8%,IF(AND($C$9=15000,$C$8=60),8%,IF(AND($C$9=10000,$C$8=12),8%,IF(AND($C$9=10000,$C$8=24),8%,IF(AND($C$9=10000,$C$8=36),8%,IF(AND($C$9=10000,$C$8=48),8%,IF(AND($C$9=10000,$C$8=60),8%,0))))))))))))))) -> 0.08 | M11: =IF(Q11="고잔가불가",0,L11)+K11-T11 -> 0.63 | N11: =$E$10-K11 -> 0.08 | O11: =IF(N11>7.01%,"8구간",IF(N11>6.01%,"7구간",IF(N11>5.01%,"6구간",IF(N11>4.01%,"5구간",IF(N11>3.01%,"4구간",IF(N11>2.01%,"3구간",IF(N11>1.01%,"2구간",IF(N11>=0.01%,"1구간",IF(N11<0.01%,"0구간","해당없음"))))))))) -> 8구간 | P11: =VLOOKUP(O11,$C$36:$G$45,4,0) -> 855400 | Q11: =VLOOKUP($C$4,차종!E:P,11,0) -> 0 | U11: =IF(I11=0%,10,RANK(M11,$M$9:$M$12,0)) -> 1 | V11: =IF(I11=0%,10,RANK(P11,$P$9:$P$12,1))+IF(U11>1,2,0) -> 4 | W11: =U11+V11 -> 5
D12: 고잔가 | E12: =VLOOKUP(C11,$G$9:$M$12,7,0) -> 0.63 | F12: =IF(OR(C6="23MY",C6="24MY"),10,RANK(W12,$W$9:$W$12,1)) -> 3 | G12: VGS | H12: =VLOOKUP($C$4,차종!$E$7:$P$1145,9,0) -> 0 | I12: =IF($H$12=0,0%,INDEX($C$74:$W$77,MATCH($C$8,$B$74:$B$77,0),MATCH(H12,$C$73:$W$73,0))) -> 0 | J12: =VLOOKUP($C$9,$I$36:$M$39,5,0) -> 0 | K12: =IF('운용리스 입력'!$BB$12=TRUE,I12+J12-잔가!$C$14,I12+J12) -> 0 | L12: =IF(AND($C$9=20000,$C$8=12),6%,IF(AND($C$9=20000,$C$8=24),6%,IF(AND($C$9=20000,$C$8=36),6%,IF(AND($C$9=20000,$C$8=48),6%,IF(AND($C$9=20000,$C$8=60),6%,IF(AND($C$9=15000,$C$8=12),6%,IF(AND($C$9=15000,$C$8=24),6%,IF(AND($C$9=15000,$C$8=36),6%,IF(AND($C$9=15000,$C$8=48),6%,IF(AND($C$9=15000,$C$8=60),6%,IF(AND($C$9=10000,$C$8=12),6%,IF(AND($C$9=10000,$C$8=24),6%,IF(AND($C$9=10000,$C$8=36),6%,IF(AND($C$9=10000,$C$8=48),6%,IF(AND($C$9=10000,$C$8=60),6%,0))))))))))))))) -> 0.06 | M12: =IF(Q12="고잔가불가",0,L12)+K12-T12 -> 0.06 | N12: =$E$10-K12 -> 0.63 | O12: =IF(N12>5.01%,"6구간",IF(N12>4.01%,"5구간",IF(N12>3.01%,"4구간",IF(N12>2.01%,"3구간",IF(N12>1.01%,"2구간",IF(N12>=0.01%,"1구간",IF(N12<0.01%,"0구간","해당없음"))))))) -> 6구간 | P12: =VLOOKUP(O12,$C$36:$G$45,5,0) -> 658000 | Q12: =VLOOKUP($C$4,차종!E:P,11,0) -> 0 | T12: =VLOOKUP($C$4,차종!E:P,12,0) -> 0 | U12: =IF(I12=0%,10,RANK(M12,$M$9:$M$12,0)) -> 10 | V12: =IF(I12=0%,10,RANK(P12,$P$9:$P$12,1))+IF(U12>1,2,0) -> 12 | W12: =U12+V12 -> 22
B13: 잔가보장수수료 | C13: =VLOOKUP(C11,$G$9:$O$12,9,0) -> 8구간 | D13: =VLOOKUP(C11,$G$9:$P$12,10,0) -> 855400
B14: 잔가하향 | C14: ='운용리스 입력'!J13 -> 0
B17: 리스기간 | C17: ='운용리스 내부'!M3 -> 48 | F17: 잔가Rank | G17: 잔가사 | H17: 잔가군 | I17: 기본잔가율 | J17: 주행거리 | K17: 주행거리 최고잔가 | L17: 고잔가율 | M17: 고잔가반영 최고잔가 | N17: 잔가차이 | O17: 잔가구간 | P17: 잔가보장수수료 | Q17: 고잔가 가능여부 | R17: 고잔가 가능여부 | S17: 고잔가 가능여부 | T17: 추가 | U17: 잔가랭크 | V17: 수수로랭크 | W17: 합산
B18: 주행거리 | C18: ='운용리스 내부'!M4 -> 20000 | F18: =IF(OR(C6="23MY",C6="24MY"),1,RANK(W18,$W$18:$W$21,1)) -> 2 | G18: West | H18: =VLOOKUP($C$4,차종!$E$7:$P$1145,6,0) -> H | I18: =IF($H$18=0,0%,INDEX($C$49:$W$54,MATCH($C$17,$B$49:$B$54,0),MATCH(H18,$C$48:$W$48,0))) -> 0.3 | J18: =VLOOKUP($C$18,$I$36:$M$39,2,0) -> 0 | K18: =IF('운용리스 입력'!$BB$19=TRUE,I18+J18-잔가!$C$23,I18+J18) -> 0.3 | L18: =IF(AND($C$18=20000,$C$17=12),8%,IF(AND($C$18=20000,$C$17=24),8%,IF(AND($C$18=20000,$C$17=36),8%,IF(AND($C$18=20000,$C$17=48),8%,IF(AND($C$18=20000,$C$17=60),8%,IF(AND($C$18=15000,$C$17=12),8%,IF(AND($C$18=15000,$C$17=24),8%,IF(AND($C$18=15000,$C$17=36),8%,IF(AND($C$18=15000,$C$17=48),8%,IF(AND($C$18=15000,$C$17=60),8%,IF(AND($C$18=10000,$C$17=12),8%,IF(AND($C$18=10000,$C$17=24),8%,IF(AND($C$18=10000,$C$17=36),8%,IF(AND($C$18=10000,$C$17=48),8%,IF(AND($C$18=10000,$C$17=60),8%,0))))))))))))))) -> 0.08 | M18: =IF(Q18="고잔가불가",0,L18)+K18-T18 -> 0.38 | N18: =$E$19-K18 -> 0.25 | O18: =IF(N18>7.01%,"8구간",IF(N18>6.01%,"7구간",IF(N18>5.01%,"6구간",IF(N18>4.01%,"5구간",IF(N18>3.01%,"4구간",IF(N18>2.01%,"3구간",IF(N18>1.01%,"2구간",IF(N18>=0.01%,"1구간",IF(N18<0.01%,"0구간","해당없음"))))))))) -> 8구간 | P18: =VLOOKUP(O18,$C$36:$G$45,2,0) -> 723800 | Q18: =VLOOKUP($C$4,차종!E:P,11,0) -> 0 | U18: =IF(I18=0%,10,RANK(M18,$M$18:$M$21,0)) -> 2 | V18: =IF(I18=0%,10,RANK(P18,$P$18:$P$21,1))+IF(U18>1,2,0) -> 4 | W18: =U18+V18 -> 6
B19: 계약잔가 | C19: ='운용리스 내부'!N8 -> 36190000 | E19: ='운용리스 내부'!M8 -> 0.55 | F19: =IF(OR(C6="23MY",C6="24MY"),10,RANK(W19,$W$18:$W$21,1)) -> 3 | G19: AJ | H19: =VLOOKUP($C$4,차종!$E$7:$P$1145,7,0) -> 0 | I19: =IF($H$19=0,0%,INDEX($C$58:$W$63,MATCH($C$17,$B$58:$B$63,0),MATCH(H19,$C$57:$W$57,0))) -> 0 | J19: =VLOOKUP($C$18,$I$36:$M$39,3,0) -> 0 | K19: =IF('운용리스 입력'!$BB$19=TRUE,I19+J19-잔가!$C$23,I19+J19) -> 0 | L19: =IF(AND($C$18=20000,$C$17=12),8%,IF(AND($C$18=20000,$C$17=24),8%,IF(AND($C$18=20000,$C$17=36),8%,IF(AND($C$18=20000,$C$17=48),8%,IF(AND($C$18=20000,$C$17=60),8%,IF(AND($C$18=15000,$C$17=12),8%,IF(AND($C$18=15000,$C$17=24),8%,IF(AND($C$18=15000,$C$17=36),8%,IF(AND($C$18=15000,$C$17=48),8%,IF(AND($C$18=15000,$C$17=60),8%,IF(AND($C$18=10000,$C$17=12),8%,IF(AND($C$18=10000,$C$17=24),8%,IF(AND($C$18=10000,$C$17=36),8%,IF(AND($C$18=10000,$C$17=48),8%,IF(AND($C$18=10000,$C$17=60),8%,0))))))))))))))) -> 0.08 | M19: =IF(Q19="고잔가불가",0,L19)+K19-T19+R19+S19 -> 0.08 | N19: =$E$19-K19 -> 0.55 | O19: =IF(N19>7.01%,"8구간",IF(N19>6.01%,"7구간",IF(N19>5.01%,"6구간",IF(N19>4.01%,"5구간",IF(N19>3.01%,"4구간",IF(N19>2.01%,"3구간",IF(N19>1.01%,"2구간",IF(N19>=0.01%,"1구간",IF(N19<0.01%,"0구간","해당없음"))))))))) -> 8구간 | P19: =VLOOKUP(O19,$C$36:$G$45,3,0) -> 723800 | Q19: =VLOOKUP($C$4,차종!E:P,11,0) -> 0 | R19: =IF(C18<20000,VLOOKUP($C$4,차종!E:P,12,0),0) -> 0 | S19: =IF(C18<15000,VLOOKUP($C$4,차종!E:Q,13,0),0) -> 0 | U19: =IF(I19=0%,10,RANK(M19,$M$18:$M$21,0)) -> 10 | V19: =IF(I19=0%,10,RANK(P19,$P$18:$P$21,1))+IF(U19>1,2,0) -> 12 | W19: =U19+V19 -> 22
B20: 잔가기준 | C20: =VLOOKUP(1,$F$18:$G$21,2,0) -> APS | D20: 일반잔가 | E20: =VLOOKUP(C20,$G$18:$K$21,5,0) -> 0.47 | F20: =IF(OR(C6="23MY",C6="24MY"),10,RANK(W20,$W$18:$W$21,1)) -> 1 | G20: APS | H20: =VLOOKUP($C$4,차종!$E$7:$P$1145,8,0) -> H | I20: =IF($H$20=0,0%,INDEX($C$66:$W$70,MATCH($C$17,$B$66:$B$70,0),MATCH(H20,$C$65:$W$65,0))) -> 0.47 | J20: =VLOOKUP($C$18,$I$36:$M$39,4,0) -> 0 | K20: =IF('운용리스 입력'!$BB$19=TRUE,I20+J20-잔가!$C$23,I20+J20) -> 0.47 | L20: =IF(AND($C$18=20000,$C$17=12),8%,IF(AND($C$18=20000,$C$17=24),8%,IF(AND($C$18=20000,$C$17=36),8%,IF(AND($C$18=20000,$C$17=48),8%,IF(AND($C$18=20000,$C$17=60),8%,IF(AND($C$18=15000,$C$17=12),8%,IF(AND($C$18=15000,$C$17=24),8%,IF(AND($C$18=15000,$C$17=36),8%,IF(AND($C$18=15000,$C$17=48),8%,IF(AND($C$18=15000,$C$17=60),8%,IF(AND($C$18=10000,$C$17=12),8%,IF(AND($C$18=10000,$C$17=24),8%,IF(AND($C$18=10000,$C$17=36),8%,IF(AND($C$18=10000,$C$17=48),8%,IF(AND($C$18=10000,$C$17=60),8%,0))))))))))))))) -> 0.08 | M20: =IF(Q20="고잔가불가",0,L20)+K20-T20 -> 0.55 | N20: =$E$19-K20 -> 0.08 | O20: =IF(N20>7.01%,"8구간",IF(N20>6.01%,"7구간",IF(N20>5.01%,"6구간",IF(N20>4.01%,"5구간",IF(N20>3.01%,"4구간",IF(N20>2.01%,"3구간",IF(N20>1.01%,"2구간",IF(N20>=0.01%,"1구간",IF(N20<0.01%,"0구간","해당없음"))))))))) -> 8구간 | P20: =VLOOKUP(O20,$C$36:$G$45,4,0) -> 855400 | Q20: =VLOOKUP($C$4,차종!E:P,11,0) -> 0 | U20: =IF(I20=0%,10,RANK(M20,$M$18:$M$21,0)) -> 1 | V20: =IF(I20=0%,10,RANK(P20,$P$18:$P$21,1))+IF(U20>1,2,0) -> 4 | W20: =U20+V20 -> 5
D21: 고잔가 | E21: =VLOOKUP(C20,$G$18:$M$21,7,0) -> 0.55 | F21: =IF(OR(C6="23MY",C6="24MY"),10,RANK(W21,$W$18:$W$21,1)) -> 3 | G21: VGS | H21: =VLOOKUP($C$4,차종!$E$7:$P$1145,9,0) -> 0 | I21: =IF($H$21=0,0%,INDEX($C$74:$W$77,MATCH($C$17,$B$74:$B$77,0),MATCH(H21,$C$73:$W$73,0))) -> 0 | J21: =VLOOKUP($C$18,$I$36:$M$39,5,0) -> 0 | K21: =IF('운용리스 입력'!$BB$19=TRUE,I21+J21-잔가!$C$23,I21+J21) -> 0 | L21: =IF(AND($C$18=20000,$C$17=12),6%,IF(AND($C$18=20000,$C$17=24),6%,IF(AND($C$18=20000,$C$17=36),6%,IF(AND($C$18=20000,$C$17=48),6%,IF(AND($C$18=20000,$C$17=60),6%,IF(AND($C$18=15000,$C$17=12),6%,IF(AND($C$18=15000,$C$17=24),6%,IF(AND($C$18=15000,$C$17=36),6%,IF(AND($C$18=15000,$C$17=48),6%,IF(AND($C$18=15000,$C$17=60),6%,IF(AND($C$18=10000,$C$17=12),6%,IF(AND($C$18=10000,$C$17=24),6%,IF(AND($C$18=10000,$C$17=36),6%,IF(AND($C$18=10000,$C$17=48),6%,IF(AND($C$18=10000,$C$17=60),6%,0))))))))))))))) -> 0.06 | M21: =IF(Q21="고잔가불가",0,L21)+K21-T21 -> 0.06 | N21: =$E$19-K21 -> 0.55 | O21: =IF(N21>5.01%,"6구간",IF(N21>4.01%,"5구간",IF(N21>3.01%,"4구간",IF(N21>2.01%,"3구간",IF(N21>1.01%,"2구간",IF(N21>=0.01%,"1구간",IF(N21<0.01%,"0구간","해당없음"))))))) -> 6구간 | P21: =VLOOKUP(O21,$C$36:$G$45,5,0) -> 658000 | Q21: =VLOOKUP($C$4,차종!E:P,11,0) -> 0 | T21: =VLOOKUP($C$4,차종!E:P,12,0) -> 0 | U21: =IF(I21=0%,10,RANK(M21,$M$18:$M$21,0)) -> 10 | V21: =IF(I21=0%,10,RANK(P21,$P$18:$P$21,1))+IF(U21>1,2,0) -> 12 | W21: =U21+V21 -> 22
B22: 잔가보장수수료 | C22: =VLOOKUP(C20,$G$18:$O$21,9,0) -> 8구간 | D22: =VLOOKUP(C20,$G$18:$P$21,10,0) -> 855400
B23: 잔가하향 | C23: ='운용리스 입력'!Q13 -> 0
B26: 리스기간 | C26: ='운용리스 내부'!R3 -> 60 | F26: 잔가Rank | G26: 잔가사 | H26: 잔가군 | I26: 기본잔가율 | J26: 주행거리 | K26: 주행거리 최고잔가 | L26: 고잔가율 | M26: 고잔가반영 최고잔가 | N26: 잔가차이 | O26: 잔가구간 | P26: 잔가보장수수료 | Q26: 고잔가 가능여부 | R26: 고잔가 가능여부 | S26: 고잔가 가능여부 | T26: 추가 | U26: 잔가랭크 | V26: 수수로랭크 | W26: 합산
B27: 주행거리 | C27: ='운용리스 내부'!R4 -> 20000 | F27: =IF(OR(C6="23MY",C6="24MY"),1,RANK(W27,$W$27:$W$30,1)) -> 2 | G27: West | H27: =VLOOKUP($C$4,차종!$E$7:$P$1145,6,0) -> H | I27: =IF($H$27=0,0%,INDEX($C$49:$W$54,MATCH($C$26,$B$49:$B$54,0),MATCH(H27,$C$48:$W$48,0))) -> 0.24 | J27: =VLOOKUP($C$27,$I$36:$M$39,2,0) -> 0 | K27: =IF('운용리스 입력'!$BB$26=TRUE,I27+J27-잔가!$C$32,I27+J27) -> 0.24 | L27: =IF(AND($C$27=20000,$C$26=12),8%,IF(AND($C$27=20000,$C$26=24),8%,IF(AND($C$27=20000,$C$26=36),8%,IF(AND($C$27=20000,$C$26=48),8%,IF(AND($C$27=20000,$C$26=60),8%,IF(AND($C$27=15000,$C$26=12),8%,IF(AND($C$27=15000,$C$26=24),8%,IF(AND($C$27=15000,$C$26=36),8%,IF(AND($C$27=15000,$C$26=48),8%,IF(AND($C$27=15000,$C$26=60),8%,IF(AND($C$27=10000,$C$26=12),8%,IF(AND($C$27=10000,$C$26=24),8%,IF(AND($C$27=10000,$C$26=36),8%,IF(AND($C$27=10000,$C$26=48),8%,IF(AND($C$27=10000,$C$26=60),8%,0))))))))))))))) -> 0.08 | M27: =IF(Q27="고잔가불가",0,L27)+K27-T27 -> 0.32 | N27: =$E$28-K27 -> 0.25 | O27: =IF(N27>7.01%,"8구간",IF(N27>6.01%,"7구간",IF(N27>5.01%,"6구간",IF(N27>4.01%,"5구간",IF(N27>3.01%,"4구간",IF(N27>2.01%,"3구간",IF(N27>1.01%,"2구간",IF(N27>=0.01%,"1구간",IF(N27<0.01%,"0구간","해당없음"))))))))) -> 8구간 | P27: =VLOOKUP(O27,$C$36:$G$45,2,0) -> 723800 | Q27: =VLOOKUP($C$4,차종!E:P,11,0) -> 0 | U27: =IF(I27=0%,10,RANK(M27,$M$27:$M$30,0)) -> 2 | V27: =IF(I27=0%,10,RANK(P27,$P$27:$P$30,1))+IF(U27>1,2,0) -> 4 | W27: =U27+V27 -> 6
B28: 계약잔가 | C28: ='운용리스 내부'!S8 -> 32242000 | E28: ='운용리스 내부'!R8 -> 0.49 | F28: =IF(OR(C6="23MY",C6="24MY"),10,RANK(W28,$W$27:$W$30,1)) -> 3 | G28: AJ | H28: =VLOOKUP($C$4,차종!$E$7:$P$1145,7,0) -> 0 | I28: =IF($H$28=0,0%,INDEX($C$58:$W$63,MATCH($C$26,$B$58:$B$63,0),MATCH(H28,$C$57:$W$57,0))) -> 0 | J28: =VLOOKUP($C$27,$I$36:$M$39,3,0) -> 0 | K28: =IF('운용리스 입력'!$BB$26=TRUE,I28+J28-잔가!$C$32,I28+J28) -> 0 | L28: =IF(AND($C$27=20000,$C$26=12),8%,IF(AND($C$27=20000,$C$26=24),8%,IF(AND($C$27=20000,$C$26=36),8%,IF(AND($C$27=20000,$C$26=48),8%,IF(AND($C$27=20000,$C$26=60),8%,IF(AND($C$27=15000,$C$26=12),8%,IF(AND($C$27=15000,$C$26=24),8%,IF(AND($C$27=15000,$C$26=36),8%,IF(AND($C$27=15000,$C$26=48),8%,IF(AND($C$27=15000,$C$26=60),8%,IF(AND($C$27=10000,$C$26=12),8%,IF(AND($C$27=10000,$C$26=24),8%,IF(AND($C$27=10000,$C$26=36),8%,IF(AND($C$27=10000,$C$26=48),8%,IF(AND($C$27=10000,$C$26=60),8%,0))))))))))))))) -> 0.08 | M28: =IF(Q28="고잔가불가",0,L28)+K28-T28+R28+S28 -> 0.08 | N28: =$E$28-K28 -> 0.49 | O28: =IF(N28>7.01%,"8구간",IF(N28>6.01%,"7구간",IF(N28>5.01%,"6구간",IF(N28>4.01%,"5구간",IF(N28>3.01%,"4구간",IF(N28>2.01%,"3구간",IF(N28>1.01%,"2구간",IF(N28>=0.01%,"1구간",IF(N28<0.01%,"0구간","해당없음"))))))))) -> 8구간 | P28: =VLOOKUP(O28,$C$36:$G$45,3,0) -> 723800 | Q28: =VLOOKUP($C$4,차종!E:P,11,0) -> 0 | R28: =IF(C27<20000,VLOOKUP($C$4,차종!E:P,12,0),0) -> 0 | S28: =IF(C27<20000,VLOOKUP($C$4,차종!E:P,12,0),0) -> 0 | U28: =IF(I28=0%,10,RANK(M28,$M$27:$M$30,0)) -> 10 | V28: =IF(I28=0%,10,RANK(P28,$P$27:$P$30,1))+IF(U28>1,2,0) -> 12 | W28: =U28+V28 -> 22
B29: 잔가기준 | C29: =VLOOKUP(1,$F$27:$G$30,2,0) -> APS | D29: 일반잔가 | E29: =VLOOKUP(C29,$G$27:$K$30,5,0) -> 0.41 | F29: =IF(OR(C6="23MY",C6="24MY"),10,RANK(W29,$W$27:$W$30,1)) -> 1 | G29: APS | H29: =VLOOKUP($C$4,차종!$E$7:$P$1145,8,0) -> H | I29: =IF($H$29=0,0%,INDEX($C$66:$W$70,MATCH($C$26,$B$66:$B$70,0),MATCH(H29,$C$65:$W$65,0))) -> 0.41 | J29: =VLOOKUP($C$27,$I$36:$M$39,4,0) -> 0 | K29: =IF('운용리스 입력'!$BB$26=TRUE,I29+J29-잔가!$C$32,I29+J29) -> 0.41 | L29: =IF(AND($C$27=20000,$C$26=12),8%,IF(AND($C$27=20000,$C$26=24),8%,IF(AND($C$27=20000,$C$26=36),8%,IF(AND($C$27=20000,$C$26=48),8%,IF(AND($C$27=20000,$C$26=60),8%,IF(AND($C$27=15000,$C$26=12),8%,IF(AND($C$27=15000,$C$26=24),8%,IF(AND($C$27=15000,$C$26=36),8%,IF(AND($C$27=15000,$C$26=48),8%,IF(AND($C$27=15000,$C$26=60),8%,IF(AND($C$27=10000,$C$26=12),8%,IF(AND($C$27=10000,$C$26=24),8%,IF(AND($C$27=10000,$C$26=36),8%,IF(AND($C$27=10000,$C$26=48),8%,IF(AND($C$27=10000,$C$26=60),8%,0))))))))))))))) -> 0.08 | M29: =IF(Q29="고잔가불가",0,L29)+K29-T29 -> 0.49 | N29: =$E$28-K29 -> 0.08 | O29: =IF(N29>7.01%,"8구간",IF(N29>6.01%,"7구간",IF(N29>5.01%,"6구간",IF(N29>4.01%,"5구간",IF(N29>3.01%,"4구간",IF(N29>2.01%,"3구간",IF(N29>1.01%,"2구간",IF(N29>=0.01%,"1구간",IF(N29<0.01%,"0구간","해당없음"))))))))) -> 8구간 | P29: =VLOOKUP(O29,$C$36:$G$45,4,0) -> 855400 | Q29: =VLOOKUP($C$4,차종!E:P,11,0) -> 0 | U29: =IF(I29=0%,10,RANK(M29,$M$27:$M$30,0)) -> 1 | V29: =IF(I29=0%,10,RANK(P29,$P$27:$P$30,1))+IF(U29>1,2,0) -> 4 | W29: =U29+V29 -> 5
D30: 고잔가 | E30: =VLOOKUP(C29,$G$27:$M$30,7,0) -> 0.49 | F30: =IF(OR(C6="23MY",C6="24MY"),10,RANK(W30,$W$27:$W$30,1)) -> 3 | G30: VGS | H30: =VLOOKUP($C$4,차종!$E$7:$P$1145,9,0) -> 0 | I30: =IF($H$30=0,0%,INDEX($C$74:$W$77,MATCH($C$26,$B$74:$B$77,0),MATCH(H30,$C$73:$W$73,0))) -> 0 | J30: =VLOOKUP($C$27,$I$36:$M$39,5,0) -> 0 | K30: =IF('운용리스 입력'!$BB$26=TRUE,I30+J30-잔가!$C$32,I30+J30) -> 0 | L30: =IF(AND($C$27=20000,$C$26=12),6%,IF(AND($C$27=20000,$C$26=24),6%,IF(AND($C$27=20000,$C$26=36),6%,IF(AND($C$27=20000,$C$26=48),6%,IF(AND($C$27=20000,$C$26=60),6%,IF(AND($C$27=15000,$C$26=12),6%,IF(AND($C$27=15000,$C$26=24),6%,IF(AND($C$27=15000,$C$26=36),6%,IF(AND($C$27=15000,$C$26=48),6%,IF(AND($C$27=15000,$C$26=60),6%,IF(AND($C$27=10000,$C$26=12),6%,IF(AND($C$27=10000,$C$26=24),6%,IF(AND($C$27=10000,$C$26=36),6%,IF(AND($C$27=10000,$C$26=48),6%,IF(AND($C$27=10000,$C$26=60),6%,0))))))))))))))) -> 0.06 | M30: =IF(Q30="고잔가불가",0,L30)+K30-T30 -> 0.06 | N30: =$E$28-K30 -> 0.49 | O30: =IF(N30>5.01%,"6구간",IF(N30>4.01%,"5구간",IF(N30>3.01%,"4구간",IF(N30>2.01%,"3구간",IF(N30>1.01%,"2구간",IF(N30>=0.01%,"1구간",IF(N30<0.01%,"0구간","해당없음"))))))) -> 6구간 | P30: =VLOOKUP(O30,$C$36:$G$45,5,0) -> 658000 | Q30: =VLOOKUP($C$4,차종!E:P,11,0) -> 0 | T30: =VLOOKUP($C$4,차종!E:P,12,0) -> 0 | U30: =IF(I30=0%,10,RANK(M30,$M$27:$M$30,0)) -> 10 | V30: =IF(I30=0%,10,RANK(P30,$P$27:$P$30,1))+IF(U30>1,2,0) -> 12 | W30: =U30+V30 -> 22
B31: 잔가보장수수료 | C31: =VLOOKUP(C29,$G$27:$O$30,9,0) -> 8구간 | D31: =VLOOKUP(C29,$G$27:$P$30,10,0) -> 855400
B32: 잔가하향 | C32: ='운용리스 입력'!X13 -> 0
B35: 잔가 상향 | C35: 수수료 | D35: W | E35: J | F35: A | G35: V | I35: km | J35: W | K35: J | L35: A | M35: V
B36: 0 | C36: 해당없음 | D36: 0 | E36: 0 | F36: 0 | G36: 0 | I36: 10000 | J36: 0 | K36: 0 | L36: 0 | M36: 0
B37: 0 | C37: 0구간 | D37: 0 | E37: 0 | F37: 0 | G37: 0 | I37: 15000 | J37: 0 | K37: 0 | L37: 0 | M37: 0
B38: 0.01 | C38: 1구간 | D38: =ROUNDDOWN(($C$5*0.15%),-2) -> 98700 | E38: 0 | F38: =ROUNDDOWN(($C$5*0.1%),-2) -> 65800 | G38: =IF($C$5*0.1%>1500000,1500000,ROUNDDOWN(($C$5*0.1%),-2)) -> 65800 | I38: 20000 | J38: 0 | K38: 0 | L38: 0 | M38: 0
B39: 0.02 | C39: 2구간 | D39: =ROUNDDOWN(($C$5*0.3%),-2) -> 197400 | E39: 0 | F39: =ROUNDDOWN(($C$5*0.3%),-2) -> 197400 | G39: =IF($C$5*0.3%>1500000,1500000,ROUNDDOWN(($C$5*0.3%),-2)) -> 197400 | I39: 30000 | J39: -0.04 | K39: -0.04 | L39: -0.04 | M39: -0.04
B40: 0.03 | C40: 3구간 | D40: =ROUNDDOWN(($C$5*0.45%),-2) -> 296100 | E40: 0 | F40: =ROUNDDOWN(($C$5*0.5%),-2) -> 329000 | G40: =IF($C$5*0.5%>1500000,1500000,ROUNDDOWN(($C$5*0.5%),-2)) -> 329000
B41: 0.04 | C41: 4구간 | D41: =ROUNDDOWN(($C$5*0.6%),-2) -> 394800 | E41: 0 | F41: =ROUNDDOWN(($C$5*0.7%),-2) -> 460600 | G41: =IF($C$5*0.8%>1500000,1500000,ROUNDDOWN(($C$5*0.8%),-2)) -> 526400 | I41: 최소 잔가 | J41: 12 | K41: 0.5
B42: 0.05 | C42: 5구간 | D42: =ROUNDDOWN(($C$5*0.75%),-2) -> 493500 | E42: =ROUNDDOWN(($C$5*0.6%),-2) -> 394800 | F42: =ROUNDDOWN(($C$5*0.9%),-2) -> 592200 | G42: =IF($C$5*0.9%>1500000,1500000,ROUNDDOWN(($C$5*0.9%),-2)) -> 592200 | J42: 24 | K42: 0.3
B43: 0.06 | C43: 6구간 | D43: =ROUNDDOWN(($C$5*0.9%),-2) -> 592200 | E43: =ROUNDDOWN(($C$5*0.8%),-2) -> 526400 | F43: =ROUNDDOWN(($C$5*1.1%),-2) -> 723800 | G43: =IF($C$5*1%>1500000,1500000,ROUNDDOWN(($C$5*1%),-2)) -> 658000 | J43: 36 | K43: 0.3
B44: 0.07 | C44: 7구간 | D44: =ROUNDDOWN(($C$5*1.05%),-2) -> 690900 | E44: =ROUNDDOWN(($C$5*1%),-2) -> 658000 | F44: =ROUNDDOWN(($C$5*1.2%),-2) -> 789600 | J44: 48 | K44: 0.2
B45: 0.08 | C45: 8구간 | D45: =ROUNDDOWN(($C$5*1.1%),-2) -> 723800 | E45: =ROUNDDOWN(($C$5*1.1%),-2) -> 723800 | F45: =ROUNDDOWN(($C$5*1.3%),-2) -> 855400 | J45: 60 | K45: 0.15
B48: W | C48: S | D48: A | E48: B | F48: C | G48: D | H48: E | I48: F | J48: G | K48: H | L48: I
B49: 12 | C49: 0.7 | D49: 0.68 | E49: 0.66 | F49: 0.64 | G49: 0.62 | H49: 0.6 | I49: 0.58 | J49: 0.56 | K49: 0.54 | L49: 0.51
B50: 24 | C50: 0.62 | D50: 0.6 | E50: 0.58 | F50: 0.56 | G50: 0.54 | H50: 0.52 | I50: 0.5 | J50: 0.48 | K50: 0.46 | L50: 0.43
B51: 36 | C51: 0.54 | D51: 0.52 | E51: 0.5 | F51: 0.48 | G51: 0.46 | H51: 0.44 | I51: 0.42 | J51: 0.4 | K51: 0.38 | L51: 0.35
B52: 48 | C52: 0.46 | D52: 0.44 | E52: 0.42 | F52: 0.4 | G52: 0.38 | H52: 0.36 | I52: 0.34 | J52: 0.32 | K52: 0.3 | L52: 0.27
B53: 60 | C53: 0.4 | D53: 0.38 | E53: 0.36 | F53: 0.34 | G53: 0.32 | H53: 0.3 | I53: 0.28 | J53: 0.26 | K53: 0.24 | L53: 0.2
B54: 72 | C54: 0.34 | D54: 0.32 | E54: 0.3 | F54: 0.28 | G54: 0.26 | H54: 0.24 | I54: 0.22 | J54: 0.2 | K54: 0.18 | L54: 0.13
B57: J | C57: S1 | D57: S2 | E57: S3 | F57: S4 | G57: S5 | H57: A | I57: B | J57: C | K57: D | L57: E | M57: F | N57: G | O57: H | P57: I | Q57: J | R57: K | S57: K | T57: M | U57: N | V57: O
B58: 12 | H58: 0.78 | I58: 0.77 | J58: 0.76 | K58: 0.75 | L58: 0.74 | M58: 0.73 | N58: 0.72 | O58: 0.71 | P58: 0.7 | Q58: 0.69 | R58: 0.67 | S58: 0.67 | T58: 0.63 | U58: 0.62 | V58: 0.58
B59: 24 | H59: 0.7 | I59: 0.69 | J59: 0.68 | K59: 0.67 | L59: 0.66 | M59: 0.65 | N59: 0.64 | O59: 0.63 | P59: 0.62 | Q59: 0.61 | R59: 0.59 | S59: 0.59 | T59: 0.55 | U59: 0.54 | V59: 0.5
B60: 36 | H60: 0.61 | I60: 0.6 | J60: 0.59 | K60: 0.58 | L60: 0.57 | M60: 0.56 | N60: 0.55 | O60: 0.54 | P60: 0.53 | Q60: 0.52 | R60: 0.5 | S60: 0.5 | T60: 0.46 | U60: 0.45 | V60: 0.41
B61: 48 | C61: 0.575 | D61: 0.555 | E61: 0.525 | F61: 0.505 | G61: 0.49 | H61: 0.53 | I61: 0.52 | J61: 0.51 | K61: 0.5 | L61: 0.49 | M61: 0.48 | N61: 0.47 | O61: 0.46 | P61: 0.45 | Q61: 0.44 | R61: 0.42 | S61: 0.42 | T61: 0.38 | U61: 0.37 | V61: 0.33
B62: 60 | C62: 0.515 | D62: 0.495 | E62: 0.465 | F62: 0.445 | G62: 0.43 | H62: 0.47 | I62: 0.46 | J62: 0.45 | K62: 0.44 | L62: 0.43 | M62: 0.42 | N62: 0.41 | O62: 0.4 | P62: 0.39 | Q62: 0.38 | R62: 0.36 | S62: 0.36 | T62: 0.32 | U62: 0.31 | V62: 0.27
B65: A | C65: SA1 | D65: SA | E65: A1 | F65: A | G65: B | H65: C | I65: D | J65: E | K65: F | L65: G | M65: H | N65: I | O65: J | P65: K | Q65: L | R65: M | S65: M | T65: P | U65: S | V65: T | W65: X
B66: 12 | C66: 0.805 | D66: 0.8 | E66: 0.795 | F66: 0.79 | G66: 0.78 | H66: 0.77 | I66: 0.76 | J66: 0.75 | K66: 0.74 | L66: 0.73 | M66: 0.72 | N66: 0.71 | O66: 0.7 | P66: 0.69 | Q66: 0.68 | R66: 0.67 | S66: 0.67 | T66: 0.64 | U66: 0.61 | V66: 0.6 | W66: 0.56
B67: 24 | C67: 0.725 | D67: 0.72 | E67: 0.715 | F67: 0.71 | G67: 0.7 | H67: 0.69 | I67: 0.68 | J67: 0.67 | K67: 0.66 | L67: 0.65 | M67: 0.64 | N67: 0.63 | O67: 0.62 | P67: 0.61 | Q67: 0.6 | R67: 0.59 | S67: 0.59 | T67: 0.56 | U67: 0.53 | V67: 0.52 | W67: 0.48
B68: 36 | C68: 0.635 | D68: 0.63 | E68: 0.625 | F68: 0.62 | G68: 0.61 | H68: 0.6 | I68: 0.59 | J68: 0.58 | K68: 0.57 | L68: 0.56 | M68: 0.55 | N68: 0.54 | O68: 0.53 | P68: 0.52 | Q68: 0.51 | R68: 0.5 | S68: 0.5 | T68: 0.47 | U68: 0.44 | V68: 0.43 | W68: 0.39
B69: 48 | C69: 0.555 | D69: 0.55 | E69: 0.545 | F69: 0.54 | G69: 0.53 | H69: 0.52 | I69: 0.51 | J69: 0.5 | K69: 0.49 | L69: 0.48 | M69: 0.47 | N69: 0.46 | O69: 0.45 | P69: 0.44 | Q69: 0.43 | R69: 0.42 | S69: 0.42 | T69: 0.39 | U69: 0.36 | V69: 0.35 | W69: 0.31
B70: 60 | C70: 0.495 | D70: 0.49 | E70: 0.485 | F70: 0.48 | G70: 0.47 | H70: 0.46 | I70: 0.45 | J70: 0.44 | K70: 0.43 | L70: 0.42 | M70: 0.41 | N70: 0.4 | O70: 0.39 | P70: 0.38 | Q70: 0.37 | R70: 0.36 | S70: 0.36 | T70: 0.33 | U70: 0.3 | V70: 0.29 | W70: 0.25
B73: V | C73: S+ | D73: S | E73: A+ | F73: AA | G73: A | H73: B | I73: C | J73: D | K73: Special RV
B74: 24 | C74: 0.7 | D74: 0.68 | E74: 0.65 | F74: 0.64 | G74: 0.63 | H74: 0.6 | I74: 0.55 | J74: 0.5 | K74: 0.64
B75: 36 | C75: 0.64 | D75: 0.6 | E75: 0.59 | F75: 0.55 | G75: 0.51 | H75: 0.48 | I75: 0.45 | J75: 0.4 | K75: 0.54
B76: 48 | C76: 0.58 | D76: 0.54 | E76: 0.52 | F76: 0.48 | G76: 0.44 | H76: 0.4 | I76: 0.37 | J76: 0.35 | K76: 0.49
B77: 60 | C77: 0.5 | D77: 0.48 | E77: 0.46 | F77: 0.42 | G77: 0.4 | H77: 0.3 | I77: 0.3 | J77: 0.3 | K77: 0.44

Sheet 취득세
B2: 운용리스 | E2: 금융리스 | H2: 할부
B3: 차량가격 | C3: ='운용리스 내부'!D13 -> 65800000 | E3: 차량가격 | F3: ='금융리스 내부'!D13 -> 40000000 | H3: 차량가격 | I3: ='할부 내부'!D13 -> 39000000
B4: 과세표준 | C4: =+C3/1.1 -> 59818182 | E4: 과세표준 | F4: =+F3/1.1 -> 36363636 | H4: 과세표준 | I4: =+I3/1.1 -> 35454545
B5: 차종 | C5: ='운용리스 내부'!D6 -> A6 e-tron Performance Advanced | E5: 차종 | F5: ='금융리스 내부'!D7 -> ATTO 3 Plus | H5: 차종 | I5: ='할부 내부'!D7 -> ATTO 3
B6: =VLOOKUP(C5,차종!E:I,5,FALSE) -> 승용 | C6: =VLOOKUP(B6,B11:F20,5,FALSE) -> 4187270 | E6: =VLOOKUP(F5,차종!E:I,5,FALSE) -> 전기 | F6: =VLOOKUP(E6,B24:F33,5,FALSE) -> 1145450 | H6: =VLOOKUP(I5,차종!E:I,5,FALSE) -> 전기 | I6: =VLOOKUP(H6,B37:F46,5,FALSE) -> 1081810
B9: 구분 | C9: 당사명의 | G9: 이용자명의
C10: 취득세 | E10: 하이브리드감면 | F10: 최종납부액 | G10: 취득세 | I10: 하이브리드감면 | J10: 납부취득세 | K10: 등록면허세 | M10: 최종납부액
B11: 승용 | C11: 0.07 | D11: =ROUNDDOWN(C11*$C$4,-1) -> 4187270 | E11: 0 | F11: =+D11-E11 -> 4187270 | G11: 0.02 | H11: 4545450 | J11: 4545450 | K11: 0.05 | L11: 11363630 | M11: 15909080
B12: RV(5인이하) | C12: 0.07 | D12: =ROUNDDOWN(C12*$C$4,-1) -> 4187270 | E12: 0 | F12: =+D12-E12 -> 4187270 | G12: 0.02 | H12: 4545450 | J12: 4545450 | K12: 0.05 | L12: 11363630 | M12: 15909080
B13: RV(7-10인) | C13: 0.07 | D13: =ROUNDDOWN(C13*$C$4,-1) -> 4187270 | E13: 0 | F13: =+D13-E13 -> 4187270 | G13: 0.02 | H13: 4545450 | J13: 4545450 | K13: 0.05 | L13: 11363630 | M13: 15909080
B14: RV(11인이상) | C14: 0.05 | D14: =ROUNDDOWN(C14*$C$4,-1) -> 2990900 | E14: 0 | F14: =+D14-E14 -> 2990900 | G14: 0.02 | H14: 4545450 | J14: 4545450 | K14: 0.03 | L14: 6818180 | M14: 11363630
B15: 하이브리드 A | C15: 0.07 | D15: =ROUNDDOWN(C15*$C$4,-1) -> 4187270 | E15: 0 | F15: =+D15-E15 -> 4187270 | G15: 0.02 | H15: 4545450 | I15: 114285.71 | J15: 4431164.3 | K15: 0.05 | L15: 11363630 | M15: 15794794
B16: 하이브리드 B | C16: 0.07 | D16: =ROUNDDOWN(C16*$C$4,-1) -> 4187270 | E16: 0 | F16: =+D16-E16 -> 4187270 | G16: 0.02 | H16: 4545450 | J16: 4545450 | K16: 0.05 | L16: 11363630 | M16: 15909080
B17: 화물 | C17: 0.05 | D17: =ROUNDDOWN(C17*$C$4,-1) -> 2990900 | E17: 0 | F17: =+D17-E17 -> 2990900 | G17: 0.02 | H17: 4545450 | J17: 4545450 | K17: 0.03 | L17: 6818180 | M17: 11363630
B18: 플러그인HEV A | C18: 0.07 | D18: =ROUNDDOWN(C18*$C$4,-1) -> 4187270 | E18: 0 | F18: =+D18-E18 -> 4187270 | G18: 0.02 | H18: 4545450 | I18: 114285.71 | J18: 4431164.3 | K18: 0.05 | L18: 11363630 | M18: 15794794
B19: 플러그인HEV B | C19: 0.07 | D19: =ROUNDDOWN(C19*$C$4,-1) -> 4187270 | E19: 0 | F19: =+D19-E19 -> 4187270 | G19: 0.02 | H19: 4545450 | J19: 4545450 | K19: 0.05 | L19: 11363630 | M19: 15909080
B20: 전기 | C20: 0.07 | D20: =ROUNDDOWN(C20*$C$4,-1) -> 4187270 | E20: 1400000 | F20: =+D20-E20 -> 2787270
B22: 구분 | C22: 당사명의 | G22: 이용자명의
C23: 취득세 | E23: 하이브리드감면 | F23: 최종납부액 | G23: 취득세 | I23: 하이브리드감면 | J23: 납부취득세 | K23: 등록면허세 | M23: 최종납부액
B24: 승용 | C24: 0.07 | D24: =ROUNDDOWN(C24*$F$4,-1) -> 2545450 | E24: 0 | F24: =+D24-E24 -> 2545450 | G24: 0.02 | H24: 4545450 | J24: 4545450 | K24: 0.05 | L24: 11363630 | M24: 15909080
B25: RV(5인이하) | C25: 0.07 | D25: =ROUNDDOWN(C25*$F$4,-1) -> 2545450 | E25: 0 | F25: =+D25-E25 -> 2545450 | G25: 0.02 | H25: 4545450 | J25: 4545450 | K25: 0.05 | L25: 11363630 | M25: 15909080
B26: RV(7-10인) | C26: 0.07 | D26: =ROUNDDOWN(C26*$F$4,-1) -> 2545450 | E26: 0 | F26: =+D26-E26 -> 2545450 | G26: 0.02 | H26: 4545450 | J26: 4545450 | K26: 0.05 | L26: 11363630 | M26: 15909080
B27: RV(11인이상) | C27: 0.05 | D27: =ROUNDDOWN(C27*$F$4,-1) -> 1818180 | E27: 0 | F27: =+D27-E27 -> 1818180 | G27: 0.02 | H27: 4545450 | J27: 4545450 | K27: 0.03 | L27: 6818180 | M27: 11363630
B28: 하이브리드 A | C28: 0.07 | D28: =ROUNDDOWN(C28*$F$4,-1) -> 2545450 | E28: 0 | F28: =+D28-E28 -> 2545450 | G28: 0.02 | H28: 4545450 | I28: 114285.71 | J28: 4431164.3 | K28: 0.05 | L28: 11363630 | M28: 15794794
B29: 하이브리드 B | C29: 0.07 | D29: =ROUNDDOWN(C29*$F$4,-1) -> 2545450 | E29: 0 | F29: =+D29-E29 -> 2545450 | G29: 0.02 | H29: 4545450 | J29: 4545450 | K29: 0.05 | L29: 11363630 | M29: 15909080
B30: 화물 | C30: 0.05 | D30: =ROUNDDOWN(C30*$F$4,-1) -> 1818180 | E30: 0 | F30: =+D30-E30 -> 1818180 | G30: 0.02 | H30: 4545450 | J30: 4545450 | K30: 0.03 | L30: 6818180 | M30: 11363630
B31: 플러그인HEV A | C31: 0.07 | D31: =ROUNDDOWN(C31*$F$4,-1) -> 2545450 | E31: 0 | F31: =+D31-E31 -> 2545450 | G31: 0.02 | H31: 4545450 | I31: 114285.71 | J31: 4431164.3 | K31: 0.05 | L31: 11363630 | M31: 15794794
B32: 플러그인HEV B | C32: 0.07 | D32: =ROUNDDOWN(C32*$F$4,-1) -> 2545450 | E32: 0 | F32: =+D32-E32 -> 2545450 | G32: 0.02 | H32: 4545450 | J32: 4545450 | K32: 0.05 | L32: 11363630 | M32: 15909080
B33: 전기 | C33: 0.07 | D33: =ROUNDDOWN(C33*$F$4,-1) -> 2545450 | E33: 1400000 | F33: =+D33-E33 -> 1145450
B35: 구분 | C35: 당사명의 | G35: 이용자명의
C36: 취득세 | E36: 하이브리드감면 | F36: 최종납부액 | G36: 취득세 | I36: 하이브리드감면 | J36: 납부취득세 | K36: 등록면허세 | M36: 최종납부액
B37: 승용 | C37: 0.07 | D37: =ROUNDDOWN(C37*$I$4,-1) -> 2481810 | E37: 0 | F37: =+D37-E37 -> 2481810 | G37: 0.02 | H37: 4545450 | J37: 4545450 | K37: 0.05 | L37: 11363630 | M37: 15909080
B38: RV(5인이하) | C38: 0.07 | D38: =ROUNDDOWN(C38*$I$4,-1) -> 2481810 | E38: 0 | F38: =+D38-E38 -> 2481810 | G38: 0.02 | H38: 4545450 | J38: 4545450 | K38: 0.05 | L38: 11363630 | M38: 15909080
B39: RV(7-10인) | C39: 0.07 | D39: =ROUNDDOWN(C39*$I$4,-1) -> 2481810 | E39: 0 | F39: =+D39-E39 -> 2481810 | G39: 0.02 | H39: 4545450 | J39: 4545450 | K39: 0.05 | L39: 11363630 | M39: 15909080
B40: RV(11인이상) | C40: 0.05 | D40: =ROUNDDOWN(C40*$I$4,-1) -> 1772720 | E40: 0 | F40: =+D40-E40 -> 1772720 | G40: 0.02 | H40: 4545450 | J40: 4545450 | K40: 0.03 | L40: 6818180 | M40: 11363630
B41: 하이브리드 A | C41: 0.07 | D41: =ROUNDDOWN(C41*$I$4,-1) -> 2481810 | E41: 0 | F41: =+D41-E41 -> 2481810 | G41: 0.02 | H41: 4545450 | I41: 114285.71 | J41: 4431164.3 | K41: 0.05 | L41: 11363630 | M41: 15794794
B42: 하이브리드 B | C42: 0.07 | D42: =ROUNDDOWN(C42*$I$4,-1) -> 2481810 | E42: 0 | F42: =+D42-E42 -> 2481810 | G42: 0.02 | H42: 4545450 | J42: 4545450 | K42: 0.05 | L42: 11363630 | M42: 15909080
B43: 화물 | C43: 0.05 | D43: =ROUNDDOWN(C43*$I$4,-1) -> 1772720 | E43: 0 | F43: =+D43-E43 -> 1772720 | G43: 0.02 | H43: 4545450 | J43: 4545450 | K43: 0.03 | L43: 6818180 | M43: 11363630
B44: 플러그인HEV A | C44: 0.07 | D44: =ROUNDDOWN(C44*$I$4,-1) -> 2481810 | E44: 0 | F44: =+D44-E44 -> 2481810 | G44: 0.02 | H44: 4545450 | I44: 114285.71 | J44: 4431164.3 | K44: 0.05 | L44: 11363630 | M44: 15794794
B45: 플러그인HEV B | C45: 0.07 | D45: =ROUNDDOWN(C45*$I$4,-1) -> 2481810 | E45: 0 | F45: =+D45-E45 -> 2481810 | G45: 0.02 | H45: 4545450 | J45: 4545450 | K45: 0.05 | L45: 11363630 | M45: 15909080
B46: 전기 | C46: 0.07 | D46: =ROUNDDOWN(C46*$I$4,-1) -> 2481810 | E46: 1400000 | F46: =+D46-E46 -> 1081810

Sheet 공채&차세
B2: ※운용리스 | K2: 금융리스 | T2: 할부
B3: 차량가격 | C3: ='운용리스 내부'!D13 -> 65800000 | E3: 차량종류 | F3: 공채금액 | K3: 차량가격 | L3: ='금융리스 내부'!D13 -> 40000000 | N3: 차량종류 | O3: 공채금액 | T3: 차량가격 | U3: ='할부 내부'!D13 -> 39000000 | W3: 차량종류 | X3: 공채금액
B4: 과세표준 | C4: =+C3/1.1 -> 59818182 | E4: =VLOOKUP('운용리스 내부'!D6,차종!E:N,10,0) -> 승용 | F4: =IF($I$13="서울",B47,IF($I$13="부산",C47,IF($I$13="경남",D47,IF($I$13="대구",E47,IF($I$13="인천",F47,G47))))) -> 0 | K4: 과세표준 | L4: =+L3/1.1 -> 36363636 | N4: =VLOOKUP('금융리스 내부'!D7,차종!E:N,10,0) -> RV(5인이하) | O4: =IF($R$13="서울",K47,IF($R$13="부산",L47,IF($R$13="경남",M47,IF($R$13="대구",N47,IF($R$13="인천",O47,P47))))) -> 0 | T4: 과세표준 | U4: =+U3/1.1 -> 35454545 | W4: =VLOOKUP('할부 내부'!D7,차종!E:N,10,0) -> RV(5인이하) | X4: =IF($AA$13="서울",T47,IF($AA$13="부산",U47,IF($AA$13="경남",V47,IF($AA$13="대구",W47,IF($AA$13="인천",X47,Y47))))) -> 0
B5: 할인율 | C5: ='운용리스 내부'!D17 -> 0 | E5: 배기량 | F5: =VLOOKUP('운용리스 내부'!D6,차종!E:N,3,0) -> 0 | K5: 할인율 | L5: ='금융리스 내부'!D17 -> 0.09 | N5: 배기량 | O5: =VLOOKUP('금융리스 내부'!D7,차종!E:N,3,0) -> 0 | T5: 할인율 | U5: ='할부 내부'!D17 -> 0.09 | W5: 배기량 | X5: =VLOOKUP('할부 내부'!D7,차종!E:N,3,0) -> 0
B7: 공채테이블 | I7: 서울 | K7: 공채테이블 | R7: 서울 | T7: 공채테이블 | AA7: 서울
I8: 부산 | R8: 부산 | AA8: 부산
B9: 구분 | D9: 1,000cc미만 | E9: 1,000cc이상 | F9: 1,600cc초과 | G9: 2,000cc초과 | I9: 경남 | K9: 구분 | M9: 1,000cc미만 | N9: 1,000cc이상 | O9: 1,600cc초과 | P9: 2,000cc초과 | R9: 경남 | T9: 구분 | V9: 1,000cc미만 | W9: 1,000cc이상 | X9: 1,600cc초과 | Y9: 2,000cc초과 | AA9: 경남
B10: 서울 | C10: 승용 | D10: 0 | E10: 0.12 | F10: 0.12 | G10: 0.2 | I10: 대구 | K10: 서울 | L10: 승용 | M10: 0 | N10: 0.12 | O10: 0.12 | P10: 0.2 | R10: 대구 | T10: 서울 | U10: 승용 | V10: 0 | W10: 0.12 | X10: 0.12 | Y10: 0.2 | AA10: 대구
C11: RV(5인이하) | D11: 0 | E11: 0.05 | F11: 0.05 | G11: 0.05 | I11: 인천 | L11: RV(5인이하) | M11: 0 | N11: 0.05 | O11: 0.05 | P11: 0.05 | R11: 인천 | U11: RV(5인이하) | V11: 0 | W11: 0.05 | X11: 0.05 | Y11: 0.05 | AA11: 인천
C12: RV(7-10인) | D12: 0 | E12: 390000 | F12: 390000 | G12: 390000 | I12: 지방(기타) | L12: RV(7-10인) | M12: 0 | N12: 390000 | O12: 390000 | P12: 390000 | R12: 지방(기타) | U12: RV(7-10인) | V12: 0 | W12: 390000 | X12: 390000 | Y12: 390000 | AA12: 지방(기타)
C13: RV(11인이상) | I13: ='운용리스 내부'!D16 -> 부산 | L13: RV(11인이상) | R13: ='금융리스 내부'!D16 -> 인천 | U13: RV(11인이상) | AA13: ='할부 내부'!D16 -> 서울
C14: 화물 | L14: 화물 | U14: 화물
B15: 부산 | C15: 승용 | D15: 0 | E15: 0 | F15: 0 | G15: 0.05 | K15: 부산 | L15: 승용 | M15: 0 | N15: 0 | O15: 0 | P15: 0.05 | T15: 부산 | U15: 승용 | V15: 0 | W15: 0 | X15: 0 | Y15: 0.05
C16: RV(5인이하) | D16: 0 | E16: 0 | F16: 0 | G16: 0 | L16: RV(5인이하) | M16: 0 | N16: 0 | O16: 0 | P16: 0 | U16: RV(5인이하) | V16: 0 | W16: 0 | X16: 0 | Y16: 0
C17: RV(7-10인) | D17: 0 | E17: 0 | F17: 0 | G17: 0 | L17: RV(7-10인) | M17: 0 | N17: 0 | O17: 0 | P17: 0 | U17: RV(7-10인) | V17: 0 | W17: 0 | X17: 0 | Y17: 0
C18: RV(11인이상) | L18: RV(11인이상) | U18: RV(11인이상)
C19: 화물 | L19: 화물 | U19: 화물
B20: 경남 | C20: 승용 | D20: 0 | E20: 0.04 | F20: 0.04 | G20: 0.05 | K20: 경남 | L20: 승용 | M20: 0 | N20: 0.04 | O20: 0.04 | P20: 0.05 | T20: 경남 | U20: 승용 | V20: 0 | W20: 0.04 | X20: 0.04 | Y20: 0.05
C21: RV(5인이하) | D21: 0 | E21: 0.04 | F21: 0.04 | G21: 0.04 | L21: RV(5인이하) | M21: 0 | N21: 0.04 | O21: 0.04 | P21: 0.04 | U21: RV(5인이하) | V21: 0 | W21: 0.04 | X21: 0.04 | Y21: 0.04
C22: RV(7-10인) | D22: 0 | E22: 390000 | F22: 390000 | G22: 390000 | L22: RV(7-10인) | M22: 0 | N22: 390000 | O22: 390000 | P22: 390000 | U22: RV(7-10인) | V22: 0 | W22: 390000 | X22: 390000 | Y22: 390000
C23: RV(11인이상) | L23: RV(11인이상) | U23: RV(11인이상)
C24: 화물 | L24: 화물 | U24: 화물
B25: 대구 | C25: 승용 | D25: 0 | E25: 0 | F25: 0 | G25: 0.05 | K25: 대구 | L25: 승용 | M25: 0 | N25: 0 | O25: 0 | P25: 0.05 | T25: 대구 | U25: 승용 | V25: 0 | W25: 0 | X25: 0 | Y25: 0.05
C26: RV(5인이하) | D26: 0 | E26: 0 | F26: 0 | G26: 0 | L26: RV(5인이하) | M26: 0 | N26: 0 | O26: 0 | P26: 0 | U26: RV(5인이하) | V26: 0 | W26: 0 | X26: 0 | Y26: 0
C27: RV(7-10인) | D27: 0 | E27: 0 | F27: 0 | G27: 0 | L27: RV(7-10인) | M27: 0 | N27: 0 | O27: 0 | P27: 0 | U27: RV(7-10인) | V27: 0 | W27: 0 | X27: 0 | Y27: 0
C28: RV(11인이상) | L28: RV(11인이상) | U28: RV(11인이상)
C29: 화물 | L29: 화물 | U29: 화물
B30: 인천 | C30: 승용 | D30: 0 | E30: 0 | F30: 0 | G30: 0.05 | K30: 인천 | L30: 승용 | M30: 0 | N30: 0 | O30: 0 | P30: 0.05 | T30: 인천 | U30: 승용 | V30: 0 | W30: 0 | X30: 0 | Y30: 0.05
C31: RV(5인이하) | D31: 0 | E31: 0 | F31: 0 | G31: 0 | L31: RV(5인이하) | M31: 0 | N31: 0 | O31: 0 | P31: 0 | U31: RV(5인이하) | V31: 0 | W31: 0 | X31: 0 | Y31: 0
C32: RV(7-10인) | D32: 0 | E32: 0 | F32: 0 | G32: 0 | L32: RV(7-10인) | M32: 0 | N32: 0 | O32: 0 | P32: 0 | U32: RV(7-10인) | V32: 0 | W32: 0 | X32: 0 | Y32: 0
C33: RV(11인이상) | L33: RV(11인이상) | U33: RV(11인이상)
C34: 화물 | L34: 화물 | U34: 화물
B35: 지방(기타) | C35: 승용 | D35: 0 | E35: 0.06 | F35: 0.08 | G35: 0.12 | K35: 지방(기타) | L35: 승용 | M35: 0 | N35: 0.06 | O35: 0.08 | P35: 0.12 | T35: 지방(기타) | U35: 승용 | V35: 0 | W35: 0.06 | X35: 0.08 | Y35: 0.12
C36: RV(5인이하) | D36: 0 | E36: 0.06 | F36: 0.08 | G36: 0.12 | L36: RV(5인이하) | M36: 0 | N36: 0.06 | O36: 0.08 | P36: 0.12 | U36: RV(5인이하) | V36: 0 | W36: 0.06 | X36: 0.08 | Y36: 0.12
C37: RV(7-10인) | D37: 0 | E37: 0.06 | F37: 0.08 | G37: 0.12 | L37: RV(7-10인) | M37: 0 | N37: 0.06 | O37: 0.08 | P37: 0.12 | U37: RV(7-10인) | V37: 0 | W37: 0.06 | X37: 0.08 | Y37: 0.12
B39: 서울 | C39: 비용 | D39: 0 | E39: =IF($E$4="승용",($C$4/1.1)*E10*$C$5,IF($E$4="RV(5인이하)",($C$4/1.1)*E11*$C$5,IF($E$4="RV(7-10인)",E12*$C$5,IF($E$4="RV(11인이상)",E13*$C$5,E14*$C$5)))) -> 0 | F39: =IF($E$4="승용",($C$4/1.1)*F10*$C$5,IF($E$4="RV(5인이하)",($C$4/1.1)*F11*$C$5,IF($E$4="RV(7-10인)",F12*$C$5,IF($E$4="RV(11인이상)",F13*$C$5,F14*$C$5)))) -> 0 | G39: =IF($E$4="승용",($C$4/1.1)*G10*$C$5,IF($E$4="RV(5인이하)",($C$4/1.1)*G11*$C$5,IF($E$4="RV(7-10인)",G12*$C$5,IF($E$4="RV(11인이상)",G13*$C$5,G14*$C$5)))) -> 0 | K39: 서울 | L39: 비용 | M39: 0 | N39: =IF($N$4="승용",($L$4/1.1)*N10*$L$5,IF($N$4="RV(5인이하)",($L$4/1.1)*N11*$L$5,IF($N$4="RV(7-10인)",N12*$L$5,IF($N$4="RV(11인이상)",N13*$L$5,N14*$L$5)))) -> 148760.33 | O39: =IF($N$4="승용",($L$4/1.1)*O10*$L$5,IF($N$4="RV(5인이하)",($L$4/1.1)*O11*$L$5,IF($N$4="RV(7-10인)",O12*$L$5,IF($N$4="RV(11인이상)",O13*$L$5,O14*$L$5)))) -> 148760.33 | P39: =IF($N$4="승용",($L$4/1.1)*P10*$L$5,IF($N$4="RV(5인이하)",($L$4/1.1)*P11*$L$5,IF($N$4="RV(7-10인)",P12*$L$5,IF($N$4="RV(11인이상)",P13*$L$5,P14*$L$5)))) -> 148760.33 | T39: 서울 | U39: 비용 | V39: 0 | W39: =IF($W$4="승용",($U$4/1.1)*W10*$U$5,IF($W$4="RV(5인이하)",($U$4/1.1)*W11*$U$5,IF($W$4="RV(7-10인)",W12*$U$5,IF($W$4="RV(11인이상)",W13*$U$5,W14*$U$5)))) -> 145041.32 | X39: =IF($W$4="승용",($U$4/1.1)*X10*$U$5,IF($W$4="RV(5인이하)",($U$4/1.1)*X11*$U$5,IF($W$4="RV(7-10인)",X12*$U$5,IF($W$4="RV(11인이상)",X13*$U$5,X14*$U$5)))) -> 145041.32 | Y39: =IF($W$4="승용",($U$4/1.1)*Y10*$U$5,IF($W$4="RV(5인이하)",($U$4/1.1)*Y11*$U$5,IF($W$4="RV(7-10인)",Y12*$U$5,IF($W$4="RV(11인이상)",Y13*$U$5,Y14*$U$5)))) -> 145041.32
B40: 부산 | D40: 0 | E40: =IF($E$4="승용",($C$4/1.1)*E15*$C$5,IF($E$4="RV(5인이하)",($C$4/1.1)*E16*$C$5,IF($E$4="RV(7-10인)",E17*$C$5,IF($E$4="RV(11인이상)",E18*$C$5,E19*$C$5)))) -> 0 | F40: =IF($E$4="승용",($C$4/1.1)*F15*$C$5,IF($E$4="RV(5인이하)",($C$4/1.1)*F16*$C$5,IF($E$4="RV(7-10인)",F17*$C$5,IF($E$4="RV(11인이상)",F18*$C$5,F19*$C$5)))) -> 0 | G40: =IF($E$4="승용",($C$4/1.1)*G15*$C$5,IF($E$4="RV(5인이하)",($C$4/1.1)*G16*$C$5,IF($E$4="RV(7-10인)",G17*$C$5,IF($E$4="RV(11인이상)",G18*$C$5,G19*$C$5)))) -> 0 | K40: 부산 | M40: 0 | N40: =IF($N$4="승용",($L$4/1.1)*N15*$L$5,IF($N$4="RV(5인이하)",($L$4/1.1)*N16*$L$5,IF($N$4="RV(7-10인)",N17*$L$5,IF($N$4="RV(11인이상)",N18*$L$5,N19*$L$5)))) -> 0 | O40: =IF($N$4="승용",($L$4/1.1)*O15*$L$5,IF($N$4="RV(5인이하)",($L$4/1.1)*O16*$L$5,IF($N$4="RV(7-10인)",O17*$L$5,IF($N$4="RV(11인이상)",O18*$L$5,O19*$L$5)))) -> 0 | P40: =IF($N$4="승용",($L$4/1.1)*P15*$L$5,IF($N$4="RV(5인이하)",($L$4/1.1)*P16*$L$5,IF($N$4="RV(7-10인)",P17*$L$5,IF($N$4="RV(11인이상)",P18*$L$5,P19*$L$5)))) -> 0 | T40: 부산 | V40: 0 | W40: =IF($W$4="승용",($U$4/1.1)*W15*$U$5,IF($W$4="RV(5인이하)",($U$4/1.1)*W16*$U$5,IF($W$4="RV(7-10인)",W17*$U$5,IF($W$4="RV(11인이상)",W18*$U$5,W19*$U$5)))) -> 0 | X40: =IF($W$4="승용",($U$4/1.1)*X15*$U$5,IF($W$4="RV(5인이하)",($U$4/1.1)*X16*$U$5,IF($W$4="RV(7-10인)",X17*$U$5,IF($W$4="RV(11인이상)",X18*$U$5,X19*$U$5)))) -> 0 | Y40: =IF($W$4="승용",($U$4/1.1)*Y15*$U$5,IF($W$4="RV(5인이하)",($U$4/1.1)*Y16*$U$5,IF($W$4="RV(7-10인)",Y17*$U$5,IF($W$4="RV(11인이상)",Y18*$U$5,Y19*$U$5)))) -> 0
B41: 경남 | D41: 0 | E41: =IF($E$4="승용",($C$4/1.1)*E20*$C$5,IF($E$4="RV(5인이하)",($C$4/1.1)*E21*$C$5,IF($E$4="RV(7-10인)",E22*$C$5,IF($E$4="RV(11인이상)",E23*$C$5,E24*$C$5)))) -> 0 | F41: =IF($E$4="승용",($C$4/1.1)*F20*$C$5,IF($E$4="RV(5인이하)",($C$4/1.1)*F21*$C$5,IF($E$4="RV(7-10인)",F22*$C$5,IF($E$4="RV(11인이상)",F23*$C$5,F24*$C$5)))) -> 0 | G41: =IF($E$4="승용",($C$4/1.1)*G20*$C$5,IF($E$4="RV(5인이하)",($C$4/1.1)*G21*$C$5,IF($E$4="RV(7-10인)",G22*$C$5,IF($E$4="RV(11인이상)",G23*$C$5,G24*$C$5)))) -> 0 | K41: 경남 | M41: 0 | N41: =IF($N$4="승용",($L$4/1.1)*N20*$L$5,IF($N$4="RV(5인이하)",($L$4/1.1)*N21*$L$5,IF($N$4="RV(7-10인)",N22*$L$5,IF($N$4="RV(11인이상)",N23*$L$5,N24*$L$5)))) -> 119008.26 | O41: =IF($N$4="승용",($L$4/1.1)*O20*$L$5,IF($N$4="RV(5인이하)",($L$4/1.1)*O21*$L$5,IF($N$4="RV(7-10인)",O22*$L$5,IF($N$4="RV(11인이상)",O23*$L$5,O24*$L$5)))) -> 119008.26 | P41: =IF($N$4="승용",($L$4/1.1)*P20*$L$5,IF($N$4="RV(5인이하)",($L$4/1.1)*P21*$L$5,IF($N$4="RV(7-10인)",P22*$L$5,IF($N$4="RV(11인이상)",P23*$L$5,P24*$L$5)))) -> 119008.26 | T41: 경남 | V41: 0 | W41: =IF($W$4="승용",($U$4/1.1)*W20*$U$5,IF($W$4="RV(5인이하)",($U$4/1.1)*W21*$U$5,IF($W$4="RV(7-10인)",W22*$U$5,IF($W$4="RV(11인이상)",W23*$U$5,W24*$U$5)))) -> 116033.06 | X41: =IF($W$4="승용",($U$4/1.1)*X20*$U$5,IF($W$4="RV(5인이하)",($U$4/1.1)*X21*$U$5,IF($W$4="RV(7-10인)",X22*$U$5,IF($W$4="RV(11인이상)",X23*$U$5,X24*$U$5)))) -> 116033.06 | Y41: =IF($W$4="승용",($U$4/1.1)*Y20*$U$5,IF($W$4="RV(5인이하)",($U$4/1.1)*Y21*$U$5,IF($W$4="RV(7-10인)",Y22*$U$5,IF($W$4="RV(11인이상)",Y23*$U$5,Y24*$U$5)))) -> 116033.06
B42: 대구 | D42: 0 | E42: =IF($E$4="승용",($C$4/1.1)*E25*$C$5,IF($E$4="RV(5인이하)",($C$4/1.1)*E26*$C$5,IF($E$4="RV(7-10인)",E27*$C$5,IF($E$4="RV(11인이상)",E28*$C$5,E29*$C$5)))) -> 0 | F42: =IF($E$4="승용",($C$4/1.1)*F25*$C$5,IF($E$4="RV(5인이하)",($C$4/1.1)*F26*$C$5,IF($E$4="RV(7-10인)",F27*$C$5,IF($E$4="RV(11인이상)",F28*$C$5,F29*$C$5)))) -> 0 | G42: =IF($E$4="승용",($C$4/1.1)*G25*$C$5,IF($E$4="RV(5인이하)",($C$4/1.1)*G26*$C$5,IF($E$4="RV(7-10인)",G27*$C$5,IF($E$4="RV(11인이상)",G28*$C$5,G29*$C$5)))) -> 0 | K42: 대구 | M42: 0 | N42: =IF($N$4="승용",($L$4/1.1)*N25*$L$5,IF($N$4="RV(5인이하)",($L$4/1.1)*N26*$L$5,IF($N$4="RV(7-10인)",N27*$L$5,IF($N$4="RV(11인이상)",N28*$L$5,N29*$L$5)))) -> 0 | O42: =IF($N$4="승용",($L$4/1.1)*O25*$L$5,IF($N$4="RV(5인이하)",($L$4/1.1)*O26*$L$5,IF($N$4="RV(7-10인)",O27*$L$5,IF($N$4="RV(11인이상)",O28*$L$5,O29*$L$5)))) -> 0 | P42: =IF($N$4="승용",($L$4/1.1)*P25*$L$5,IF($N$4="RV(5인이하)",($L$4/1.1)*P26*$L$5,IF($N$4="RV(7-10인)",P27*$L$5,IF($N$4="RV(11인이상)",P28*$L$5,P29*$L$5)))) -> 0 | T42: 대구 | V42: 0 | W42: =IF($W$4="승용",($U$4/1.1)*W25*$U$5,IF($W$4="RV(5인이하)",($U$4/1.1)*W26*$U$5,IF($W$4="RV(7-10인)",W27*$U$4,IF($W$4="RV(11인이상)",W28*$U$5,W29*$U$5)))) -> 0 | X42: =IF($W$4="승용",($U$4/1.1)*X25*$U$5,IF($W$4="RV(5인이하)",($U$4/1.1)*X26*$U$5,IF($W$4="RV(7-10인)",X27*$U$4,IF($W$4="RV(11인이상)",X28*$U$5,X29*$U$5)))) -> 0 | Y42: =IF($W$4="승용",($U$4/1.1)*Y25*$U$5,IF($W$4="RV(5인이하)",($U$4/1.1)*Y26*$U$5,IF($W$4="RV(7-10인)",Y27*$U$4,IF($W$4="RV(11인이상)",Y28*$U$5,Y29*$U$5)))) -> 0
B43: 인천 | D43: 0 | E43: =IF($E$4="승용",($C$4/1.1)*E30*$C$5,IF($E$4="RV(5인이하)",($C$4/1.1)*E31*$C$5,IF($E$4="RV(7-10인)",E32*$C$5,IF($E$4="RV(11인이상)",E33*$C$5,E34*$C$5)))) -> 0 | F43: =IF($E$4="승용",($C$3/1.1)*F30*$C$5,IF($E$4="RV(5인이하)",($C$3/1.1)*F31*$C$5,IF($E$4="RV(7-10인)",F32*$C$5,IF($E$4="RV(11인이상)",F33*$C$5,F34*$C$5)))) -> 0 | G43: =IF($E$4="승용",($C$3/1.1)*G30*$C$5,IF($E$4="RV(5인이하)",($C$3/1.1)*G31*$C$5,IF($E$4="RV(7-10인)",G32*$C$5,IF($E$4="RV(11인이상)",G33*$C$5,G34*$C$5)))) -> 0 | K43: 인천 | M43: 0 | N43: =IF($N$4="승용",($L$4/1.1)*N30*$L$5,IF($N$4="RV(5인이하)",($L$4/1.1)*N31*$L$5,IF($N$4="RV(7-10인)",N32*$L$5,IF($N$4="RV(11인이상)",N33*$L$5,N34*$L$5)))) -> 0 | O43: =IF($N$4="승용",($L$4/1.1)*O30*$L$5,IF($N$4="RV(5인이하)",($L$4/1.1)*O31*$L$5,IF($N$4="RV(7-10인)",O32*$L$5,IF($N$4="RV(11인이상)",O33*$L$5,O34*$L$5)))) -> 0 | P43: =IF($N$4="승용",($L$4/1.1)*P30*$L$5,IF($N$4="RV(5인이하)",($L$4/1.1)*P31*$L$5,IF($N$4="RV(7-10인)",P32*$L$5,IF($N$4="RV(11인이상)",P33*$L$5,P34*$L$5)))) -> 0 | T43: 인천 | V43: 0 | W43: =IF($W$4="승용",($U$4/1.1)*W30*$U$5,IF($W$4="RV(5인이하)",($U$4/1.1)*W31*$U$5,IF($W$4="RV(7-10인)",W32*$U$5,IF($W$4="RV(11인이상)",W33*$U$5,W34*$U$5)))) -> 0 | X43: =IF($W$4="승용",($U$4/1.1)*X30*$U$5,IF($W$4="RV(5인이하)",($U$4/1.1)*X31*$U$5,IF($W$4="RV(7-10인)",X32*$U$5,IF($W$4="RV(11인이상)",X33*$U$5,X34*$U$5)))) -> 0 | Y43: =IF($W$4="승용",($U$4/1.1)*Y30*$U$5,IF($W$4="RV(5인이하)",($U$4/1.1)*Y31*$U$5,IF($W$4="RV(7-10인)",Y32*$U$5,IF($W$4="RV(11인이상)",Y33*$U$5,Y34*$U$5)))) -> 0
B44: 지방(기타) | D44: 0 | E44: =IF($E$4="승용",($C$4/1.1)*E35*$C$5,IF($E$4="RV(5인이하)",($C$4/1.1)*E36*$C$5,IF($E$4="RV(7-10인)",E37*$C$5,IF($E$4="RV(11인이상)",E38*$C$5)))) -> 0 | F44: =IF($E$4="승용",($C$4/1.1)*F35*$C$5,IF($E$4="RV(5인이하)",($C$4/1.1)*F36*$C$5,IF($E$4="RV(7-10인)",F37*$C$5,IF($E$4="RV(11인이상)",F38*$C$5)))) -> 0 | G44: =IF($E$4="승용",($C$4/1.1)*G35*$C$5,IF($E$4="RV(5인이하)",($C$4/1.1)*G36*$C$5,IF($E$4="RV(7-10인)",G37*$C$5,IF($E$4="RV(11인이상)",G38*$C$5)))) -> 0 | K44: 지방(기타) | M44: 0 | N44: =IF($N$4="승용",($L$4/1.1)*N35*$L$5,IF($N$4="RV(5인이하)",($L$4/1.1)*N36*$L$5,IF($N$4="RV(7-10인)",N37*$L$5,IF($N$4="RV(11인이상)",N38*$L$5)))) -> 178512.4 | O44: =IF($N$4="승용",($L$4/1.1)*O35*$L$5,IF($N$4="RV(5인이하)",($L$4/1.1)*O36*$L$5,IF($N$4="RV(7-10인)",O37*$L$5,IF($N$4="RV(11인이상)",O38*$L$5)))) -> 238016.53 | P44: =IF($N$4="승용",($L$4/1.1)*P35*$L$5,IF($N$4="RV(5인이하)",($L$4/1.1)*P36*$L$5,IF($N$4="RV(7-10인)",P37*$L$5,IF($N$4="RV(11인이상)",P38*$L$5)))) -> 357024.79 | T44: 지방(기타) | V44: 0 | W44: =IF($W$4="승용",($U$4/1.1)*W35*$U$5,IF($W$4="RV(5인이하)",($U$4/1.1)*W36*$U$5,IF($W$4="RV(7-10인)",W37*$U$5,IF($W$4="RV(11인이상)",W38*$U$5)))) -> 174049.59 | X44: =IF($W$4="승용",($U$4/1.1)*X35*$U$5,IF($W$4="RV(5인이하)",($U$4/1.1)*X36*$U$5,IF($W$4="RV(7-10인)",X37*$U$5,IF($W$4="RV(11인이상)",X38*$U$5)))) -> 232066.12 | Y44: =IF($W$4="승용",($U$4/1.1)*Y35*$U$5,IF($W$4="RV(5인이하)",($U$4/1.1)*Y36*$U$5,IF($W$4="RV(7-10인)",Y37*$U$5,IF($W$4="RV(11인이상)",Y38*$U$5)))) -> 348099.17
B46: 서울 | C46: 부산 | D46: 경남 | E46: 대구 | F46: 인천 | G46: 지방(기타) | K46: 서울 | L46: 부산 | M46: 경남 | N46: 대구 | O46: 인천 | P46: 지방(기타) | T46: 서울 | U46: 부산 | V46: 경남 | W46: 대구 | X46: 인천 | Y46: 지방(기타)
B47: =TRUNC(IF($F$5<1000,D39,IF($F$5<=1600,E39,IF($F$5<=2000,F39,IF($F$5>2000,G39)))),-1) -> 0 | C47: =TRUNC(IF($F$5<1000,D40,IF($F$5<=1600,E40,IF($F$5<=2000,F40,IF($F$5>2000,G40)))),-1) -> 0 | D47: =TRUNC(IF($F$5<1000,D41,IF($F$5<=1600,E41,IF($F$5<=2000,F41,IF($F$5>2000,G41)))),-1) -> 0 | E47: =TRUNC(IF($F$5<1000,D42,IF($F$5<=1600,E42,IF($F$5<=2000,F42,IF($F$5>2000,G42)))),-1) -> 0 | F47: =TRUNC(IF($F$5<1000,D43,IF($F$5<=1600,E43,IF($F$5<=2000,F43,IF($F$5>2000,G43)))),-1) -> 0 | G47: =TRUNC(IF($F$5<1000,D44,IF($F$5<=1600,E44,IF($F$5<=2000,F44,IF($F$5>2000,G44)))),-1) -> 0 | K47: =TRUNC(IF($O$5<1000,M39,IF($O$5<=1600,N39,IF($O$5<=2000,O39,IF($O$5>2000,P39)))),-1) -> 0 | L47: =TRUNC(IF($O$5<1000,M40,IF($O$5<=1600,N40,IF($O$5<=2000,O40,IF($O$5>2000,P40)))),-1) -> 0 | M47: =TRUNC(IF($O$5<1000,M41,IF($O$5<=1600,N41,IF($O$5<=2000,O41,IF($O$5>2000,P41)))),-1) -> 0 | N47: =TRUNC(IF($O$5<1000,M42,IF($O$5<=1600,N42,IF($O$5<=2000,O42,IF($O$5>2000,P42)))),-1) -> 0 | O47: =TRUNC(IF($O$5<1000,M43,IF($O$5<=1600,N43,IF($O$5<=2000,O43,IF($O$5>2000,P43)))),-1) -> 0 | P47: =TRUNC(IF($O$5<1000,M44,IF($O$5<=1600,N44,IF($O$5<=2000,O44,IF($O$5>2000,P44)))),-1) -> 0 | T47: =TRUNC(IF($X$5<1000,V39,IF($X$5<=1600,W39,IF($X$5<=2000,X39,IF($X$5>2000,Y39)))),-1) -> 0 | U47: =TRUNC(IF($X$5<1000,V40,IF($X$5<=1600,W40,IF($X$5<=2000,X40,IF($X$5>2000,Y40)))),-1) -> 0 | V47: =TRUNC(IF($X$5<1000,V41,IF($X$5<=1600,W41,IF($X$5<=2000,X41,IF($X$5>2000,Y41)))),-1) -> 0 | W47: =TRUNC(IF($X$5<1000,V42,IF($X$5<=1600,W42,IF($X$5<=2000,X42,IF($X$5>2000,Y42)))),-1) -> 0 | X47: =TRUNC(IF($X$5<1000,V43,IF($X$5<=1600,W43,IF($X$5<=2000,X43,IF($X$5>2000,Y43)))),-1) -> 0 | Y47: =TRUNC(IF($X$5<1000,V44,IF($X$5<=1600,W44,IF($X$5<=2000,X44,IF($X$5>2000,Y44)))),-1) -> 0
B50: 차세 | C50: =IF(F5=0,130000,VLOOKUP(F5,B52:C54,2,TRUE)*F5) -> 130000 | D50: =ROUNDUP((C50/12),-1) -> 10840 | K50: 차세 | L50: =IF(O5=0,130000,VLOOKUP(O5,K52:L54,2,TRUE)*O5) -> 130000 | M50: =ROUNDUP((L50/12),-1) -> 10840
B52: 0 | C52: 104 | K52: 0 | L52: 104
B53: 1001 | C53: 182 | K53: 1001 | L53: 182
B54: 1601 | C54: 260 | K54: 1601 | L54: 260
