Workbook
Name ASTON_MARTIN: 차량DB!$F$626:$F$631
Name Audi: 차량DB!$F$6:$F$89
Name Audi_잔가보장: #REF!
Name Bentley: 차량DB!$F$220:$F$224
Name Benz: 차량DB!$F$391:$F$477
Name BMW: 차량DB!$F$90:$F$219
Name Brand: 견적관리자용!$E$9:$E$33
Name Cadillac: 차량DB!$F$225:$F$237
Name Chevrolet: 차량DB!$F$455:$F$457
Name Citroen: 차량DB!$F$385:$F$389
Name Ferrari: 차량DB!$F$238:$F$240
Name Ford: 차량DB!$F$243:$F$252
Name Honda: 차량DB!$F$253:$F$260
Name Jaguar_Landrover: 차량DB!$F$261:$F$307
Name Jeep: 차량DB!$F$308:$F$328
Name Lamborghini: 차량DB!$F$330:$F$337
Name Lexus: 차량DB!$F$338:$F$361
Name Lincoln: 차량DB!$F$363:$F$370
Name Maserati: 차량DB!$F$371:$F$390
Name McLaren: 차량DB!$F$632:$F$634
Name MINI: 차량DB!$F$478:$F$506
Name Peugeot: 차량DB!$F$509:$F$525
Name Porsche: 차량DB!$F$529:$F$578
Name Rolls_Royce: 차량DB!$F$655
Name Tesla: 차량DB!$F$579:$F$585
Name Toyota: 차량DB!$F$588:$F$603
Name Volkswagen: 차량DB!$F$604:$F$625
Name Volvo: 차량DB!$F$635:$F$654
Name 병행수입: 차량DB!#REF!
Name 부가서비스: 견적관리자용!$L$25:$L$27
Name 약정주행거리: 견적관리자용!$O$43:$O$45
Name 제휴사: 견적관리자용!$F$54:$F$55
Name 제휴사_Audi: 견적관리자용!$F$58:$F$61
Name 제휴사_vw: 견적관리자용!$F$62:$F$64
Name 제휴사_잔가보장: 견적관리자용!$F$54:$F$61
Name 주행거리_보장: 견적관리자용!$O$42:$O$45
Name 차종구분: 견적관리자용!$S$8:$S$17
Name 차종구분10: [1]견적관리자용!$S$8:$S$17
Name 차종구분2: [2]견적관리자용!$S$8:$S$17
Name 차종구분3: [3]견적관리자용!$S$8:$S$17
Name 프로모브랜드: 잔가map!#REF!

Sheet 에이전트수수료입력

Sheet 펀딩신청서
B4: 운용리스 펀딩 신청서
C8: 모집 법인 소속 | Q8: ㈜겟차
C9: 모집인 | E9: □ 이름 | H9: □ 연락처 | Q9: 주식회사 리렌컴퍼니
C10: 고객명 | Q10: 주식회사 모딜카
C11: 결제일 / 이메일 | E11: □ 결제일 | H11: □ E-mail | Q11: 주식회사 성문네트웍스
C12: 차종 | Q12: 주식회사 슈어카
C13: 차량 상세 옵션 | Q13: 주식회사 스마트다이렉트카
C14: 외장색 | Q14: 주식회사 스타오토모빌
C15: 내장색 | Q15: 주식회사 시현신차장기렌터카
C16: 총 차량 가격 (세금계산서 금액 VAT포함) / 세금계산서 금액(VAT포함) 과 동일 해야함 | Q16: 주식회사 씨에스카
J17: 원 (VAT 포함) | Q17: 주식회사 에스아이그룹
C18: 보증금 / 선수금 | E18: □ 당사 입금 | H18: □ 차감 지급 | Q18: 주식회사 에이원오토
C19: 송금시 표기 (EX : 엠지캐김영태 / 김영태 / 엠지캐피탈 / 최대 7글자까지만 설정 가능) | Q19: 주식회사 엘리더
Q20: 주식회사 오토다이렉트카
Q21: 주식회사 카베이
B22: 전자 약정 (개인/개인사업자) 만 진행 가능 전자 약정 진행건도 유입경로 확인서 작성 필수 | Q22: 주식회사 카이엠
Q23: 주식회사 트리플에이네트웍스
Q24: 차봇모빌리티 주식회사

Sheet 운용리스
X2: =IF($BD$30>$BP$30,"CM수수료율 상한 확인필요","") | DM2: ■ 펀딩시 꼭 확인후 접수 바랍니다 ① 차량 가격 (딜러사 확인 필수,VAT포함된 세금계산서 발행금액) ② 기타 부대비용 입력불가 ③ 탁송료 (세금계산서 발행할수 있는 금액만 입력) ④ 펀딩신청서 및 유입경로 확인서 징구 필수 ⑤ 최대 담보율은 40% (보증금+선수금) 추가 입력건은 담당자와 별도 협의 ⑥ 모집인 당사 등록여부 필수 확인 ⑦ KCC오토 취급건은 추가 수수료 지급 불가 ⑧ 등록은 "함안" 필수 입니다
C3: 운용리스 견적서 | AT3: 2025.10.16_Vol 3 | CS3: 보증금없다면 | CT3: 선납금없다면 | CW3: 공채 (비사업용)
AT4: 고객명 | BD4: VVIP | CD4: 공채비용 포함여부 | CE4: TRUE | CH4: 등록지 | CI4: =IF($BD$15="당사명의","부산",$BN$15) -> 부산 | CL4: 실제IRR | CM4: =IRR($CM$5:$CM$65,0)*12 -> 0.047996212 | CO4: 리스기간 | CP4: =$CI$24 -> 60 | CQ4: =$CP$4 -> 60 | CS4: =$CQ$4 -> 60 | CT4: =$CQ$4 -> 60 | CW4: 배기량 → | CY4: 0 | CZ4: 1000 | DA4: 1500 | DB4: 1600 | DC4: 2000 | DE4: 1
D5: =IF($BD$4="","VVIP 고객님",$BD$4&" 고객님") -> VVIP 고객님 | Z5: 견적발행일 | AI5: =TODAY() -> 45946 | AT5: Brand | BD5: BMW | BY5: 비제휴사 | CD5: 부대비 포함여부 | CE5: TRUE | CH5: 차종구분 | CI5: =IF($BQ$7="DB자동연결",$BD$7,$BQ$7) -> 승용SUV(7~10인) | CL5: 0 | CM5: =-$CP$17+$CP$22 -> -171873080 | CO5: IRR | CP5: =$CI$25 -> 0.048 | CQ5: =$CP$5 -> 0.048 | CS5: =$CQ$5 -> 0.048 | CT5: =$CQ$5 -> 0.048 | DE5: 2 | DG5: =IF($CI$4="서울",$DG$6,IF($CI$4="부산",$DG$16,IF($CI$4="대구",$DG$26,IF($CI$4="인천",$DG$36,IF($CI$4="대전",$DG$46,IF($CI$4="광주",$DG$56,IF($CI$4="울산/강원/전남",$DG$66,IF($CI$4="제주",$DG$76,IF($CI$4="세종/경북",$DG$86,IF($CI$4="경기",$DG$96,IF($CI$4="충남",$DG$106,IF($CI$4="충북",$DG$116,IF($CI$4="전북",$DG$126,IF($CI$4="경남",$DG$136,0)))))))))))))) -> 0
Z6: 견적유효기간 | AI6: =AI5+7 -> 45953 | AT6: Model | BD6: X5 30d M Sport xDrive (7인승) | CD6: 탁송료 포함여부 | CE6: TRUE | CH6: 배기량 | CI6: =IF($BQ$8>0,$BQ$8,$BD$8) -> 2993 | CL6: 1 | CM6: =IF(CL6<$CP$4,$CQ$32-$CQ$31,IF(CL6=$CP$4,$CQ$32-$CQ$31+$CQ$24-$CQ$20,0)) -> 1859558 | CW6: 서울 | CX6: =견적관리자용!$S$8 -> 승용일반 | CY6: 0 | CZ6: 0.09 | DA6: 0.09 | DB6: 0.12 | DC6: 0.2 | DD6: =HLOOKUP($CI$6,$CY$4:$DC$145,DE6,TRUE) -> 0.2 | DE6: 3 | DF6: =IF($CI$5=CX6,DD6,0) -> 0 | DG6: =SUM(DF6:DF15) -> 390000 | DI6: 현가율 → | DJ6: =(DK9-DK8)/CP8 -> 0.58329258 | DK6: (Y-Z)/취득원가
Z7: 영업담당자 | AF7: =BD36 -> OOO | AJ7: =BM36 -> 010-0000-0000 | AT7: 차종구분 | BD7: =VLOOKUP($BD$6,차량DB!$F$5:$P$88845,3,FALSE) -> 승용SUV(7~10인) | BK7: 직접선택→ | BQ7: DB자동연결 | BY7: 차종직접입력 | CD7: 모델명 수기입력여부 | CE7: FALSE | CH7: 하이브리드여부 | CI7: =+VLOOKUP(BD6,차량DB!F:Q,12,0) -> 0 | CL7: 2 | CM7: =IF(CL7<$CP$4,$CQ$32-$CQ$31,IF(CL7=$CP$4,$CQ$32-$CQ$31+$CQ$24-$CQ$20,0)) -> 1859558 | CP7: 실제값 | CQ7: IRR 반영값 | CX7: =견적관리자용!$S$9 -> 승용SUV(~5인) | CY7: 0 | CZ7: 0.05 | DA7: 0.05 | DB7: 0.05 | DC7: 0.05 | DD7: =HLOOKUP($CI$6,$CY$4:$DC$145,DE7,TRUE) -> 0.05 | DE7: 4 | DF7: =IF($CI$5=CX7,DD7,0) -> 0 | DK7: =+CQ24 -> 92568000 | DL7: 무보증잔가
D8: =IF(CE7=FALSE,$BD$6,BZ7) -> X5 30d M Sport xDrive (7인승) | Z8: =IF(BZ36="현가율미체크","",IF(BZ36>=90%,"현가율 초과 취급불가","")) | AT8: 배기량 | BD8: =VLOOKUP($BD$6,차량DB!$F$5:$P$88845,2,FALSE) -> 2993 | BK8: 직접입력→ | BY8: ↑ 모델 없을시 직접입력(잔가군 문의 요망) | CD8: 제휴수수료면제여부 | CE8: FALSE | CH8: 고잔가가능 | CI8: =IFERROR(IF($CJ$8="모두가능","Y",IF($CJ$8="모두불가","",VLOOKUP($BD$6,차량DB!$F$5:$P$88845,11,FALSE))),"") -> Y | CJ8: =견적관리자용!$Q$30 -> DB적용 | CL8: 3 | CM8: =IF(CL8<$CP$4,$CQ$32-$CQ$31,IF(CL8=$CP$4,$CQ$32-$CQ$31+$CQ$24-$CQ$20,0)) -> 1859558 | CO8: 취득원가 | CP8: =IF(BD15="이용자명의",$CI$23-$CI$22,$CI$23) -> 169756360 | CQ8: =$CP$8 -> 169756360 | CS8: =$CP$8 -> 169756360 | CT8: =$CP$8 -> 169756360 | CX8: =견적관리자용!$S$10 -> 승용SUV(7~10인) | CY8: 0 | CZ8: 390000 | DA8: 390000 | DB8: 390000 | DC8: 390000 | DD8: =HLOOKUP($CI$6,$CY$4:$DC$145,DE8,TRUE) -> 390000 | DE8: 5 | DF8: =IF($CI$5=CX8,DD8,0) -> 390000 | DI8: 내재이자율(월) | DJ8: =IRR(DJ10:DJ70,0) -> 0.0040013736 | DK8: =DK7/(1+DJ8)^CP4 -> 72845455 | DL8: 잔가할인(Z)
D9: 배기량 | K9: =$CI$6 -> 2993 | Z9: 리스기간 | AG9: =$CI$24 -> 60 | AT9: 기본차량가(직접입력) | BD9: 159600000 | BY9: 24MY는 담당자 별도 문의 | CH9: 차량가격(계산서가) | CI9: =$BD$14 -> 159600000 | CL9: 4 | CM9: =IF(CL9<$CP$4,$CQ$32-$CQ$31,IF(CL9=$CP$4,$CQ$32-$CQ$31+$CQ$24-$CQ$20,0)) -> 1859558 | CO9: AG수수료 | CP9: =$CI$56 -> 0 | CQ9: =$CP$9 -> 0 | CS9: =$CQ$9 -> 0 | CT9: =$CQ$9 -> 0 | CX9: =견적관리자용!$S$11 -> 승합(11~15인) | CY9: 0 | CZ9: 390000 | DA9: 390000 | DB9: 390000 | DC9: 390000 | DD9: =HLOOKUP($CI$6,$CY$4:$DC$145,DE9,TRUE) -> 390000 | DE9: 6 | DF9: =IF($CI$5=CX9,DD9,0) -> 0 | DI9: 1~만기 | DJ9: =SUM(DJ11:DJ70) -> 204144000 | DK9: =SUM(DK11:DK70) -> 1.7186308e+08 | DL9: 할인SUM(Y)
F10: 기본 | K10: =$BD$10 -> 159600000 | AA10: 리스료 | AG10: =ROUNDUP($CQ$32,-2) -> 1859600 | AU10: 기본차량가 | BD10: =BD9 -> 159600000 | CH10: 공채매입액 | CI10: =IF($DG$5>1,$DG$5,$CI$9/1.1*$DG$5) -> 0 | CL10: 5 | CM10: =IF(CL10<$CP$4,$CQ$32-$CQ$31,IF(CL10=$CP$4,$CQ$32-$CQ$31+$CQ$24-$CQ$20,0)) -> 1859558 | CO10: CM수수료 | CP10: =$CI$57 -> 0 | CQ10: =$CP$10 -> 0 | CS10: =$CQ$10 -> 0 | CT10: =$CQ$10 -> 0 | CX10: =견적관리자용!$S$12 -> 화물(1000cc 미만) | CY10: 0 | CZ10: 0 | DA10: 0 | DB10: 0 | DC10: 0 | DD10: =HLOOKUP($CI$6,$CY$4:$DC$145,DE10,TRUE) -> 0 | DE10: 7 | DF10: =IF($CI$5=CX10,DD10,0) -> 0 | DI10: 0 | DJ10: =-CI23-CI55-CI56-CI62-CI71-CI80-CI84+CP19 -> -171863080
F11: 옵션 | K11: =$BD$11 -> 0 | AA11: 선납리스료 | AG11: =-$CQ$31 -> 0 | AU11: 옵션 | BD11: 0 | CD11: 할인비율 | CE11: =IF($BD$12="비율입력",TRUE,FALSE) -> FALSE | CH11: 공채비용 | CI11: =IF($BQ$16>0,$BQ$16,ROUNDDOWN($CI$10*$BD$16,-2)) -> 0 | CL11: 6 | CM11: =IF(CL11<$CP$4,$CQ$32-$CQ$31,IF(CL11=$CP$4,$CQ$32-$CQ$31+$CQ$24-$CQ$20,0)) -> 1859558 | CO11: 제휴수수료 | CP11: =$CI$71 -> 0 | CQ11: =IF(견적관리자용!$M$9="반영",$CP$11,0) -> 0 | CS11: =$CQ$11 -> 0 | CT11: =$CQ$11 -> 0 | CX11: =견적관리자용!$S$13 -> 화물(0.6톤 미만) | CY11: 0 | CZ11: 195000 | DA11: 195000 | DB11: 195000 | DC11: 195000 | DD11: =HLOOKUP($CI$6,$CY$4:$DC$145,DE11,TRUE) -> 195000 | DE11: 8 | DF11: =IF($CI$5=CX11,DD11,0) -> 0 | DI11: 1 | DJ11: =IF(DI11<$CP$4,$AG$10,IF(DI11=$CP$4,$AG$10+$CI$42,0)) -> 1859600 | DK11: =DJ11/(1+$DJ$8)^DI11 -> 1852188.7
F12: 할인 | K12: =-$CE$13 -> 0 | AA12: 자동차세 | AG12: =$CQ$30 -> 0 | AU12: 할인 | BD12: 금액입력 | BK12: 0 | BQ12: 0 | CD12: 할인금액 | CE12: =IF($BD$12="금액입력",TRUE,FALSE) -> TRUE | CH12: 차종구분(대) | CI12: =LEFT($CI$5,2) -> 승용 | CL12: 7 | CM12: =IF(CL12<$CP$4,$CQ$32-$CQ$31,IF(CL12=$CP$4,$CQ$32-$CQ$31+$CQ$24-$CQ$20,0)) -> 1859558 | CO12: 기타비용 | CP12: =$CI$80 -> 0 | CQ12: =IF(견적관리자용!$M$17="반영",$CP$12,0) -> 0 | CS12: =$CQ$12 -> 0 | CT12: =$CQ$12 -> 0 | CX12: =견적관리자용!$S$14 -> 화물(0.6~1톤 미만) | CY12: 0 | CZ12: 195000 | DA12: 195000 | DB12: 195000 | DC12: 195000 | DD12: =HLOOKUP($CI$6,$CY$4:$DC$145,DE12,TRUE) -> 195000 | DE12: 9 | DF12: =IF($CI$5=CX12,DD12,0) -> 0 | DI12: 2 | DJ12: =IF(DI12<$CP$4,$AG$10,IF(DI12=$CP$4,$AG$10+$CI$42,0)) -> 1859600 | DK12: =DJ12/(1+$DJ$8)^DI12 -> 1844806.9
F13: =IF($BD$13>0,"탁송료","") | K13: =IF($BD$13>0,$BD$13,"") | AA13: =IF(BD33>0,"보험료","") | AG13: =CQ33 -> 0 | AU13: (계산서포함)탁송료 | BD13: 0 | BY13: - 차량가 내 포함되는 탁송료만 입력 | CD13: 최종할인금액 | CE13: =IF($BD$12="금액입력",$BQ$12,TRUNC(($BD$10+$BD$11)*$BK$12,-1)) -> 0 | CH13: 취득세율 | CI13: =IF($CI$12="승용",7%,IF($CI$12="승합",5%,IF($CI$12="화물",5%,7%))) -> 0.07 | CL13: 8 | CM13: =IF(CL13<$CP$4,$CQ$32-$CQ$31,IF(CL13=$CP$4,$CQ$32-$CQ$31+$CQ$24-$CQ$20,0)) -> 1859558 | CO13: 용품/서비스비용 | CP13: =$CI$85 -> 0 | CQ13: =$CP$13 -> 0 | CS13: =$CQ$13 -> 0 | CT13: =$CQ$13 -> 0 | CX13: =견적관리자용!$S$15 -> 화물(1~2.5톤 미만) | CY13: 0 | CZ13: 390000 | DA13: 390000 | DB13: 390000 | DC13: 390000 | DD13: =HLOOKUP($CI$6,$CY$4:$DC$145,DE13,TRUE) -> 390000 | DE13: 10 | DF13: =IF($CI$5=CX13,DD13,0) -> 0 | DI13: 3 | DJ13: =IF(DI13<$CP$4,$AG$10,IF(DI13=$CP$4,$AG$10+$CI$42,0)) -> 1859600 | DK13: =DJ13/(1+$DJ$8)^DI13 -> 1837454.6
E14: 차량가격 | K14: =$CI$9 -> 159600000 | Z14: 月납입금 | AG14: =IF(BD37>19.5%,"금리기준초과",$AG$10+$AG$11+$AG$12+$AG$13) -> 1859600 | AT14: 차량가격(계산서가) | BD14: =$BD$10+$BD$11-$CE$13+$BD$13 -> 159600000 | CD14: 리스사명의 | CE14: =IF($BD$15="당사명의",TRUE,FALSE) -> TRUE | CH14: 자동반영(1) | CI14: =ROUNDDOWN($CI$9/1.1*$CI$13,-1) -> 10156360 | CL14: 9 | CM14: =IF(CL14<$CP$4,$CQ$32-$CQ$31,IF(CL14=$CP$4,$CQ$32-$CQ$31+$CQ$24-$CQ$20,0)) -> 1859558 | CO14: 잔가보장수수료 | CP14: =$CI$55 -> 2106720 | CQ14: =$CP$14 -> 2106720 | CS14: =$CQ$14 -> 2106720 | CT14: =$CQ$14 -> 2106720 | CX14: =견적관리자용!$S$16 -> 화물(2.5~4.6톤 미만) | CY14: 0 | CZ14: 390000 | DA14: 390000 | DB14: 390000 | DC14: 390000 | DD14: =HLOOKUP($CI$6,$CY$4:$DC$145,DE14,TRUE) -> 390000 | DE14: 11 | DF14: =IF($CI$5=CX14,DD14,0) -> 0 | DI14: 4 | DJ14: =IF(DI14<$CP$4,$AG$10,IF(DI14=$CP$4,$AG$10+$CI$42,0)) -> 1859600 | DK14: =DJ14/(1+$DJ$8)^DI14 -> 1830131.6
E15: 취득세 | K15: =$CI$21 -> 10156360 | Z15: 약정주행거리 | AG15: =$BD$26 -> 20000 | AT15: 차량명의 | BD15: 당사명의 | BN15: 서울 | BY15: - 이용자명의 이용불가 | CD15: 이용자명의 | CE15: =IF($BD$15="이용자명의",TRUE,FALSE) -> FALSE | CH15: 경차 75만초과분 부담 | CI15: =IF($CI$14<750000,0,$CI$14) -> 10156360 | CJ15: 1000CC이하제거 | CL15: 10 | CM15: =IF(CL15<$CP$4,$CQ$32-$CQ$31,IF(CL15=$CP$4,$CQ$32-$CQ$31+$CQ$24-$CQ$20,0)) -> 1859558 | CO15: 이용자명의리스설정료 | CP15: =$CI$84 -> 0 | CQ15: =IF(견적관리자용!$Q$25="반영",$CP$15,0) -> 0 | CS15: =$CQ$15 -> 0 | CT15: =$CQ$15 -> 0 | CX15: =견적관리자용!$S$17 -> 화물(4.6톤 이상) | CY15: 0 | CZ15: 650000 | DA15: 650000 | DB15: 650000 | DC15: 650000 | DD15: =HLOOKUP($CI$6,$CY$4:$DC$145,DE15,TRUE) -> 650000 | DE15: 12 | DF15: =IF($CI$5=CX15,DD15,0) -> 0 | DI15: 5 | DJ15: =IF(DI15<$CP$4,$AG$10,IF(DI15=$CP$4,$AG$10+$CI$42,0)) -> 1859600 | DK15: =DJ15/(1+$DJ$8)^DI15 -> 1822837.7
E16: 공채비용 | K16: =$CI$11 -> 0 | Z16: 잔존가치 | AG16: =IF($CE$40=TRUE,$CI$42/$CI$9,$CI$42/$CP$8) -> 0.58 | AJ16: =$CI$42 -> 92568000 | AT16: 공채 | AZ16: =+IF($CE$4=TRUE, "포함","미포함") -> 포함 | BD16: 0 | BK16: 직접입력→ | CH16: 자동반영 (하이브리드) | CL16: 11 | CM16: =IF(CL16<$CP$4,$CQ$32-$CQ$31,IF(CL16=$CP$4,$CQ$32-$CQ$31+$CQ$24-$CQ$20,0)) -> 1859558 | CO16: 인지세 | CP16: =$CI$81 -> 10000 | CQ16: =IF(견적관리자용!$Q$24="반영",$CP$16,0) -> 10000 | CS16: =$CQ$16 -> 10000 | CT16: =$CQ$16 -> 10000 | CW16: 부산 | CX16: =견적관리자용!$S$8 -> 승용일반 | CY16: 0 | CZ16: 0 | DA16: 0 | DB16: 0 | DC16: 0.05 | DD16: =HLOOKUP($CI$6,$CY$4:$DC$145,DE16,TRUE) -> 0.05 | DE16: 13 | DF16: =IF($CI$5=CX16,DD16,0) -> 0 | DG16: =SUM(DF16:DF25) -> 0 | DI16: 6 | DJ16: =IF(DI16<$CP$4,$AG$10,IF(DI16=$CP$4,$AG$10+$CI$42,0)) -> 1859600 | DK16: =DJ16/(1+$DJ$8)^DI16 -> 1815572.9
E17: 기타부대비 | K17: =$BD$17 -> 0 | AA17: 보증금 | AG17: =IF($CE$40=TRUE,$CI$28/$CI$9,$CI$28/$CP$8) -> 0 | AJ17: =$CI$28 -> 0 | AT17: 기타부대비 | AZ17: =+IF($CE$5=TRUE, "포함","미포함") -> 포함 | BD17: 0 | BN17: ≤ | BP17: =견적관리자용!$T$35 -> 0 | CH17: 자동반영 | CI17: =IF($CI$6<1000,$CI$15,IF(CI7="하이브리드",CI16,$CI$14)) -> 10156360 | CL17: 12 | CM17: =IF(CL17<$CP$4,$CQ$32-$CQ$31,IF(CL17=$CP$4,$CQ$32-$CQ$31+$CQ$24-$CQ$20,0)) -> 1859558 | CO17: MINUS | CP17: =SUM($CP$8:$CP$16) -> 171873080 | CQ17: =SUM($CQ$8:$CQ$16) -> 171873080 | CS17: =$CQ$17 -> 171873080 | CT17: =$CQ$17 -> 171873080 | CX17: =견적관리자용!$S$9 -> 승용SUV(~5인) | CY17: 0 | CZ17: 0 | DA17: 0 | DB17: 0 | DC17: 0 | DD17: =HLOOKUP($CI$6,$CY$4:$DC$145,DE17,TRUE) -> 0 | DE17: 14 | DF17: =IF($CI$5=CX17,DD17,0) -> 0 | DI17: 7 | DJ17: =IF(DI17<$CP$4,$AG$10,IF(DI17=$CP$4,$AG$10+$CI$42,0)) -> 1859600 | DK17: =DJ17/(1+$DJ$8)^DI17 -> 1808337.1
E18: =IF($BD$18>0,"탁송료","") | K18: =IF($BD$18>0,$BD$18,"") | AA18: 장기선수금 | AG18: =IF($CE$40=TRUE,$CI$26/$CI$9,$CI$26/$CP$8) -> 0 | AJ18: =$CI$26 -> 0 | AT18: 탁송료 | AZ18: =+IF($CE$6=TRUE, "포함","미포함") -> 포함 | BD18: 0 | BN18: ≤ | BP18: =견적관리자용!$T$36 -> 500000 | CD18: 취득세 비율입력 | CE18: =IF($BD$19="비율입력",TRUE,FALSE) -> FALSE | CH18: 비율입력 | CI18: =ROUNDDOWN($CI$9/1.1*$BK$19,-1) -> 10156360 | CL18: 13 | CM18: =IF(CL18<$CP$4,$CQ$32-$CQ$31,IF(CL18=$CP$4,$CQ$32-$CQ$31+$CQ$24-$CQ$20,0)) -> 1859558 | CX18: =견적관리자용!$S$10 -> 승용SUV(7~10인) | CY18: 0 | CZ18: 0 | DA18: 0 | DB18: 0 | DC18: 0 | DD18: =HLOOKUP($CI$6,$CY$4:$DC$145,DE18,TRUE) -> 0 | DE18: 15 | DF18: =IF($CI$5=CX18,DD18,0) -> 0 | DI18: 8 | DJ18: =IF(DI18<$CP$4,$AG$10,IF(DI18=$CP$4,$AG$10+$CI$42,0)) -> 1859600 | DK18: =DJ18/(1+$DJ$8)^DI18 -> 1801130.1
D19: 취득원가 | K19: =$CI$23 -> 169756360 | AA19: =+IF(AND($BD$15="이용자명의",$CE$5=FALSE),"부가세+등록비", IF(AND($BD$15="이용자명의",$CE$6=FALSE),"부가세+등록비",IF(BD15="당사명의","등록비","부가세"))) -> 등록비 | AG19: =+IF(CE4=FALSE,CI11,0)+IF(CE5=FALSE,BD17,0)+IF(CE6=FALSE,BD18,0)+IF(BD15="이용자명의",CI22,0) -> 0 | AT19: 취득세 (직접입력시만 사용) | BD19: 자동반영 | BK19: 0.07 | BQ19: 0 | BY19: - 하이브리드, 전기차, 경차 등 특례해당건 취득세 재확인 요망 | CD19: 취득세 감면액입력 | CE19: =IF($BD$19="감면액입력",TRUE,FALSE) -> FALSE | CH19: 감면액입력 | CI19: =$CI$17-$BQ$19 -> 10156360 | CL19: 14 | CM19: =IF(CL19<$CP$4,$CQ$32-$CQ$31,IF(CL19=$CP$4,$CQ$32-$CQ$31+$CQ$24-$CQ$20,0)) -> 1859558 | CO19: 선납금 | CP19: =$CI$26 -> 0 | CQ19: =$CP$19 -> 0 | CS19: =$CQ$19 -> 0 | CT19: 0 | CX19: =견적관리자용!$S$11 -> 승합(11~15인) | CY19: 0 | CZ19: 0 | DA19: 0 | DB19: 0 | DC19: 0 | DD19: =HLOOKUP($CI$6,$CY$4:$DC$145,DE19,TRUE) -> 0 | DE19: 16 | DF19: =IF($CI$5=CX19,DD19,0) -> 0 | DI19: 9 | DJ19: =IF(DI19<$CP$4,$AG$10,IF(DI19=$CP$4,$AG$10+$CI$42,0)) -> 1859600 | DK19: =DJ19/(1+$DJ$8)^DI19 -> 1793951.8
Z20: 초기납입금 | AG20: =$AJ$17+$AJ$18+$AG$19 -> 0 | CD20: 취득세 금액입력 | CE20: =IF($BD$19="금액입력",TRUE,FALSE) -> FALSE | CH20: 금액입력 | CI20: =$BK$20 -> 0 | CL20: 15 | CM20: =IF(CL20<$CP$4,$CQ$32-$CQ$31,IF(CL20=$CP$4,$CQ$32-$CQ$31+$CQ$24-$CQ$20,0)) -> 1859558 | CO20: 보증금 | CP20: =$CI$28 -> 0 | CQ20: =$CP$20 -> 0 | CS20: 0 | CT20: =$CQ$20 -> 0 | CX20: =견적관리자용!$S$12 -> 화물(1000cc 미만) | CY20: 0 | CZ20: 0 | DA20: 0 | DB20: 0 | DC20: 0 | DD20: =HLOOKUP($CI$6,$CY$4:$DC$145,DE20,TRUE) -> 0 | DE20: 17 | DF20: =IF($CI$5=CX20,DD20,0) -> 0 | DI20: 10 | DJ20: =IF(DI20<$CP$4,$AG$10,IF(DI20=$CP$4,$AG$10+$CI$42,0)) -> 1859600 | DK20: =DJ20/(1+$DJ$8)^DI20 -> 1786802.2
Z21: * 보증/선납금납입에 따른 리스료할인내역 | CH21: 최종 취득세 | CI21: =VLOOKUP($BD$19,$CH$17:$CI$20,2,FALSE) -> 10156360 | CL21: 16 | CM21: =IF(CL21<$CP$4,$CQ$32-$CQ$31,IF(CL21=$CP$4,$CQ$32-$CQ$31+$CQ$24-$CQ$20,0)) -> 1859558 | CO21: 이손액 | CP21: =$CI$88 -> 0 | CQ21: =$CP$21 -> 0 | CS21: =$CQ$21 -> 0 | CT21: =$CQ$21 -> 0 | CX21: =견적관리자용!$S$13 -> 화물(0.6톤 미만) | CY21: 0 | CZ21: 0 | DA21: 0 | DB21: 0 | DC21: 0 | DD21: =HLOOKUP($CI$6,$CY$4:$DC$145,DE21,TRUE) -> 0 | DE21: 18 | DF21: =IF($CI$5=CX21,DD21,0) -> 0 | DI21: 11 | DJ21: =IF(DI21<$CP$4,$AG$10,IF(DI21=$CP$4,$AG$10+$CI$42,0)) -> 1859600 | DK21: =DJ21/(1+$DJ$8)^DI21 -> 1779681
AA22: 보증금 | AD22: =CS36 -> 0 | AG22: =CS35 -> 0 | AT22: 리스기간(개월) | BD22: 60 | CH22: 부가세 | CI22: =ROUND((CI9/1.1)/10,0) -> 14509091 | CL22: 17 | CM22: =IF(CL22<$CP$4,$CQ$32-$CQ$31,IF(CL22=$CP$4,$CQ$32-$CQ$31+$CQ$24-$CQ$20,0)) -> 1859558 | CO22: PLUS | CP22: =SUM($CP$19:$CP$21) -> 0 | CQ22: =SUM($CQ$19:$CQ$21) -> 0 | CS22: =SUM($CS$19:$CS$21) -> 0 | CT22: =SUM($CT$19:$CT$21) -> 0 | CX22: =견적관리자용!$S$14 -> 화물(0.6~1톤 미만) | CY22: 0 | CZ22: 0 | DA22: 0 | DB22: 0 | DC22: 0 | DD22: =HLOOKUP($CI$6,$CY$4:$DC$145,DE22,TRUE) -> 0 | DE22: 19 | DF22: =IF($CI$5=CX22,DD22,0) -> 0 | DI22: 12 | DJ22: =IF(DI22<$CP$4,$AG$10,IF(DI22=$CP$4,$AG$10+$CI$42,0)) -> 1859600 | DK22: =DJ22/(1+$DJ$8)^DI22 -> 1772588.2
AA23: 선납금 | AD23: =CT36 -> 0 | AG23: =CT35 -> 0 | AT23: 장기선수금 | BD23: 0 | CD23: 보증금 금액입력 | CE23: =IF($BD$24="금액입력",TRUE,FALSE) -> FALSE | CF23: =IF($CE$23=TRUE,FALSE,TRUE) -> TRUE | CH23: 취득원가 | CI23: =$CI$9+$CI$21+IF($CE$4=TRUE, $CI$11,0)+IF($CE$5=TRUE,$BD$17,0)+IF($CE$6=TRUE,$BD$18,0) -> 169756360 | CL23: 18 | CM23: =IF(CL23<$CP$4,$CQ$32-$CQ$31,IF(CL23=$CP$4,$CQ$32-$CQ$31+$CQ$24-$CQ$20,0)) -> 1859558 | CX23: =견적관리자용!$S$15 -> 화물(1~2.5톤 미만) | CY23: 0 | CZ23: 0 | DA23: 0 | DB23: 0 | DC23: 0 | DD23: =HLOOKUP($CI$6,$CY$4:$DC$145,DE23,TRUE) -> 0 | DE23: 20 | DF23: =IF($CI$5=CX23,DD23,0) -> 0 | DI23: 13 | DJ23: =IF(DI23<$CP$4,$AG$10,IF(DI23=$CP$4,$AG$10+$CI$42,0)) -> 1859600 | DK23: =DJ23/(1+$DJ$8)^DI23 -> 1765523.7
D24: ▷계약시 유의사항 | AT24: 보증금 | BD24: 차량가비율 | BK24: 0 | BQ24: 0 | CD24: 보증보험 금액입력 | CE24: =IF($BD$25="금액입력",TRUE,FALSE) -> FALSE | CF24: =IF($CE$24=TRUE,FALSE,TRUE) -> TRUE | CH24: 리스기간 | CI24: =$BD$22 -> 60 | CL24: 19 | CM24: =IF(CL24<$CP$4,$CQ$32-$CQ$31,IF(CL24=$CP$4,$CQ$32-$CQ$31+$CQ$24-$CQ$20,0)) -> 1859558 | CO24: 잔가 | CP24: =$CI$42 -> 92568000 | CQ24: =$CP$24 -> 92568000 | CS24: =$CQ$24 -> 92568000 | CT24: =$CQ$24 -> 92568000 | CX24: =견적관리자용!$S$16 -> 화물(2.5~4.6톤 미만) | CY24: 0 | CZ24: 0 | DA24: 0 | DB24: 0 | DC24: 0 | DD24: =HLOOKUP($CI$6,$CY$4:$DC$145,DE24,TRUE) -> 0 | DE24: 21 | DF24: =IF($CI$5=CX24,DD24,0) -> 0 | DI24: 14 | DJ24: =IF(DI24<$CP$4,$AG$10,IF(DI24=$CP$4,$AG$10+$CI$42,0)) -> 1859600 | DK24: =DJ24/(1+$DJ$8)^DI24 -> 1758487.3
D25: * 지방세법 제10조 개정(시행 '23.1.1)에 따라 취득세 과세표준을 취득가액과 시가표준액 중 높은 금액을 | AT25: 보증보험 | BD25: 차량가비율 | BK25: 0 | BQ25: 0 | CH25: IRR | CI25: =IF($BD$15="당사명의",VLOOKUP($BD$5,견적관리자용!$E$9:$K$36,2,FALSE),VLOOKUP($BD$5,견적관리자용!$E$9:$K$36,3,FALSE))+CJ25 -> 0.048 | CJ25: =IF(BZ33="KCC오토",1.5%,IF(BZ33="KCC면제",1.5%,0)) -> 0 | CL25: 20 | CM25: =IF(CL25<$CP$4,$CQ$32-$CQ$31,IF(CL25=$CP$4,$CQ$32-$CQ$31+$CQ$24-$CQ$20,0)) -> 1859558 | CX25: =견적관리자용!$S$17 -> 화물(4.6톤 이상) | CY25: 0 | CZ25: 0 | DA25: 0 | DB25: 0 | DC25: 0 | DD25: =HLOOKUP($CI$6,$CY$4:$DC$145,DE25,TRUE) -> 0 | DE25: 22 | DF25: =IF($CI$5=CX25,DD25,0) -> 0 | DI25: 15 | DJ25: =IF(DI25<$CP$4,$AG$10,IF(DI25=$CP$4,$AG$10+$CI$42,0)) -> 1859600 | DK25: =DJ25/(1+$DJ$8)^DI25 -> 1751479
D26: 과세표준으로 하도록 규정되어 견적서 상의 취득세와 상이할 수 있습니다. 이와 같은 경우, 고객님께서 | AT26: 약정주행거리 | BD26: 20000 | CD26: 잔가 금액입력 | CE26: =IF($BD$27="금액입력",TRUE,FALSE) -> FALSE | CF26: =IF($CE$26=TRUE,FALSE,TRUE) -> TRUE | CH26: 선납금 | CI26: =$BD$23 -> 0 | CJ26: 보증+선납비율 | CL26: 21 | CM26: =IF(CL26<$CP$4,$CQ$32-$CQ$31,IF(CL26=$CP$4,$CQ$32-$CQ$31+$CQ$24-$CQ$20,0)) -> 1859558 | CO26: PMT(1) | CQ26: =PMT($CQ$5/12,$CQ$4,-$CQ$17+$CQ$22,$CQ$24-$CQ$20) -> 1859600.9 | CS26: =PMT($CS$5/12,$CS$4,-$CS$17+$CS$22,$CS$24-$CS$20) -> 1859600.9 | CT26: =PMT($CT$5/12,$CT$4,-$CT$17+$CT$22,$CT$24-$CT$20) -> 1859600.9 | CW26: 대구 | CX26: =견적관리자용!$S$8 -> 승용일반 | CY26: 0 | CZ26: 0.04 | DA26: 0.04 | DB26: 0.04 | DC26: 0.05 | DD26: =HLOOKUP($CI$6,$CY$4:$DC$145,DE26,TRUE) -> 0.05 | DE26: 23 | DF26: =IF($CI$5=CX26,DD26,0) -> 0 | DG26: =SUM(DF26:DF35) -> 390000 | DI26: 16 | DJ26: =IF(DI26<$CP$4,$AG$10,IF(DI26=$CP$4,$AG$10+$CI$42,0)) -> 1859600 | DK26: =DJ26/(1+$DJ$8)^DI26 -> 1744498.6
D27: 취등록세 차액분을 직접 납부해주셔야 하며, 영업담당자는 반드시 과세표준 확인 후 견적부탁드립니다. | AT27: 잔가 | BD27: 차량가비율 | BK27: 0.58 | CH27: 보증금 | CI27: =IF($BD$24="취득원가비율",$CI$23*$BK$24,IF($BD$24="차량가비율",$CI$9*$BK$24,$BQ$24)) -> 0 | CJ27: =+(CI28+CI26)/CI9 -> 0 | CL27: 22 | CM27: =IF(CL27<$CP$4,$CQ$32-$CQ$31,IF(CL27=$CP$4,$CQ$32-$CQ$31+$CQ$24-$CQ$20,0)) -> 1859558 | CO27: RATE(1) | CQ27: =RATE($CQ$4,$CQ$26,-$CQ$8+$CQ$19,$CQ$24)*12 -> 0.051533744 | CS27: =ROUND(RATE($CS$4,$CS$26,-$CS$8+$CS$19,$CS$24)*12,5) -> 0.05153 | CT27: =RATE($CT$4,$CT$26,-$CT$8+$CT$19,$CT$24)*12 -> 0.051533744 | CX27: =견적관리자용!$S$9 -> 승용SUV(~5인) | CY27: 0 | CZ27: 0.04 | DA27: 0.04 | DB27: 0.04 | DC27: 0.04 | DD27: =HLOOKUP($CI$6,$CY$4:$DC$145,DE27,TRUE) -> 0.04 | DE27: 24 | DF27: =IF($CI$5=CX27,DD27,0) -> 0 | DI27: 17 | DJ27: =IF(DI27<$CP$4,$AG$10,IF(DI27=$CP$4,$AG$10+$CI$42,0)) -> 1859600 | DK27: =DJ27/(1+$DJ$8)^DI27 -> 1737546
D28: * 리스차량 명의는 엠지캐피탈㈜ 이며, 리스기간 만료시 차량의 반환 / 매입 / 재리스 중 택일이 가능합니다." | BD28: 최소잔가→ | BK28: =IF($BD$27="취득원가비율",$CI$38,$CI$36) -> 0.15 | BQ28: =$CI$37 -> 23940000 | BY28: 잔가보장사 | BZ28: =CO62 -> 에스앤케이모터스 | CI28: =ROUNDDOWN($CI$27,-3) -> 0 | CL28: 23 | CM28: =IF(CL28<$CP$4,$CQ$32-$CQ$31,IF(CL28=$CP$4,$CQ$32-$CQ$31+$CQ$24-$CQ$20,0)) -> 1859558 | CO28: RATE(2) | CQ28: =ROUND(CQ27,5) -> 0.05153 | CS28: =ROUND(CS27,5) -> 0.05153 | CT28: =ROUND(CT27,5) -> 0.05153 | CX28: =견적관리자용!$S$10 -> 승용SUV(7~10인) | CY28: 0 | CZ28: 390000 | DA28: 390000 | DB28: 390000 | DC28: 390000 | DD28: =HLOOKUP($CI$6,$CY$4:$DC$145,DE28,TRUE) -> 390000 | DE28: 25 | DF28: =IF($CI$5=CX28,DD28,0) -> 390000 | DI28: 18 | DJ28: =IF(DI28<$CP$4,$AG$10,IF(DI28=$CP$4,$AG$10+$CI$42,0)) -> 1859600 | DK28: =DJ28/(1+$DJ$8)^DI28 -> 1730621.2
D29: * 계약종결 후 소유권 이전 시 당사매매대금 또는 구청기준과표로 취득세 발생됩니다. | BD29: 최대잔가→ | BK29: =IF($BD$27="취득원가비율",$CI$35,$CI$33) -> 0.58 | BQ29: =$CI$34 -> 92568000 | BY29: 잔가GAP | BZ29: =CI44 -> 0 | CD29: 선납+보증금율 | CE29: =($CI$28+$CI$26)/$CI$9 -> 0 | CH29: 보증보험 | CI29: =IF($BD$25="취득원가비율",$CI$23*$BK$25,IF($BD$25="차량가비율",$CI$9*$BK$25,$BQ$25)) -> 0 | CL29: 24 | CM29: =IF(CL29<$CP$4,$CQ$32-$CQ$31,IF(CL29=$CP$4,$CQ$32-$CQ$31+$CQ$24-$CQ$20,0)) -> 1859558 | CO29: PMT(2) | CQ29: =ROUNDDOWN(PMT(CQ28/12,CQ4,-CQ8,CQ24),0) -> 1859558 | CS29: =ROUNDDOWN(PMT(CS28/12,CS4,-CS8,CS24),0) -> 1859558 | CT29: =ROUNDDOWN(PMT(CT28/12,CT4,-CT8,CT24),0) -> 1859558 | CX29: =견적관리자용!$S$11 -> 승합(11~15인) | CY29: 0 | CZ29: 390000 | DA29: 390000 | DB29: 390000 | DC29: 390000 | DD29: =HLOOKUP($CI$6,$CY$4:$DC$145,DE29,TRUE) -> 390000 | DE29: 26 | DF29: =IF($CI$5=CX29,DD29,0) -> 0 | DI29: 19 | DJ29: =IF(DI29<$CP$4,$AG$10,IF(DI29=$CP$4,$AG$10+$CI$42,0)) -> 1859600 | DK29: =DJ29/(1+$DJ$8)^DI29 -> 1723723.9
D30: * 보험은 자차 질권설정(차량가 100%) 후 증권사본 송부 부탁드립니다.(엠지캐피탈㈜, 105-81-87072) | AT30: AG수수료율 | BD30: 0 | BN30: ≤ | BP30: =ROUNDDOWN(IF($BD$15="리스사명의(부산등록)",MIN(견적관리자용!$F$41-운용리스!$CG$62,견적관리자용!$F$40),MIN(견적관리자용!$G$41-운용리스!$CG$62,견적관리자용!$G$40)),4) -> 0.132 | BY30: 잔가수수료율 | BZ30: =CI54 -> 0.0132 | CD30: MAX | CE30: =견적관리자용!$T$21 -> 0.5 | CI30: =ROUNDDOWN($CI$29,-3) -> 0 | CL30: 25 | CM30: =IF(CL30<$CP$4,$CQ$32-$CQ$31,IF(CL30=$CP$4,$CQ$32-$CQ$31+$CQ$24-$CQ$20,0)) -> 1859558 | CO30: 월차세 | CQ30: =$CP$54 -> 0 | CS30: =$CP$54 -> 0 | CT30: =$CP$54 -> 0 | CX30: =견적관리자용!$S$12 -> 화물(1000cc 미만) | CY30: 0 | CZ30: 0 | DA30: 0 | DB30: 0 | DC30: 0 | DD30: =HLOOKUP($CI$6,$CY$4:$DC$145,DE30,TRUE) -> 0 | DE30: 27 | DF30: =IF($CI$5=CX30,DD30,0) -> 0 | DI30: 20 | DJ30: =IF(DI30<$CP$4,$AG$10,IF(DI30=$CP$4,$AG$10+$CI$42,0)) -> 1859600 | DK30: =DJ30/(1+$DJ$8)^DI30 -> 1716854.1
D31: * 운행중 발생하는 범칙금 및 과태료는 이용자 부담이며, 중도상환시 약정에 따른 수수료가 발생합니다. | AT31: CM수수료율 | BD31: 0 | BN31: ≤ | BY31: 잔가보장수수료 | BZ31: =CI55 -> 2106720 | CH31: 잔가율 | CI31: =CP62 -> 0.5 | CL31: 26 | CM31: =IF(CL31<$CP$4,$CQ$32-$CQ$31,IF(CL31=$CP$4,$CQ$32-$CQ$31+$CQ$24-$CQ$20,0)) -> 1859558 | CO31: 월선납 | CQ31: =ROUNDDOWN($CQ$19/$CQ$4,0) -> 0 | CS31: =ROUNDUP($CQ$19/$CQ$4,0) -> 0 | CT31: =ROUNDUP($CQ$19/$CQ$4,0) -> 0 | CX31: =견적관리자용!$S$13 -> 화물(0.6톤 미만) | CY31: 0 | CZ31: 195000 | DA31: 195000 | DB31: 195000 | DC31: 195000 | DD31: =HLOOKUP($CI$6,$CY$4:$DC$145,DE31,TRUE) -> 195000 | DE31: 28 | DF31: =IF($CI$5=CX31,DD31,0) -> 0 | DI31: 21 | DJ31: =IF(DI31<$CP$4,$AG$10,IF(DI31=$CP$4,$AG$10+$CI$42,0)) -> 1859600 | DK31: =DJ31/(1+$DJ$8)^DI31 -> 1710011.7
D32: =IF(AT10=2,"* 이용자명의 리스차량에 대한 승계는 불가능 합니다.","* 승계시 [미회수원금 * 2%] 의 변경수수료가 부과됩니다.(최소 300,000원, 최대 1,500,000원)") -> * 승계시 [미회수원금 * 2%] 의 변경수수료가 부과됩니다.(최소 300,000원, 최대 1,500,000원) | AT32: 자동차세 | BD32: 미포함(별도청구) | BK32: 직접입력→ | BQ32: 0 | BY32: 일반잔가 | BZ32: =CI32 -> 0.5 | CD32: 선납+보증+잔가율 | CE32: =($CI$26+$CI$28+$CI$42)/$CI$23 -> 0.54529916 | CH32: 주행거리 가감 | CI32: =CQ62 -> 0.5 | CL32: 27 | CM32: =IF(CL32<$CP$4,$CQ$32-$CQ$31,IF(CL32=$CP$4,$CQ$32-$CQ$31+$CQ$24-$CQ$20,0)) -> 1859558 | CO32: 순리스료(최종) | CQ32: =IF(CQ19>0,CQ26+CQ31,CQ29) -> 1859558 | CS32: =IF(CS19>0,CS26+CS31,CS29) -> 1859558 | CT32: =IF(CT19>0,CT26+CT31,CT29) -> 1859558 | CX32: =견적관리자용!$S$14 -> 화물(0.6~1톤 미만) | CY32: 0 | CZ32: 195000 | DA32: 195000 | DB32: 195000 | DC32: 195000 | DD32: =HLOOKUP($CI$6,$CY$4:$DC$145,DE32,TRUE) -> 195000 | DE32: 29 | DF32: =IF($CI$5=CX32,DD32,0) -> 0 | DI32: 22 | DJ32: =IF(DI32<$CP$4,$AG$10,IF(DI32=$CP$4,$AG$10+$CI$42,0)) -> 1859600 | DK32: =DJ32/(1+$DJ$8)^DI32 -> 1703196.6
D33: * 초기 납입 입급계좌 : 우리은행 1006-500-203980 엠지캐피탈㈜ (계약자 명의로 입금 바랍니다) | AT33: 보험료(年) | BY33: 제휴사 | BZ33: =BY5&IF(CE8=TRUE,"(제휴면제)","") -> 비제휴사 | CD33: MAX | CE33: =견적관리자용!T22 -> 1 | CH33: 최대 잔가율 | CI33: =CR62 -> 0.58 | CL33: 28 | CM33: =IF(CL33<$CP$4,$CQ$32-$CQ$31,IF(CL33=$CP$4,$CQ$32-$CQ$31+$CQ$24-$CQ$20,0)) -> 1859558 | CO33: 월보험 | CQ33: =$CI$87 -> 0 | CS33: =$CI$87 -> 0 | CT33: =$CI$87 -> 0 | CX33: =견적관리자용!$S$15 -> 화물(1~2.5톤 미만) | CY33: 0 | CZ33: 195000 | DA33: 195000 | DB33: 195000 | DC33: 195000 | DD33: =HLOOKUP($CI$6,$CY$4:$DC$145,DE33,TRUE) -> 195000 | DE33: 30 | DF33: =IF($CI$5=CX33,DD33,0) -> 0 | DI33: 23 | DJ33: =IF(DI33<$CP$4,$AG$10,IF(DI33=$CP$4,$AG$10+$CI$42,0)) -> 1859600 | DK33: =DJ33/(1+$DJ$8)^DI33 -> 1696408.6
D34: * 상기 견적의 유효기간은 7일 이며, 7일 이후에는 당사 기준금리 및 당사 기준의 변동으로 인하여 변동 될수 있습니다. | AT34: 이손액(수입수수료) | BD34: 0 | BY34: 취득원가 | BZ34: =K19 -> 169756360 | CD34: 4대 중요 에러 | CE34: =SUM(CE35:CE38) -> 0 | CH34: 최대 잔가액 | CI34: =ROUNDDOWN($CI$9*$CI$33,-1) -> 92568000 | CL34: 29 | CM34: =IF(CL34<$CP$4,$CQ$32-$CQ$31,IF(CL34=$CP$4,$CQ$32-$CQ$31+$CQ$24-$CQ$20,0)) -> 1859558 | CO34: RATE(3) (최종금리) | CQ34: =IF(CQ19>0,RATE(CQ4,CQ32,-CQ8,CQ24)*12,CQ28) -> 0.05153 | CS34: =IF(CS19>0,RATE(CS4,CS32,-CS8,CS24)*12,CS28) -> 0.05153 | CT34: =IF(CT19>0,RATE(CT4,CT32,-CT8,CT24)*12,CT28) -> 0.05153 | CX34: =견적관리자용!$S$16 -> 화물(2.5~4.6톤 미만) | CY34: 0 | CZ34: 390000 | DA34: 390000 | DB34: 390000 | DC34: 390000 | DD34: =HLOOKUP($CI$6,$CY$4:$DC$145,DE34,TRUE) -> 390000 | DE34: 31 | DF34: =IF($CI$5=CX34,DD34,0) -> 0 | DI34: 24 | DJ34: =IF(DI34<$CP$4,$AG$10,IF(DI34=$CP$4,$AG$10+$CI$42,0)) -> 1859600 | DK34: =DJ34/(1+$DJ$8)^DI34 -> 1689647.7
D35: ▷필요서류 (발행기간 3개월내) | AT35: 부가서비스 | BD35: - | CE35: =IF(C2="",0,1) -> 0 | CH35: 최대 잔가율 (취득원가비) | CI35: =ROUNDDOWN($CI$34/$CI$23,4) -> 0.5452 | CL35: 30 | CM35: =IF(CL35<$CP$4,$CQ$32-$CQ$31,IF(CL35=$CP$4,$CQ$32-$CQ$31+$CQ$24-$CQ$20,0)) -> 1859558 | CS35: =CS32-CQ32 -> 0 | CT35: =CT32-CQ32+CQ31 -> 0 | CU35: 리스료할인액 | CX35: =견적관리자용!$S$17 -> 화물(4.6톤 이상) | CY35: 0 | CZ35: 650000 | DA35: 650000 | DB35: 650000 | DC35: 650000 | DD35: =HLOOKUP($CI$6,$CY$4:$DC$145,DE35,TRUE) -> 650000 | DE35: 32 | DF35: =IF($CI$5=CX35,DD35,0) -> 0 | DI35: 25 | DJ35: =IF(DI35<$CP$4,$AG$10,IF(DI35=$CP$4,$AG$10+$CI$42,0)) -> 1859600 | DK35: =DJ35/(1+$DJ$8)^DI35 -> 1682913.8
D36: 개인(사업자) | J36: ㆍ사업자등록증 사본 ㆍ운전면허증사본 ㆍ주민등록등본 ㆍ인감증명서 ㆍ소득/재산 증빙서류 | AT36: 영업담당자 | BD36: OOO | BM36: 010-0000-0000 | BY36: 제휴수수료율 | BZ36: =BZ37/BZ34 -> 0 | CE36: =IF(X2="",0,1) -> 0 | CH36: 최소 잔가율 | CI36: =IF($CI$24=12,견적관리자용!$Q$35,IF($CI$24=24,견적관리자용!$Q$36,IF($CI$24=36,견적관리자용!$Q$37,IF($CI$24=48,견적관리자용!$Q$38,IF($CI$24=60,견적관리자용!$Q$39,20%))))) -> 0.15 | CL36: 31 | CM36: =IF(CL36<$CP$4,$CQ$32-$CQ$31,IF(CL36=$CP$4,$CQ$32-$CQ$31+$CQ$24-$CQ$20,0)) -> 1859558 | CS36: =CS35/CS32 -> 0 | CT36: =CT35/CT32 -> 0 | CU36: 리스료할인율 | CW36: 인천 | CX36: =견적관리자용!$S$8 -> 승용일반 | CY36: 0 | CZ36: 0 | DA36: 0.04 | DB36: 0.04 | DC36: 0.05 | DD36: =HLOOKUP($CI$6,$CY$4:$DC$145,DE36,TRUE) -> 0.05 | DE36: 33 | DF36: =IF($CI$5=CX36,DD36,0) -> 0 | DG36: =SUM(DF36:DF45) -> 390000 | DI36: 26 | DJ36: =IF(DI36<$CP$4,$AG$10,IF(DI36=$CP$4,$AG$10+$CI$42,0)) -> 1859600 | DK36: =DJ36/(1+$DJ$8)^DI36 -> 1676206.6
J37: ㆍ자동이체 통장 사본 ※ 전문직종사자는 자격/면허증 사본 필수 | AT37: 적용금리 | BD37: =$CQ$34 -> 0.05153 | BY37: 제휴수수료 | BZ37: =ROUNDDOWN(CI71,0) -> 0 | CE37: =IF(C3="",0,1)-1 -> 0 | CH37: 최소 잔가액 | CI37: =ROUNDDOWN($CI$9*$CI$36,-1) -> 23940000 | CL37: 32 | CM37: =IF(CL37<$CP$4,$CQ$32-$CQ$31,IF(CL37=$CP$4,$CQ$32-$CQ$31+$CQ$24-$CQ$20,0)) -> 1859558 | CO37: 차세 | CX37: =견적관리자용!$S$9 -> 승용SUV(~5인) | CY37: 0 | CZ37: 0 | DA37: 0.04 | DB37: 0.04 | DC37: 0.05 | DD37: =HLOOKUP($CI$6,$CY$4:$DC$145,DE37,TRUE) -> 0.05 | DE37: 34 | DF37: =IF($CI$5=CX37,DD37,0) -> 0 | DI37: 27 | DJ37: =IF(DI37<$CP$4,$AG$10,IF(DI37=$CP$4,$AG$10+$CI$42,0)) -> 1859600 | DK37: =DJ37/(1+$DJ$8)^DI37 -> 1669526.2
D38: 법인사업자 | J38: ㆍ사업자등록증 사본 ㆍ법인등기부등본 ㆍ법인인감증명서 ㆍ최근2개년 재무제표 ㆍ주주명부 | AT38: 보증금률 표시기준 | BD38: 차량가 기준 | CE38: =IF(X3="",0,1) -> 0 | CH38: 최소 잔가율 (취득원가비) | CI38: =ROUNDDOWN($CI$37/$CI$23,4) -> 0.141 | CL38: 33 | CM38: =IF(CL38<$CP$4,$CQ$32-$CQ$31,IF(CL38=$CP$4,$CQ$32-$CQ$31+$CQ$24-$CQ$20,0)) -> 1859558 | CO38: 0 | CP38: 104 | CX38: =견적관리자용!$S$10 -> 승용SUV(7~10인) | CY38: 0 | CZ38: 390000 | DA38: 390000 | DB38: 390000 | DC38: 390000 | DD38: =HLOOKUP($CI$6,$CY$4:$DC$145,DE38,TRUE) -> 390000 | DE38: 35 | DF38: =IF($CI$5=CX38,DD38,0) -> 390000 | DI38: 28 | DJ38: =IF(DI38<$CP$4,$AG$10,IF(DI38=$CP$4,$AG$10+$CI$42,0)) -> 1859600 | DK38: =DJ38/(1+$DJ$8)^DI38 -> 1662872.5
J39: ㆍ자동이체 통장 사본 ※ 대표이사 연대보증 필수 (신분증/주민등록등본/인감증명서/소득,재산증빙 서류) | AT39: ="* CM수수료(실수령기준):" -> * CM수수료(실수령기준): | BD39: =ROUNDDOWN($CI$23*$BD$31*0.967,-2) -> 0 | CD39: 금리표시체크 | CE39: TRUE | CH39: 취득원가비율 | CI39: =ROUNDDOWN($CI$23*$BK$27,-3) -> 98458000 | CL39: 34 | CM39: =IF(CL39<$CP$4,$CQ$32-$CQ$31,IF(CL39=$CP$4,$CQ$32-$CQ$31+$CQ$24-$CQ$20,0)) -> 1859558 | CO39: 1000 | CP39: 182 | CX39: =견적관리자용!$S$11 -> 승합(11~15인) | CY39: 0 | CZ39: 0.015 | DA39: 0.015 | DB39: 0.015 | DC39: 0.015 | DD39: =HLOOKUP($CI$6,$CY$4:$DC$145,DE39,TRUE) -> 0.015 | DE39: 36 | DF39: =IF($CI$5=CX39,DD39,0) -> 0 | DI39: 29 | DJ39: =IF(DI39<$CP$4,$AG$10,IF(DI39=$CP$4,$AG$10+$CI$42,0)) -> 1859600 | DK39: =DJ39/(1+$DJ$8)^DI39 -> 1656245.2
CD40: 보증잔가율기준체크 | CE40: =IF(BD38="차량가 기준",TRUE,FALSE) -> TRUE | CH40: 차량가비율 | CI40: =ROUNDDOWN($CI$9*$BK$27,-3) -> 92568000 | CL40: 35 | CM40: =IF(CL40<$CP$4,$CQ$32-$CQ$31,IF(CL40=$CP$4,$CQ$32-$CQ$31+$CQ$24-$CQ$20,0)) -> 1859558 | CO40: 1601 | CP40: 260 | CX40: =견적관리자용!$S$12 -> 화물(1000cc 미만) | CY40: 0 | CZ40: 0 | DA40: 0 | DB40: 0 | DC40: 0 | DD40: =HLOOKUP($CI$6,$CY$4:$DC$145,DE40,TRUE) -> 0 | DE40: 37 | DF40: =IF($CI$5=CX40,DD40,0) -> 0 | DI40: 30 | DJ40: =IF(DI40<$CP$4,$AG$10,IF(DI40=$CP$4,$AG$10+$CI$42,0)) -> 1859600 | DK40: =DJ40/(1+$DJ$8)^DI40 -> 1649644.4
CD41: 설정금액표시체크 | CE41: FALSE | CH41: 금액입력 | CI41: =$BQ$27 -> 0 | CL41: 36 | CM41: =IF(CL41<$CP$4,$CQ$32-$CQ$31,IF(CL41=$CP$4,$CQ$32-$CQ$31+$CQ$24-$CQ$20,0)) -> 1859558 | CO41: 2001 | CP41: 260 | CX41: =견적관리자용!$S$13 -> 화물(0.6톤 미만) | CY41: 0 | CZ41: 0.015 | DA41: 0.015 | DB41: 0.015 | DC41: 0.015 | DD41: =HLOOKUP($CI$6,$CY$4:$DC$145,DE41,TRUE) -> 0.015 | DE41: 38 | DF41: =IF($CI$5=CX41,DD41,0) -> 0 | DI41: 31 | DJ41: =IF(DI41<$CP$4,$AG$10,IF(DI41=$CP$4,$AG$10+$CI$42,0)) -> 1859600 | DK41: =DJ41/(1+$DJ$8)^DI41 -> 1643069.8
CH42: 최종 잔가 | CI42: =VLOOKUP($BD$27,$CH$39:$CI$41,2,FALSE) -> 92568000 | CL42: 37 | CM42: =IF(CL42<$CP$4,$CQ$32-$CQ$31,IF(CL42=$CP$4,$CQ$32-$CQ$31+$CQ$24-$CQ$20,0)) -> 1859558 | CP42: =VLOOKUP($CI$6,$CO$38:$CP$41,2,TRUE) -> 260 | CX42: =견적관리자용!$S$14 -> 화물(0.6~1톤 미만) | CY42: 0 | CZ42: 0.015 | DA42: 0.015 | DB42: 0.015 | DC42: 0.015 | DD42: =HLOOKUP($CI$6,$CY$4:$DC$145,DE42,TRUE) -> 0.015 | DE42: 39 | DF42: =IF($CI$5=CX42,DD42,0) -> 0 | DI42: 32 | DJ42: =IF(DI42<$CP$4,$AG$10,IF(DI42=$CP$4,$AG$10+$CI$42,0)) -> 1859600 | DK42: =DJ42/(1+$DJ$8)^DI42 -> 1636521.5
CH43: 잔가 GAP | CI43: =$CI$34-$CI$42 -> 0 | CJ43: =IF(CI8="Y","현가율미체크",DJ6) -> 현가율미체크 | CL43: 38 | CM43: =IF(CL43<$CP$4,$CQ$32-$CQ$31,IF(CL43=$CP$4,$CQ$32-$CQ$31+$CQ$24-$CQ$20,0)) -> 1859558 | CP43: =$CI$6*$CP$42 -> 778180 | CX43: =견적관리자용!$S$15 -> 화물(1~2.5톤 미만) | CY43: 0 | CZ43: 0.015 | DA43: 0.015 | DB43: 0.015 | DC43: 0.015 | DD43: =HLOOKUP($CI$6,$CY$4:$DC$145,DE43,TRUE) -> 0.015 | DE43: 40 | DF43: =IF($CI$5=CX43,DD43,0) -> 0 | DI43: 33 | DJ43: =IF(DI43<$CP$4,$AG$10,IF(DI43=$CP$4,$AG$10+$CI$42,0)) -> 1859600 | DK43: =DJ43/(1+$DJ$8)^DI43 -> 1629999.3
CG44: 잔가수수료 거꾸로 된 것 유의!!!! VLOOKUP TRUE 함수 | CH44: 잔가 GAP 비율 | CI44: =$CI$43/$CI$9 -> 0 | CJ44: =+IF(CJ43="현가율미체크",0%, CJ43) -> 0 | CL44: 39 | CM44: =IF(CL44<$CP$4,$CQ$32-$CQ$31,IF(CL44=$CP$4,$CQ$32-$CQ$31+$CQ$24-$CQ$20,0)) -> 1859558 | CP44: =IF($CI$12="승용",$CP$43,IF($CI$12="승합",65000,IF($CI$12="화물",0,0))) -> 778180 | CX44: =견적관리자용!$S$16 -> 화물(2.5~4.6톤 미만) | CY44: 0 | CZ44: 0.015 | DA44: 0.015 | DB44: 0.015 | DC44: 0.015 | DD44: =HLOOKUP($CI$6,$CY$4:$DC$145,DE44,TRUE) -> 0.015 | DE44: 41 | DF44: =IF($CI$5=CX44,DD44,0) -> 0 | DI44: 34 | DJ44: =IF(DI44<$CP$4,$AG$10,IF(DI44=$CP$4,$AG$10+$CI$42,0)) -> 1859600 | DK44: =DJ44/(1+$DJ$8)^DI44 -> 1623503
CD45: *보증보험 미표기 | CE45: TRUE | CH45: 0 | CI45: =HLOOKUP($CO$62,$CP$66:$CS$75,2,0) -> 0.0132 | CL45: 40 | CM45: =IF(CL45<$CP$4,$CQ$32-$CQ$31,IF(CL45=$CP$4,$CQ$32-$CQ$31+$CQ$24-$CQ$20,0)) -> 1859558 | CO45: ~24 | CP45: =$CP$44 -> 778180 | CX45: =견적관리자용!$S$17 -> 화물(4.6톤 이상) | CY45: 0 | CZ45: 0.015 | DA45: 0.015 | DB45: 0.015 | DC45: 0.015 | DD45: =HLOOKUP($CI$6,$CY$4:$DC$145,DE45,TRUE) -> 0.015 | DE45: 42 | DF45: =IF($CI$5=CX45,DD45,0) -> 0 | DI45: 35 | DJ45: =IF(DI45<$CP$4,$AG$10,IF(DI45=$CP$4,$AG$10+$CI$42,0)) -> 1859600 | DK45: =DJ45/(1+$DJ$8)^DI45 -> 1617032.7 | EE45: TRUE
CH46: 0.01 | CI46: =HLOOKUP($CO$62,$CP$66:$CS$75,3,0) -> 0.0121 | CL46: 41 | CM46: =IF(CL46<$CP$4,$CQ$32-$CQ$31,IF(CL46=$CP$4,$CQ$32-$CQ$31+$CQ$24-$CQ$20,0)) -> 1859558 | CO46: 25~36 | CP46: =IF($CI$12="승용",$CP$45*100%,$CP$45) -> 778180 | CQ46: 0.95 | CW46: 대전 | CX46: =견적관리자용!$S$8 -> 승용일반 | CY46: 0 | CZ46: 0.04 | DA46: 0.04 | DB46: 0.04 | DC46: 0.05 | DD46: =HLOOKUP($CI$6,$CY$4:$DC$145,DE46,TRUE) -> 0.05 | DE46: 43 | DF46: =IF($CI$5=CX46,DD46,0) -> 0 | DG46: =SUM(DF46:DF55) -> 0.05 | DI46: 36 | DJ46: =IF(DI46<$CP$4,$AG$10,IF(DI46=$CP$4,$AG$10+$CI$42,0)) -> 1859600 | DK46: =DJ46/(1+$DJ$8)^DI46 -> 1610588.1
CH47: 0.02 | CI47: =HLOOKUP($CO$62,$CP$66:$CS$75,4,0) -> 0.011 | CL47: 42 | CM47: =IF(CL47<$CP$4,$CQ$32-$CQ$31,IF(CL47=$CP$4,$CQ$32-$CQ$31+$CQ$24-$CQ$20,0)) -> 1859558 | CO47: 37~48 | CP47: =IF($CI$12="승용",$CP$45*100%,$CP$45) -> 778180 | CQ47: 0.9 | CX47: =견적관리자용!$S$9 -> 승용SUV(~5인) | CY47: 0 | CZ47: 0.04 | DA47: 0.04 | DB47: 0.04 | DC47: 0.05 | DD47: =HLOOKUP($CI$6,$CY$4:$DC$145,DE47,TRUE) -> 0.05 | DE47: 44 | DF47: =IF($CI$5=CX47,DD47,0) -> 0 | DI47: 37 | DJ47: =IF(DI47<$CP$4,$AG$10,IF(DI47=$CP$4,$AG$10+$CI$42,0)) -> 1859600 | DK47: =DJ47/(1+$DJ$8)^DI47 -> 1604169.2
CH48: 0.03 | CI48: =HLOOKUP($CO$62,$CP$66:$CS$75,5,0) -> 0.0099 | CL48: 43 | CM48: =IF(CL48<$CP$4,$CQ$32-$CQ$31,IF(CL48=$CP$4,$CQ$32-$CQ$31+$CQ$24-$CQ$20,0)) -> 1859558 | CO48: 49~60 | CP48: =IF($CI$12="승용",$CP$45*100%,$CP$45) -> 778180 | CQ48: 0.85 | CX48: =견적관리자용!$S$10 -> 승용SUV(7~10인) | CY48: 0 | CZ48: 0.04 | DA48: 0.04 | DB48: 0.04 | DC48: 0.05 | DD48: =HLOOKUP($CI$6,$CY$4:$DC$145,DE48,TRUE) -> 0.05 | DE48: 45 | DF48: =IF($CI$5=CX48,DD48,0) -> 0.05 | DI48: 38 | DJ48: =IF(DI48<$CP$4,$AG$10,IF(DI48=$CP$4,$AG$10+$CI$42,0)) -> 1859600 | DK48: =DJ48/(1+$DJ$8)^DI48 -> 1597775.9
CH49: 0.04 | CI49: =HLOOKUP($CO$62,$CP$66:$CS$75,6,0) -> 0.0088 | CL49: 44 | CM49: =IF(CL49<$CP$4,$CQ$32-$CQ$31,IF(CL49=$CP$4,$CQ$32-$CQ$31+$CQ$24-$CQ$20,0)) -> 1859558 | CO49: 12 | CP49: =ROUNDUP($CP$44/12,0) -> 64849 | CX49: =견적관리자용!$S$11 -> 승합(11~15인) | CY49: 0 | CZ49: 0.015 | DA49: 0.015 | DB49: 0.015 | DC49: 0.015 | DD49: =HLOOKUP($CI$6,$CY$4:$DC$145,DE49,TRUE) -> 0.015 | DE49: 46 | DF49: =IF($CI$5=CX49,DD49,0) -> 0 | DI49: 39 | DJ49: =IF(DI49<$CP$4,$AG$10,IF(DI49=$CP$4,$AG$10+$CI$42,0)) -> 1859600 | DK49: =DJ49/(1+$DJ$8)^DI49 -> 1591408.1
CH50: 0.05 | CI50: =HLOOKUP($CO$62,$CP$66:$CS$75,7,0) -> 0.0077 | CL50: 45 | CM50: =IF(CL50<$CP$4,$CQ$32-$CQ$31,IF(CL50=$CP$4,$CQ$32-$CQ$31+$CQ$24-$CQ$20,0)) -> 1859558 | CO50: 24 | CP50: =ROUNDUP($CP$44/12,0) -> 64849 | CX50: =견적관리자용!$S$12 -> 화물(1000cc 미만) | CY50: 0 | CZ50: 0 | DA50: 0 | DB50: 0 | DC50: 0 | DD50: =HLOOKUP($CI$6,$CY$4:$DC$145,DE50,TRUE) -> 0 | DE50: 47 | DF50: =IF($CI$5=CX50,DD50,0) -> 0 | DI50: 40 | DJ50: =IF(DI50<$CP$4,$AG$10,IF(DI50=$CP$4,$AG$10+$CI$42,0)) -> 1859600 | DK50: =DJ50/(1+$DJ$8)^DI50 -> 1585065.7
CH51: 0.06 | CI51: =HLOOKUP($CO$62,$CP$66:$CS$75,8,0) -> 0.0066 | CL51: 46 | CM51: =IF(CL51<$CP$4,$CQ$32-$CQ$31,IF(CL51=$CP$4,$CQ$32-$CQ$31+$CQ$24-$CQ$20,0)) -> 1859558 | CO51: 36 | CP51: =ROUNDUP(($CP$44+$CP$44+$CP$46)/36,0) -> 64849 | CX51: =견적관리자용!$S$13 -> 화물(0.6톤 미만) | CY51: 0 | CZ51: 0.015 | DA51: 0.015 | DB51: 0.015 | DC51: 0.015 | DD51: =HLOOKUP($CI$6,$CY$4:$DC$145,DE51,TRUE) -> 0.015 | DE51: 48 | DF51: =IF($CI$5=CX51,DD51,0) -> 0 | DI51: 41 | DJ51: =IF(DI51<$CP$4,$AG$10,IF(DI51=$CP$4,$AG$10+$CI$42,0)) -> 1859600 | DK51: =DJ51/(1+$DJ$8)^DI51 -> 1578748.5
CH52: 0.07 | CI52: =HLOOKUP($CO$62,$CP$66:$CS$75,9,0) -> 0.0055 | CL52: 47 | CM52: =IF(CL52<$CP$4,$CQ$32-$CQ$31,IF(CL52=$CP$4,$CQ$32-$CQ$31+$CQ$24-$CQ$20,0)) -> 1859558 | CO52: 48 | CP52: =ROUNDUP(($CP$44+$CP$44+$CP$46+$CP$47)/48,0) -> 64849 | CX52: =견적관리자용!$S$14 -> 화물(0.6~1톤 미만) | CY52: 0 | CZ52: 0.015 | DA52: 0.015 | DB52: 0.015 | DC52: 0.015 | DD52: =HLOOKUP($CI$6,$CY$4:$DC$145,DE52,TRUE) -> 0.015 | DE52: 49 | DF52: =IF($CI$5=CX52,DD52,0) -> 0 | DI52: 42 | DJ52: =IF(DI52<$CP$4,$AG$10,IF(DI52=$CP$4,$AG$10+$CI$42,0)) -> 1859600 | DK52: =DJ52/(1+$DJ$8)^DI52 -> 1572456.5
CH53: 0.08 | CI53: =HLOOKUP($CO$62,$CP$66:$CS$75,10,0) -> 0 | CL53: 48 | CM53: =IF(CL53<$CP$4,$CQ$32-$CQ$31,IF(CL53=$CP$4,$CQ$32-$CQ$31+$CQ$24-$CQ$20,0)) -> 1859558 | CO53: 60 | CP53: =ROUNDUP(($CP$44+$CP$44+$CP$46+$CP$47+$CP$48)/60,0) -> 64849 | CX53: =견적관리자용!$S$15 -> 화물(1~2.5톤 미만) | CY53: 0 | CZ53: 0.015 | DA53: 0.015 | DB53: 0.015 | DC53: 0.015 | DD53: =HLOOKUP($CI$6,$CY$4:$DC$145,DE53,TRUE) -> 0.015 | DE53: 50 | DF53: =IF($CI$5=CX53,DD53,0) -> 0 | DI53: 43 | DJ53: =IF(DI53<$CP$4,$AG$10,IF(DI53=$CP$4,$AG$10+$CI$42,0)) -> 1859600 | DK53: =DJ53/(1+$DJ$8)^DI53 -> 1566189.6
CH54: 잔가보장수수료율 | CI54: =VLOOKUP($CI$44,$CH$45:$CI$53,2,TRUE) -> 0.0132 | CL54: 49 | CM54: =IF(CL54<$CP$4,$CQ$32-$CQ$31,IF(CL54=$CP$4,$CQ$32-$CQ$31+$CQ$24-$CQ$20,0)) -> 1859558 | CP54: =IF($BD$15="이용자명의",0,IF($BD$32="리스료포함",IF($BQ$32>0,$BQ$32,VLOOKUP($CI$24,$CO$49:$CP$53,2,FALSE)),0)) -> 0 | CX54: =견적관리자용!$S$16 -> 화물(2.5~4.6톤 미만) | CY54: 0 | CZ54: 0.015 | DA54: 0.015 | DB54: 0.015 | DC54: 0.015 | DD54: =HLOOKUP($CI$6,$CY$4:$DC$145,DE54,TRUE) -> 0.015 | DE54: 51 | DF54: =IF($CI$5=CX54,DD54,0) -> 0 | DI54: 44 | DJ54: =IF(DI54<$CP$4,$AG$10,IF(DI54=$CP$4,$AG$10+$CI$42,0)) -> 1859600 | DK54: =DJ54/(1+$DJ$8)^DI54 -> 1559947.7
CH55: 잔가보장수수료 | CI55: =IF(CJ8="모두불가",0,IF(CI8=0,0,ROUNDDOWN($CI$9*$CI$54,0))) -> 2106720 | CJ55: VAT포함 | CL55: 50 | CM55: =IF(CL55<$CP$4,$CQ$32-$CQ$31,IF(CL55=$CP$4,$CQ$32-$CQ$31+$CQ$24-$CQ$20,0)) -> 1859558 | CX55: =견적관리자용!$S$17 -> 화물(4.6톤 이상) | CY55: 0 | CZ55: 0.015 | DA55: 0.015 | DB55: 0.015 | DC55: 0.015 | DD55: =HLOOKUP($CI$6,$CY$4:$DC$145,DE55,TRUE) -> 0.015 | DE55: 52 | DF55: =IF($CI$5=CX55,DD55,0) -> 0 | DI55: 45 | DJ55: =IF(DI55<$CP$4,$AG$10,IF(DI55=$CP$4,$AG$10+$CI$42,0)) -> 1859600 | DK55: =DJ55/(1+$DJ$8)^DI55 -> 1553730.6
CH56: AG수수료 | CI56: =ROUNDDOWN($CP$8*$BD$30,0) -> 0 | CL56: 51 | CM56: =IF(CL56<$CP$4,$CQ$32-$CQ$31,IF(CL56=$CP$4,$CQ$32-$CQ$31+$CQ$24-$CQ$20,0)) -> 1859558 | CO56: 잔가군(APS) | CP56: =VLOOKUP($BD$6,차량DB!$F$6:$AD$655,20,0) -> 0 | CW56: 광주 | CX56: =견적관리자용!$S$8 -> 승용일반 | CY56: 0 | CZ56: 0.04 | DA56: 0.04 | DB56: 0.04 | DC56: 0.05 | DD56: =HLOOKUP($CI$6,$CY$4:$DC$145,DE56,TRUE) -> 0.05 | DE56: 53 | DF56: =IF($CI$5=CX56,DD56,0) -> 0 | DG56: =SUM(DF56:DF65) -> 0.05 | DI56: 46 | DJ56: =IF(DI56<$CP$4,$AG$10,IF(DI56=$CP$4,$AG$10+$CI$42,0)) -> 1859600 | DK56: =DJ56/(1+$DJ$8)^DI56 -> 1547538.3
CH57: CM수수료 | CI57: =ROUNDDOWN($CP$8*$BD$31,0) -> 0 | CL57: 52 | CM57: =IF(CL57<$CP$4,$CQ$32-$CQ$31,IF(CL57=$CP$4,$CQ$32-$CQ$31+$CQ$24-$CQ$20,0)) -> 1859558 | CO57: 잔가군(에스앤케이모터스) | CP57: =VLOOKUP($BD$6,차량DB!$F$6:$S$655,14,0) -> E | CX57: =견적관리자용!$S$9 -> 승용SUV(~5인) | CY57: 0 | CZ57: 0.04 | DA57: 0.04 | DB57: 0.04 | DC57: 0.05 | DD57: =HLOOKUP($CI$6,$CY$4:$DC$145,DE57,TRUE) -> 0.05 | DE57: 54 | DF57: =IF($CI$5=CX57,DD57,0) -> 0 | DI57: 47 | DJ57: =IF(DI57<$CP$4,$AG$10,IF(DI57=$CP$4,$AG$10+$CI$42,0)) -> 1859600 | DK57: =DJ57/(1+$DJ$8)^DI57 -> 1541370.7
CL58: 53 | CM58: =IF(CL58<$CP$4,$CQ$32-$CQ$31,IF(CL58=$CP$4,$CQ$32-$CQ$31+$CQ$24-$CQ$20,0)) -> 1859558 | CO58: Type | CP58: 기본 | CQ58: 주행거리가감 | CR58: 최대잔가율 | CX58: =견적관리자용!$S$10 -> 승용SUV(7~10인) | CY58: 0 | CZ58: 0.04 | DA58: 0.04 | DB58: 0.04 | DC58: 0.05 | DD58: =HLOOKUP($CI$6,$CY$4:$DC$145,DE58,TRUE) -> 0.05 | DE58: 55 | DF58: =IF($CI$5=CX58,DD58,0) -> 0.05 | DI58: 48 | DJ58: =IF(DI58<$CP$4,$AG$10,IF(DI58=$CP$4,$AG$10+$CI$42,0)) -> 1859600 | DK58: =DJ58/(1+$DJ$8)^DI58 -> 1535227.7
CH59: AG수수료율 | CI59: =ROUNDUP($CI$56/$CI$23,4) -> 0 | CL59: 54 | CM59: =IF(CL59<$CP$4,$CQ$32-$CQ$31,IF(CL59=$CP$4,$CQ$32-$CQ$31+$CQ$24-$CQ$20,0)) -> 1859558 | CO59: 에스앤케이모터스 | CP59: =IFERROR(INDEX(잔가map!$C$3:$AB$7,MATCH(운용리스!$CI$24,잔가map!$B$3:$B$7,0),MATCH(운용리스!$CP$57,잔가map!$C$2:$AB$2,0)),0%) -> 0.5 | CQ59: =IF($BD$26=35000,$CP$59-2%,IF($BD$26=30000,$CP$59-4%,IF($BD$26=20000,$CP$59,IF($BD$26=10000,$CP$59+0.5%,0%)))) -> 0.5 | CR59: =IF(AND($CI$8="Y"),$CQ$59+8%,$CQ$59)+0.000000001% -> 0.58 | CS59: 에스앤케이모터스 | CX59: =견적관리자용!$S$11 -> 승합(11~15인) | CY59: 0 | CZ59: 0.03 | DA59: 0.03 | DB59: 0.03 | DC59: 0.03 | DD59: =HLOOKUP($CI$6,$CY$4:$DC$145,DE59,TRUE) -> 0.03 | DE59: 56 | DF59: =IF($CI$5=CX59,DD59,0) -> 0 | DI59: 49 | DJ59: =IF(DI59<$CP$4,$AG$10,IF(DI59=$CP$4,$AG$10+$CI$42,0)) -> 1859600 | DK59: =DJ59/(1+$DJ$8)^DI59 -> 1529109.2
CH60: CM수수료율 | CI60: =ROUNDUP($CI$57/$CI$23,4) -> 0 | CL60: 55 | CM60: =IF(CL60<$CP$4,$CQ$32-$CQ$31,IF(CL60=$CP$4,$CQ$32-$CQ$31+$CQ$24-$CQ$20,0)) -> 1859558 | CO60: APS | CP60: =IFERROR(INDEX(잔가map!$C$14:$AR$18,MATCH(운용리스!$CI$24,잔가map!$B$14:$B$18,0),MATCH(운용리스!$CP$56,잔가map!$C$13:$AR$13,0)),0%) -> 0 | CQ60: =IF($BD$26=35000,$CP$60-2%,IF($BD$26=30000,$CP$60-9%,IF($BD$26=20000,$CP$60,IF($BD$26=10000,$CP$60+1%,0%)))) -> 0 | CR60: =IF(AND($CI$8="Y"),$CQ$60+8%,$CQ$60)+0.000000001% -> 0.08 | CS60: APS | CX60: =견적관리자용!$S$12 -> 화물(1000cc 미만) | CY60: 0 | CZ60: 0 | DA60: 0 | DB60: 0 | DC60: 0 | DD60: =HLOOKUP($CI$6,$CY$4:$DC$145,DE60,TRUE) -> 0 | DE60: 57 | DF60: =IF($CI$5=CX60,DD60,0) -> 0 | DI60: 50 | DJ60: =IF(DI60<$CP$4,$AG$10,IF(DI60=$CP$4,$AG$10+$CI$42,0)) -> 1859600 | DK60: =DJ60/(1+$DJ$8)^DI60 -> 1523015
CH61: 총 수수료율 | CI61: =SUM(CI59:CI60) -> 0 | CL61: 56 | CM61: =IF(CL61<$CP$4,$CQ$32-$CQ$31,IF(CL61=$CP$4,$CQ$32-$CQ$31+$CQ$24-$CQ$20,0)) -> 1859558 | CO61: 차봇 | CP61: =IF($CI$24=12,VLOOKUP($BD$6,차량DB!$F$5:$AJ$88845,27,FALSE),IF($CI$24=24,VLOOKUP($BD$6,차량DB!$F$5:$AJ$88845,28,FALSE),IF($CI$24=36,VLOOKUP($BD$6,차량DB!$F$5:$AJ$88845,29,FALSE),IF($CI$24=48,VLOOKUP($BD$6,차량DB!$F$5:$AJ$88845,30,FALSE),IF($CI$24=60,VLOOKUP($BD$6,차량DB!$F$5:$AJ$88845,31,FALSE),0))))) -> 0 | CQ61: =IF($BD$26=20000,$CP$61,IF($BD$26=30000,$CP$61-6%,IF($BD$26=10000,$CP$61,2%))) -> 0 | CR61: =IF(AND($CI$8="Y"),$CQ$61+8%,$CQ$61)+0.0000001% -> 0.080000001 | CS61: Type-C | CX61: =견적관리자용!$S$13 -> 화물(0.6톤 미만) | CY61: 0 | CZ61: 0.015 | DA61: 0.015 | DB61: 0.015 | DC61: 0.015 | DD61: =HLOOKUP($CI$6,$CY$4:$DC$145,DE61,TRUE) -> 0.015 | DE61: 58 | DF61: =IF($CI$5=CX61,DD61,0) -> 0 | DI61: 51 | DJ61: =IF(DI61<$CP$4,$AG$10,IF(DI61=$CP$4,$AG$10+$CI$42,0)) -> 1859600 | DK61: =DJ61/(1+$DJ$8)^DI61 -> 1516945.2
CG62: 0 | CH62: 총 수수료 | CI62: =ROUNDDOWN($CP$8*$CI$61,0) -> 0 | CL62: 57 | CM62: =IF(CL62<$CP$4,$CQ$32-$CQ$31,IF(CL62=$CP$4,$CQ$32-$CQ$31+$CQ$24-$CQ$20,0)) -> 1859558 | CO62: =VLOOKUP(CR62,CR59:CS61,2,0) -> 에스앤케이모터스 | CP62: =VLOOKUP($CO$62,$CO$59:$CP$61,2,0) -> 0.5 | CQ62: =VLOOKUP($CO$62,$CO$59:$CQ$61,3,0) -> 0.5 | CR62: =MAX($CR$59:$CR$61) -> 0.58 | CX62: =견적관리자용!$S$14 -> 화물(0.6~1톤 미만) | CY62: 0 | CZ62: 0.03 | DA62: 0.03 | DB62: 0.03 | DC62: 0.03 | DD62: =HLOOKUP($CI$6,$CY$4:$DC$145,DE62,TRUE) -> 0.03 | DE62: 59 | DF62: =IF($CI$5=CX62,DD62,0) -> 0 | DI62: 52 | DJ62: =IF(DI62<$CP$4,$AG$10,IF(DI62=$CP$4,$AG$10+$CI$42,0)) -> 1859600 | DK62: =DJ62/(1+$DJ$8)^DI62 -> 1510899.5
CH63: 제휴수수료(당사명의) | CI63: =VLOOKUP(견적관리자용!$M$10,운용리스!$CH$64:$CI$66,2,FALSE) -> 0 | CL63: 58 | CM63: =IF(CL63<$CP$4,$CQ$32-$CQ$31,IF(CL63=$CP$4,$CQ$32-$CQ$31+$CQ$24-$CQ$20,0)) -> 1859558 | CX63: =견적관리자용!$S$15 -> 화물(1~2.5톤 미만) | CY63: 0 | CZ63: 0.03 | DA63: 0.03 | DB63: 0.03 | DC63: 0.03 | DD63: =HLOOKUP($CI$6,$CY$4:$DC$145,DE63,TRUE) -> 0.03 | DE63: 60 | DF63: =IF($CI$5=CX63,DD63,0) -> 0 | DI63: 53 | DJ63: =IF(DI63<$CP$4,$AG$10,IF(DI63=$CP$4,$AG$10+$CI$42,0)) -> 1859600 | DK63: =DJ63/(1+$DJ$8)^DI63 -> 1504877.9
CH64: 요율 | CI64: =ROUNDDOWN($CI$23*견적관리자용!$M$11,0) -> 0 | CL64: 59 | CM64: =IF(CL64<$CP$4,$CQ$32-$CQ$31,IF(CL64=$CP$4,$CQ$32-$CQ$31+$CQ$24-$CQ$20,0)) -> 1859558 | CX64: =견적관리자용!$S$16 -> 화물(2.5~4.6톤 미만) | CY64: 0 | CZ64: 0.03 | DA64: 0.03 | DB64: 0.03 | DC64: 0.03 | DD64: =HLOOKUP($CI$6,$CY$4:$DC$145,DE64,TRUE) -> 0.03 | DE64: 61 | DF64: =IF($CI$5=CX64,DD64,0) -> 0 | DI64: 54 | DJ64: =IF(DI64<$CP$4,$AG$10,IF(DI64=$CP$4,$AG$10+$CI$42,0)) -> 1859600 | DK64: =DJ64/(1+$DJ$8)^DI64 -> 1498880.3
CH65: 금액 | CI65: =견적관리자용!$M$12 -> 0 | CL65: 60 | CM65: =IF(CL65<$CP$4,$CQ$32-$CQ$31,IF(CL65=$CP$4,$CQ$32-$CQ$31+$CQ$24-$CQ$20,0)) -> 94427558 | CO65: 수수료율 | CS65: =IF((VLOOKUP(BD6,차량DB!F:AL,33,0))>0,"P","") | CX65: =견적관리자용!$S$17 -> 화물(4.6톤 이상) | CY65: 0 | CZ65: 0.03 | DA65: 0.03 | DB65: 0.03 | DC65: 0.03 | DD65: =HLOOKUP($CI$6,$CY$4:$DC$145,DE65,TRUE) -> 0.03 | DE65: 62 | DF65: =IF($CI$5=CX65,DD65,0) -> 0 | DI65: 55 | DJ65: =IF(DI65<$CP$4,$AG$10,IF(DI65=$CP$4,$AG$10+$CI$42,0)) -> 1859600 | DK65: =DJ65/(1+$DJ$8)^DI65 -> 1492906.7
CH66: 요율+금액 | CI66: =$CI$64+$CI$65 -> 0 | CO66: GAP | CP66: =CO62 -> 에스앤케이모터스 | CQ66: 에스앤케이모터스 | CR66: APS | CS66: Type-C-Promo | CW66: 울산 | CX66: =견적관리자용!$S$8 -> 승용일반 | CY66: 0 | CZ66: 0.06 | DA66: 0.06 | DB66: 0.08 | DC66: 0.12 | DD66: =HLOOKUP($CI$6,$CY$4:$DC$145,DE66,TRUE) -> 0.12 | DE66: 63 | DF66: =IF($CI$5=CX66,DD66,0) -> 0 | DG66: =SUM(DF66:DF75) -> 0.12 | DI66: 56 | DJ66: =IF(DI66<$CP$4,$AG$10,IF(DI66=$CP$4,$AG$10+$CI$42,0)) -> 1859600 | DK66: =DJ66/(1+$DJ$8)^DI66 -> 1486956.8
CH67: 제휴수수료(이용자명의) | CI67: =VLOOKUP(견적관리자용!$N$10,운용리스!$CH$68:$CI$70,2,FALSE) -> 0 | CO67: 0 | CP67: =IF($CP$66="에스앤케이모터스",CQ67,IF($CP$66="APS",CR67,0)) -> 0.0132 | CQ67: 0.0132 | CR67: 0.011 | CS67: =IF($CS$65="P",0.8%,0%) -> 0 | CW67: 강원 | CX67: =견적관리자용!$S$9 -> 승용SUV(~5인) | CY67: 0 | CZ67: 0.06 | DA67: 0.06 | DB67: 0.08 | DC67: 0.12 | DD67: =HLOOKUP($CI$6,$CY$4:$DC$145,DE67,TRUE) -> 0.12 | DE67: 64 | DF67: =IF($CI$5=CX67,DD67,0) -> 0 | DI67: 57 | DJ67: =IF(DI67<$CP$4,$AG$10,IF(DI67=$CP$4,$AG$10+$CI$42,0)) -> 1859600 | DK67: =DJ67/(1+$DJ$8)^DI67 -> 1481030.6
CH68: 요율 | CI68: =ROUNDDOWN($CI$23*견적관리자용!$N$11,0) -> 0 | CO68: 0.01 | CP68: =IF($CP$66="에스앤케이모터스",CQ68,IF($CP$66="APS",CR68,0)) -> 0.0121 | CQ68: 0.0121 | CR68: 0.0099 | CS68: =IF($CS$65="P",0.8%,0%) -> 0 | CW68: 전남 | CX68: =견적관리자용!$S$10 -> 승용SUV(7~10인) | CY68: 0 | CZ68: 0.06 | DA68: 0.06 | DB68: 0.08 | DC68: 0.12 | DD68: =HLOOKUP($CI$6,$CY$4:$DC$145,DE68,TRUE) -> 0.12 | DE68: 65 | DF68: =IF($CI$5=CX68,DD68,0) -> 0.12 | DI68: 58 | DJ68: =IF(DI68<$CP$4,$AG$10,IF(DI68=$CP$4,$AG$10+$CI$42,0)) -> 1859600 | DK68: =DJ68/(1+$DJ$8)^DI68 -> 1475128.1
CH69: 금액 | CI69: =견적관리자용!$N$12 -> 0 | CO69: 0.02 | CP69: =IF($CP$66="에스앤케이모터스",CQ69,IF($CP$66="APS",CR69,0)) -> 0.011 | CQ69: 0.011 | CR69: 0.0077 | CS69: =IF($CS$65="P",0.8%,0%) -> 0 | CX69: =견적관리자용!$S$11 -> 승합(11~15인) | CY69: 0 | CZ69: 0.03 | DA69: 0.03 | DB69: 0.03 | DC69: 0.03 | DD69: =HLOOKUP($CI$6,$CY$4:$DC$145,DE69,TRUE) -> 0.03 | DE69: 66 | DF69: =IF($CI$5=CX69,DD69,0) -> 0 | DI69: 59 | DJ69: =IF(DI69<$CP$4,$AG$10,IF(DI69=$CP$4,$AG$10+$CI$42,0)) -> 1859600 | DK69: =DJ69/(1+$DJ$8)^DI69 -> 1469249.1
CH70: 요율+금액 | CI70: =$CI$68+$CI$69 -> 0 | CO70: 0.03 | CP70: =IF($CP$66="에스앤케이모터스",CQ70,IF($CP$66="APS",CR70,0)) -> 0.0099 | CQ70: 0.0099 | CR70: 0.0066 | CS70: =IF($CS$65="P",0.8%,0%) -> 0 | CX70: =견적관리자용!$S$12 -> 화물(1000cc 미만) | CY70: 0 | CZ70: 0 | DA70: 0 | DB70: 0 | DC70: 0 | DD70: =HLOOKUP($CI$6,$CY$4:$DC$145,DE70,TRUE) -> 0 | DE70: 67 | DF70: =IF($CI$5=CX70,DD70,0) -> 0 | DI70: 60 | DJ70: =IF(DI70<$CP$4,$AG$10,IF(DI70=$CP$4,$AG$10+$CI$42,0)) -> 94427600 | DK70: =DJ70/(1+$DJ$8)^DI70 -> 74308849
CH71: 최종 제휴수수료 | CI71: =IF($BD$15="당사명의",$CI$63,$CI$67) -> 0 | CO71: 0.04 | CP71: =IF($CP$66="에스앤케이모터스",CQ71,IF($CP$66="APS",CR71,0)) -> 0.0088 | CQ71: 0.0088 | CR71: 0.0055 | CS71: =IF($CS$65="P",0.8%,0%) -> 0 | CX71: =견적관리자용!$S$13 -> 화물(0.6톤 미만) | CY71: 0 | CZ71: 0.015 | DA71: 0.015 | DB71: 0.015 | DC71: 0.015 | DD71: =HLOOKUP($CI$6,$CY$4:$DC$145,DE71,TRUE) -> 0.015 | DE71: 68 | DF71: =IF($CI$5=CX71,DD71,0) -> 0
CH72: 기타비용(당사명의) | CI72: =VLOOKUP(견적관리자용!$M$18,운용리스!$CH$73:$CI$75,2,FALSE) -> 0 | CO72: 0.05 | CP72: =IF($CP$66="에스앤케이모터스",CQ72,IF($CP$66="APS",CR72,0)) -> 0.0077 | CQ72: 0.0077 | CR72: 0.0044 | CS72: =IF($CS$65="P",0.8%,0%) -> 0 | CX72: =견적관리자용!$S$14 -> 화물(0.6~1톤 미만) | CY72: 0 | CZ72: 0.03 | DA72: 0.03 | DB72: 0.03 | DC72: 0.03 | DD72: =HLOOKUP($CI$6,$CY$4:$DC$145,DE72,TRUE) -> 0.03 | DE72: 69 | DF72: =IF($CI$5=CX72,DD72,0) -> 0
CH73: 요율 | CI73: =ROUNDDOWN($CI$23*견적관리자용!$M$19,0) -> 0 | CO73: 0.06 | CP73: =IF($CP$66="에스앤케이모터스",CQ73,IF($CP$66="APS",CR73,0)) -> 0.0066 | CQ73: 0.0066 | CR73: 0.0022 | CS73: =IF($CS$65="P",0.8%,0%) -> 0 | CX73: =견적관리자용!$S$15 -> 화물(1~2.5톤 미만) | CY73: 0 | CZ73: 0.03 | DA73: 0.03 | DB73: 0.03 | DC73: 0.03 | DD73: =HLOOKUP($CI$6,$CY$4:$DC$145,DE73,TRUE) -> 0.03 | DE73: 70 | DF73: =IF($CI$5=CX73,DD73,0) -> 0
CH74: 금액 | CI74: =견적관리자용!$M$20 -> 0 | CO74: 0.07 | CP74: =IF($CP$66="에스앤케이모터스",CQ74,IF($CP$66="APS",CR74,0)) -> 0.0055 | CQ74: 0.0055 | CR74: 0 | CS74: =IF($CS$65="P",0.8%,0%) -> 0 | CX74: =견적관리자용!$S$16 -> 화물(2.5~4.6톤 미만) | CY74: 0 | CZ74: 0.03 | DA74: 0.03 | DB74: 0.03 | DC74: 0.03 | DD74: =HLOOKUP($CI$6,$CY$4:$DC$145,DE74,TRUE) -> 0.03 | DE74: 71 | DF74: =IF($CI$5=CX74,DD74,0) -> 0
CH75: 요율+금액 | CI75: =$CI$73+$CI$74 -> 0 | CO75: 0.08 | CP75: =IF($CP$66="에스앤케이모터스",CQ75,IF($CP$66="APS",CR75,0)) -> 0 | CQ75: 0 | CR75: 0 | CS75: =IF($CS$65="P",0.8%,0%) -> 0 | CX75: =견적관리자용!$S$17 -> 화물(4.6톤 이상) | CY75: 0 | CZ75: 0.03 | DA75: 0.03 | DB75: 0.03 | DC75: 0.03 | DD75: =HLOOKUP($CI$6,$CY$4:$DC$145,DE75,TRUE) -> 0.03 | DE75: 72 | DF75: =IF($CI$5=CX75,DD75,0) -> 0
CH76: 기타비용(이용자명의) | CI76: =VLOOKUP(견적관리자용!$N$18,운용리스!$CH$77:$CI$79,2,FALSE) -> 0 | CW76: 제주 | CX76: =견적관리자용!$S$8 -> 승용일반 | CY76: 0 | CZ76: 0.03 | DA76: 0.03 | DB76: 0.04 | DC76: 0.05 | DD76: =HLOOKUP($CI$6,$CY$4:$DC$145,DE76,TRUE) -> 0.05 | DE76: 73 | DF76: =IF($CI$5=CX76,DD76,0) -> 0 | DG76: =SUM(DF76:DF85) -> 390000
CH77: 요율 | CI77: =ROUNDDOWN($CI$23*견적관리자용!$N$19,0) -> 0 | CO77: Type-B 참고 | CP77: =IF(CO62=CO60,ROUND(CI55*0.25,0),"") | CX77: =견적관리자용!$S$9 -> 승용SUV(~5인) | CY77: 0 | CZ77: 0.04 | DA77: 0.04 | DB77: 0.04 | DC77: 0.04 | DD77: =HLOOKUP($CI$6,$CY$4:$DC$145,DE77,TRUE) -> 0.04 | DE77: 74 | DF77: =IF($CI$5=CX77,DD77,0) -> 0
CH78: 금액 | CI78: =견적관리자용!$N$20 -> 0 | CP78: =IF(CO62=CO60,CI55-ROUND(CI55*0.25,0),"") | CX78: =견적관리자용!$S$10 -> 승용SUV(7~10인) | CY78: 0 | CZ78: 390000 | DA78: 390000 | DB78: 390000 | DC78: 390000 | DD78: =HLOOKUP($CI$6,$CY$4:$DC$145,DE78,TRUE) -> 390000 | DE78: 75 | DF78: =IF($CI$5=CX78,DD78,0) -> 390000
CH79: 요율+금액 | CI79: =$CI$77+$CI$78 -> 0 | CX79: =견적관리자용!$S$11 -> 승합(11~15인) | CY79: 0 | CZ79: 0.015 | DA79: 0.015 | DB79: 0.015 | DC79: 0.015 | DD79: =HLOOKUP($CI$6,$CY$4:$DC$145,DE79,TRUE) -> 0.015 | DE79: 76 | DF79: =IF($CI$5=CX79,DD79,0) -> 0
CH80: 최종 기타비용 | CI80: =IF($BD$15="당사명의",$CI$72,$CI$76) -> 0 | CX80: =견적관리자용!$S$12 -> 화물(1000cc 미만) | CY80: 0 | CZ80: 0 | DA80: 0 | DB80: 0 | DC80: 0 | DD80: =HLOOKUP($CI$6,$CY$4:$DC$145,DE80,TRUE) -> 0 | DE80: 77 | DF80: =IF($CI$5=CX80,DD80,0) -> 0
CH81: 인지세 | CI81: 10000 | CX81: =견적관리자용!$S$13 -> 화물(0.6톤 미만) | CY81: 0 | CZ81: 0.015 | DA81: 0.015 | DB81: 0.015 | DC81: 0.015 | DD81: =HLOOKUP($CI$6,$CY$4:$DC$145,DE81,TRUE) -> 0.015 | DE81: 78 | DF81: =IF($CI$5=CX81,DD81,0) -> 0
CH82: 이용자명의 설정금액 | CI82: =ROUNDUP(IF(견적관리자용!$S$26="취득원가의",견적관리자용!$T$26*운용리스!$CP$8,IF(견적관리자용!$S$26="차량가의",견적관리자용!$T$26*운용리스!$CI$9,0)),-4) -> 169760000 | CX82: =견적관리자용!$S$14 -> 화물(0.6~1톤 미만) | CY82: 0 | CZ82: 0.015 | DA82: 0.015 | DB82: 0.015 | DC82: 0.015 | DD82: =HLOOKUP($CI$6,$CY$4:$DC$145,DE82,TRUE) -> 0.015 | DE82: 79 | DF82: =IF($CI$5=CX82,DD82,0) -> 0
CI83: =IF(CI82=0,0,ROUNDDOWN(IF($CI$82>=7500000,$CI$82*0.6%,$CI$82*0.4%+15000),0)) -> 1018560 | CX83: =견적관리자용!$S$15 -> 화물(1~2.5톤 미만) | CY83: 0 | CZ83: 0.015 | DA83: 0.015 | DB83: 0.015 | DC83: 0.015 | DD83: =HLOOKUP($CI$6,$CY$4:$DC$145,DE83,TRUE) -> 0.015 | DE83: 80 | DF83: =IF($CI$5=CX83,DD83,0) -> 0
CH84: 이용자명의 설정료 | CI84: =IF($BD$15="이용자명의",$CI$83,0) -> 0 | CX84: =견적관리자용!$S$16 -> 화물(2.5~4.6톤 미만) | CY84: 0 | CZ84: 0.015 | DA84: 0.015 | DB84: 0.015 | DC84: 0.015 | DD84: =HLOOKUP($CI$6,$CY$4:$DC$145,DE84,TRUE) -> 0.015 | DE84: 81 | DF84: =IF($CI$5=CX84,DD84,0) -> 0
CH85: 용품/서비스 비용 | CI85: =+IF($BD$35="신차보상보험(1년)",견적관리자용!$M$26,IF(운용리스!$BD$35="신차보상보험(3년)",견적관리자용!$M$27,0)) -> 0 | CX85: =견적관리자용!$S$17 -> 화물(4.6톤 이상) | CY85: 0 | CZ85: 0.015 | DA85: 0.015 | DB85: 0.015 | DC85: 0.015 | DD85: =HLOOKUP($CI$6,$CY$4:$DC$145,DE85,TRUE) -> 0.015 | DE85: 82 | DF85: =IF($CI$5=CX85,DD85,0) -> 0
CH86: 보험료(年) | CI86: =$BD$33 -> 0 | CW86: 세종 | CX86: =견적관리자용!$S$8 -> 승용일반 | CY86: 0 | CZ86: 0.06 | DA86: 0.06 | DB86: 0.08 | DC86: 0.12 | DD86: =HLOOKUP($CI$6,$CY$4:$DC$145,DE86,TRUE) -> 0.12 | DE86: 83 | DF86: =IF($CI$5=CX86,DD86,0) -> 0 | DG86: =SUM(DF86:DF95) -> 0.12
CH87: 보험료(月) | CI87: =ROUNDUP($CI$86/12,-2) -> 0 | CW87: 경북 | CX87: =견적관리자용!$S$9 -> 승용SUV(~5인) | CY87: 0 | CZ87: 0.06 | DA87: 0.06 | DB87: 0.08 | DC87: 0.12 | DD87: =HLOOKUP($CI$6,$CY$4:$DC$145,DE87,TRUE) -> 0.12 | DE87: 84 | DF87: =IF($CI$5=CX87,DD87,0) -> 0
CH88: 이손액 | CI88: =$BD$34 -> 0 | CX88: =견적관리자용!$S$10 -> 승용SUV(7~10인) | CY88: 0 | CZ88: 0.06 | DA88: 0.06 | DB88: 0.08 | DC88: 0.12 | DD88: =HLOOKUP($CI$6,$CY$4:$DC$145,DE88,TRUE) -> 0.12 | DE88: 85 | DF88: =IF($CI$5=CX88,DD88,0) -> 0.12
CX89: =견적관리자용!$S$11 -> 승합(11~15인) | CY89: 0 | CZ89: 0.03 | DA89: 0.03 | DB89: 0.03 | DC89: 0.03 | DD89: =HLOOKUP($CI$6,$CY$4:$DC$145,DE89,TRUE) -> 0.03 | DE89: 86 | DF89: =IF($CI$5=CX89,DD89,0) -> 0
CH90: MSRP | CI90: =VLOOKUP(BD6,차량DB!F:I,4,0) -> 120900000 | CX90: =견적관리자용!$S$12 -> 화물(1000cc 미만) | CY90: 0 | CZ90: 0 | DA90: 0 | DB90: 0 | DC90: 0 | DD90: =HLOOKUP($CI$6,$CY$4:$DC$145,DE90,TRUE) -> 0 | DE90: 87 | DF90: =IF($CI$5=CX90,DD90,0) -> 0
CX91: =견적관리자용!$S$13 -> 화물(0.6톤 미만) | CY91: 0 | CZ91: 0.03 | DA91: 0.03 | DB91: 0.03 | DC91: 0.03 | DD91: =HLOOKUP($CI$6,$CY$4:$DC$145,DE91,TRUE) -> 0.03 | DE91: 88 | DF91: =IF($CI$5=CX91,DD91,0) -> 0
CX92: =견적관리자용!$S$14 -> 화물(0.6~1톤 미만) | CY92: 0 | CZ92: 0.03 | DA92: 0.03 | DB92: 0.03 | DC92: 0.03 | DD92: =HLOOKUP($CI$6,$CY$4:$DC$145,DE92,TRUE) -> 0.03 | DE92: 89 | DF92: =IF($CI$5=CX92,DD92,0) -> 0
CX93: =견적관리자용!$S$15 -> 화물(1~2.5톤 미만) | CY93: 0 | CZ93: 0.03 | DA93: 0.03 | DB93: 0.03 | DC93: 0.03 | DD93: =HLOOKUP($CI$6,$CY$4:$DC$145,DE93,TRUE) -> 0.03 | DE93: 90 | DF93: =IF($CI$5=CX93,DD93,0) -> 0
CX94: =견적관리자용!$S$16 -> 화물(2.5~4.6톤 미만) | CY94: 0 | CZ94: 0.03 | DA94: 0.03 | DB94: 0.03 | DC94: 0.03 | DD94: =HLOOKUP($CI$6,$CY$4:$DC$145,DE94,TRUE) -> 0.03 | DE94: 91 | DF94: =IF($CI$5=CX94,DD94,0) -> 0
CX95: =견적관리자용!$S$17 -> 화물(4.6톤 이상) | CY95: 0 | CZ95: 0.03 | DA95: 0.03 | DB95: 0.03 | DC95: 0.03 | DD95: =HLOOKUP($CI$6,$CY$4:$DC$145,DE95,TRUE) -> 0.03 | DE95: 92 | DF95: =IF($CI$5=CX95,DD95,0) -> 0
CW96: 경기 | CX96: =견적관리자용!$S$8 -> 승용일반 | CY96: 0 | CZ96: =IF($CI$9>50000000,6%,0%) -> 0.06 | DA96: =IF($CI$9>50000000,6%,0%) -> 0.06 | DB96: =IF($CI$9>50000000,8%,0%) -> 0.08 | DC96: 0.12 | DD96: =HLOOKUP($CI$6,$CY$4:$DC$145,DE96,TRUE) -> 0.12 | DE96: 93 | DF96: =IF($CI$5=CX96,DD96,0) -> 0 | DG96: =SUM(DF96:DF105) -> 0.12
CX97: =견적관리자용!$S$9 -> 승용SUV(~5인) | CY97: 0 | CZ97: =IF($CI$9>50000000,6%,0%) -> 0.06 | DA97: =IF($CI$9>50000000,6%,0%) -> 0.06 | DB97: =IF($CI$9>50000000,8%,0%) -> 0.08 | DC97: 0.12 | DD97: =HLOOKUP($CI$6,$CY$4:$DC$145,DE97,TRUE) -> 0.12 | DE97: 94 | DF97: =IF($CI$5=CX97,DD97,0) -> 0
CX98: =견적관리자용!$S$10 -> 승용SUV(7~10인) | CY98: 0 | CZ98: 0.06 | DA98: 0.06 | DB98: 0.08 | DC98: 0.12 | DD98: =HLOOKUP($CI$6,$CY$4:$DC$145,DE98,TRUE) -> 0.12 | DE98: 95 | DF98: =IF($CI$5=CX98,DD98,0) -> 0.12
CX99: =견적관리자용!$S$11 -> 승합(11~15인) | CY99: 0 | CZ99: 0.03 | DA99: 0.03 | DB99: 0.03 | DC99: 0.03 | DD99: =HLOOKUP($CI$6,$CY$4:$DC$145,DE99,TRUE) -> 0.03 | DE99: 96 | DF99: =IF($CI$5=CX99,DD99,0) -> 0
CX100: =견적관리자용!$S$12 -> 화물(1000cc 미만) | CY100: 0 | CZ100: 0 | DA100: 0 | DB100: 0 | DC100: 0 | DD100: =HLOOKUP($CI$6,$CY$4:$DC$145,DE100,TRUE) -> 0 | DE100: 97 | DF100: =IF($CI$5=CX100,DD100,0) -> 0
CX101: =견적관리자용!$S$13 -> 화물(0.6톤 미만) | CY101: 0 | CZ101: 0.015 | DA101: 0.015 | DB101: 0.015 | DC101: 0.015 | DD101: =HLOOKUP($CI$6,$CY$4:$DC$145,DE101,TRUE) -> 0.015 | DE101: 98 | DF101: =IF($CI$5=CX101,DD101,0) -> 0
...

Sheet 금융리스
C3: 금융리스 견적서 | CW3: 공채 (비사업용)
AI4: =운용리스!AJ4 -> 0 | AT4: 고객명 | BD4: VVIP | CH4: 등록지 | CI4: =IF($BD$15="당사명의","부산",$BN$15) -> 부산 | CL4: 실제IRR | CM4: =IRR($CM$5:$CM$65,0)*12 -> #VALUE! | CO4: 리스기간 | CP4: =$CI$24 -> 36 | CQ4: =$CP$4 -> 36 | CW4: 배기량 → | CY4: 0 | CZ4: 1000 | DA4: 1500 | DB4: 1600 | DC4: 2000 | DE4: 1
D5: =IF($BD$4="","VVIP 고객님",$BD$4&" 고객님") -> VVIP 고객님 | Z5: 견적발행일 | AI5: =TODAY() -> 45946 | AT5: Brand | BD5: BENZ | BY5: 비제휴사 | CH5: 차종구분 | CI5: =IF($BQ$7="DB자동연결",$BD$7,$BQ$7) -> 승용일반 | CL5: 0 | CM5: =-$CP$17+$CP$22 -> #N/A | CO5: IRR | CP5: =$CI$25 -> 0.1 | CQ5: =$CP$5 -> 0.1 | DE5: 2 | DG5: =IF($CI$4="서울",$DG$6,IF($CI$4="부산",$DG$16,IF($CI$4="대구",$DG$26,IF($CI$4="인천",$DG$36,IF($CI$4="대전",$DG$46,IF($CI$4="광주",$DG$56,IF($CI$4="울산/강원/전남",$DG$66,IF($CI$4="제주",$DG$76,IF($CI$4="세종/경북",$DG$86,IF($CI$4="경기",$DG$96,IF($CI$4="충남",$DG$106,IF($CI$4="충북",$DG$116,IF($CI$4="전북",$DG$126,IF($CI$4="경남",$DG$136,0)))))))))))))) -> 0
Z6: 견적유효기간 | AI6: =AI5+7 -> 45953 | AT6: Model | BD6: A 250 4Matic Sedan | BY6: ↑ KCC오토 진행시 필수 선택 | CH6: 배기량 | CI6: =IF($BQ$8>0,$BQ$8,$BD$8) -> 1991 | CL6: 1 | CM6: =IF(CL6<$CQ$4,$CQ$28,IF(CL6=$CQ$4,$CQ$28+$CQ$24,0)) -> #N/A | CW6: 서울 | CX6: =견적관리자용!$S$8 -> 승용일반 | CY6: 0 | CZ6: 0.09 | DA6: 0.09 | DB6: 0.12 | DC6: 0.2 | DD6: =HLOOKUP($CI$6,$CY$4:$DC$145,DE6,TRUE) -> 0.12 | DE6: 3 | DF6: =IF($CI$5=CX6,DD6,0) -> 0.12 | DG6: =SUM(DF6:DF15) -> 0.12
Z7: 영업담당자 | AF7: =IF(BD30=0,"",BD30) -> OOO | AJ7: =BM30 -> 010-0000-0000 | AT7: 차종구분 | BD7: =VLOOKUP($BD$6,차량DB!$F$5:$P$88845,3,FALSE) -> 승용일반 | BK7: 직접선택→ | BQ7: DB자동연결 | BY7: 차종직접입력 | CD7: 모델명수기입력 | CE7: FALSE | CH7: 하이브리드여부 | CI7: =+VLOOKUP(BD6,차량DB!F:Q,12,0) -> 0 | CL7: 2 | CM7: =IF(CL7<$CQ$4,$CQ$28,IF(CL7=$CQ$4,$CQ$28+$CQ$24,0)) -> #N/A | CP7: 실제값 | CQ7: IRR 반영값 | CX7: =견적관리자용!$S$9 -> 승용SUV(~5인) | CY7: 0 | CZ7: 0.05 | DA7: 0.05 | DB7: 0.05 | DC7: 0.05 | DD7: =HLOOKUP($CI$6,$CY$4:$DC$145,DE7,TRUE) -> 0.05 | DE7: 4 | DF7: =IF($CI$5=CX7,DD7,0) -> 0
D8: =IF(CE7=FALSE,$BD$6,BZ7) -> A 250 4Matic Sedan | AT8: 배기량 | BD8: =VLOOKUP($BD$6,차량DB!$F$5:$P$88845,2,FALSE) -> 1991 | BK8: 직접입력→ | BQ8: 0 | BY8: ↑ 모델 없을시 직접입력(잔가군 문의 요망) | CD8: 제휴수수료면제여부 | CE8: FALSE | CH8: 고잔가가능 | CI8: =IFERROR(IF($CJ$8="모두가능","Y",IF($CJ$8="모두불가","",VLOOKUP($BD$6,차량DB!$F$5:$P$88845,11,FALSE))),"") -> Y | CJ8: =견적관리자용!$Q$30 -> DB적용 | CL8: 3 | CM8: =IF(CL8<$CQ$4,$CQ$28,IF(CL8=$CQ$4,$CQ$28+$CQ$24,0)) -> #N/A | CO8: 리스원금 | CP8: =$CI$23 -> 53381810 | CQ8: =$CP$8 -> 53381810 | CX8: =견적관리자용!$S$10 -> 승용SUV(7~10인) | CY8: 0 | CZ8: 390000 | DA8: 390000 | DB8: 390000 | DC8: 390000 | DD8: =HLOOKUP($CI$6,$CY$4:$DC$145,DE8,TRUE) -> 390000 | DE8: 5 | DF8: =IF($CI$5=CX8,DD8,0) -> 0
D9: 배기량 | K9: =$CI$6 -> 1991 | Z9: 리스원금 | AG9: =$CI$23 -> 53381810 | AT9: 기본차량가(직접입력) | BD9: 50000000 | CH9: 차량가격(계산서가) | CI9: =$BD$14 -> 50000000 | CL9: 4 | CM9: =IF(CL9<$CQ$4,$CQ$28,IF(CL9=$CQ$4,$CQ$28+$CQ$24,0)) -> #N/A | CO9: AG수수료 | CP9: =$CI$56 -> #N/A | CQ9: =$CP$9 -> #N/A | CX9: =견적관리자용!$S$11 -> 승합(11~15인) | CY9: 0 | CZ9: 390000 | DA9: 390000 | DB9: 390000 | DC9: 390000 | DD9: =HLOOKUP($CI$6,$CY$4:$DC$145,DE9,TRUE) -> 390000 | DE9: 6 | DF9: =IF($CI$5=CX9,DD9,0) -> 0
F10: 기본 | K10: =$BD$10 -> 50000000 | Z10: 리스기간 | AG10: =$CI$24 -> 36 | AU10: 기본차량가 | BD10: =BD9 -> 50000000 | CH10: 공채매입액 | CI10: =IF($DG$5>1,$DG$5,$CI$9/1.1*$DG$5) -> 0 | CL10: 5 | CM10: =IF(CL10<$CQ$4,$CQ$28,IF(CL10=$CQ$4,$CQ$28+$CQ$24,0)) -> #N/A | CO10: CM수수료 | CP10: =$CI$61 -> 0 | CQ10: =$CP$10 -> 0 | CX10: =견적관리자용!$S$12 -> 화물(1000cc 미만) | CY10: 0 | CZ10: 0 | DA10: 0 | DB10: 0 | DC10: 0 | DD10: =HLOOKUP($CI$6,$CY$4:$DC$145,DE10,TRUE) -> 0 | DE10: 7 | DF10: =IF($CI$5=CX10,DD10,0) -> 0
F11: 옵션 | K11: =$BD$11 -> 0 | AA11: 리스료 | AG11: =ROUNDUP(IF($CE$34>0,"ERROR",$CQ$28),-2) -> #N/A | AU11: 옵션 | BD11: 0 | CD11: 할인비율 | CE11: =IF($BD$12="비율입력",TRUE,FALSE) -> TRUE | CH11: 공채비용 | CI11: =IF($BQ$16>0,$BQ$16,ROUNDDOWN($CI$10*$BD$16,-2)) -> 0 | CL11: 6 | CM11: =IF(CL11<$CQ$4,$CQ$28,IF(CL11=$CQ$4,$CQ$28+$CQ$24,0)) -> #N/A | CO11: 제휴수수료 | CP11: =$CI$70 -> 0 | CQ11: =IF(견적관리자용!$O$9="반영",$CP$11,0) -> 0 | CX11: =견적관리자용!$S$13 -> 화물(0.6톤 미만) | CY11: 0 | CZ11: 195000 | DA11: 195000 | DB11: 195000 | DC11: 195000 | DD11: =HLOOKUP($CI$6,$CY$4:$DC$145,DE11,TRUE) -> 195000 | DE11: 8 | DF11: =IF($CI$5=CX11,DD11,0) -> 0
F12: 할인 | K12: =-$CE$13 -> 0 | AA12: 자동차세 | AG12: =$CQ$30 -> 0 | AU12: 할인 | BD12: 비율입력 | BK12: 0 | BQ12: 0 | CD12: 할인금액 | CE12: =IF($BD$12="금액입력",TRUE,FALSE) -> FALSE | CH12: 차종구분(대) | CI12: =LEFT($CI$5,2) -> 승용 | CL12: 7 | CM12: =IF(CL12<$CQ$4,$CQ$28,IF(CL12=$CQ$4,$CQ$28+$CQ$24,0)) -> #N/A | CO12: 기타비용 | CP12: =$CI$79 -> 0 | CQ12: =IF(견적관리자용!$O$17="반영",$CP$12,0) -> 0 | CX12: =견적관리자용!$S$14 -> 화물(0.6~1톤 미만) | CY12: 0 | CZ12: 195000 | DA12: 195000 | DB12: 195000 | DC12: 195000 | DD12: =HLOOKUP($CI$6,$CY$4:$DC$145,DE12,TRUE) -> 195000 | DE12: 9 | DF12: =IF($CI$5=CX12,DD12,0) -> 0
F13: =IF($BD$13>0,"탁송료","") | K13: =IF($BD$13>0,$BD$13,"") | AA13: 보험료 | AG13: =$CI$86 -> 0 | AU13: (계산서포함)탁송료 | BD13: 0 | CD13: 최종할인금액 | CE13: =IF($BD$12="금액입력",$BQ$12,TRUNC(($BD$10+$BD$11)*$BK$12,-1)) -> 0 | CH13: 취득세율 | CI13: =IF($CI$12="승용",7%,IF($CI$12="승합",5%,IF($CI$12="화물",5%,7%))) -> 0.07 | CL13: 8 | CM13: =IF(CL13<$CQ$4,$CQ$28,IF(CL13=$CQ$4,$CQ$28+$CQ$24,0)) -> #N/A | CO13: 용품/서비스비용 | CP13: =$CI$84 -> 0 | CQ13: =$CP$13 -> 0 | CX13: =견적관리자용!$S$15 -> 화물(1~2.5톤 미만) | CY13: 0 | CZ13: 390000 | DA13: 390000 | DB13: 390000 | DC13: 390000 | DD13: =HLOOKUP($CI$6,$CY$4:$DC$145,DE13,TRUE) -> 390000 | DE13: 10 | DF13: =IF($CI$5=CX13,DD13,0) -> 0
E14: 차량가격 | K14: =$CI$9 -> 50000000 | Z14: 月납입금 | AG14: =IF(BD31>19.5%,"금리기준초과",$AG$11+$AG$12+$AG$13) -> #N/A | AT14: 차량가격(계산서가) | BD14: =$BD$10+$BD$11-$CE$13+$BD$13 -> 50000000 | CD14: 리스사명의 | CE14: =IF($BD$15="당사명의",TRUE,FALSE) -> TRUE | CH14: 자동반영(1) | CI14: =ROUNDDOWN($CI$9/1.1*$CI$13,-1) -> 3181810 | CL14: 9 | CM14: =IF(CL14<$CQ$4,$CQ$28,IF(CL14=$CQ$4,$CQ$28+$CQ$24,0)) -> #N/A | CX14: =견적관리자용!$S$16 -> 화물(2.5~4.6톤 미만) | CY14: 0 | CZ14: 390000 | DA14: 390000 | DB14: 390000 | DC14: 390000 | DD14: =HLOOKUP($CI$6,$CY$4:$DC$145,DE14,TRUE) -> 390000 | DE14: 11 | DF14: =IF($CI$5=CX14,DD14,0) -> 0
E15: 취득세 | K15: =$CI$21 -> 3181810 | Z15: 만기유예금 | AG15: =CI36 -> 0 | AT15: 차량명의/등록지 | BD15: 당사명의 | BN15: 인천 | CD15: 이용자명의 | CE15: =IF($BD$15="이용자명의",TRUE,FALSE) -> FALSE | CH15: 경차 75만초과분 부담 | CI15: =IF($CI$14<750000,0,$CI$14-750000) -> 2431810 | CL15: 10 | CM15: =IF(CL15<$CQ$4,$CQ$28,IF(CL15=$CQ$4,$CQ$28+$CQ$24,0)) -> #N/A | CO15: 이용자명의리스설정료 | CP15: =$CI$83 -> 0 | CQ15: =IF(견적관리자용!$Q$25="반영",$CP$15,0) -> 0 | CX15: =견적관리자용!$S$17 -> 화물(4.6톤 이상) | CY15: 0 | CZ15: 650000 | DA15: 650000 | DB15: 650000 | DC15: 650000 | DD15: =HLOOKUP($CI$6,$CY$4:$DC$145,DE15,TRUE) -> 650000 | DE15: 12 | DF15: =IF($CI$5=CX15,DD15,0) -> 0
E16: 공채비용 | K16: =$CI$11 -> 0 | Z16: 초기납입금 | AG16: =$CI$31 -> 0 | AT16: 공채 | BD16: 0.05 | BK16: 직접입력→ | CH16: 자동반영 (하이브리드) | CI16: =+IF(AND(CI7="하이브리드",CI14>=400000),CI14-400000,0) -> 0 | CL16: 11 | CM16: =IF(CL16<$CQ$4,$CQ$28,IF(CL16=$CQ$4,$CQ$28+$CQ$24,0)) -> #N/A | CO16: 인지세 | CP16: =$CI$80 -> 10000 | CQ16: =IF(견적관리자용!$Q$24="반영",$CP$16,0) -> 10000 | CW16: 부산 | CX16: =견적관리자용!$S$8 -> 승용일반 | CY16: 0 | CZ16: 0 | DA16: 0 | DB16: 0 | DC16: 0.05 | DD16: =HLOOKUP($CI$6,$CY$4:$DC$145,DE16,TRUE) -> 0 | DE16: 13 | DF16: =IF($CI$5=CX16,DD16,0) -> 0 | DG16: =SUM(DF16:DF25) -> 0
E17: 기타부대비 | K17: =$BD$17 -> 100000 | AT17: 기타부대비 | BD17: 100000 | BN17: ≤ | BP17: =견적관리자용!$T$35 -> 0 | CH17: 자동반영 | CI17: =IF($CI$6<1000,$CI$15,IF(CI7="하이브리드",CI16,$CI$14)) -> 3181810 | CL17: 12 | CM17: =IF(CL17<$CQ$4,$CQ$28,IF(CL17=$CQ$4,$CQ$28+$CQ$24,0)) -> #N/A | CO17: MINUS | CP17: =SUM($CP$8:$CP$16) -> #N/A | CQ17: =SUM($CQ$8:$CQ$16) -> #N/A | CX17: =견적관리자용!$S$9 -> 승용SUV(~5인) | CY17: 0 | CZ17: 0 | DA17: 0 | DB17: 0 | DC17: 0 | DD17: =HLOOKUP($CI$6,$CY$4:$DC$145,DE17,TRUE) -> 0 | DE17: 14 | DF17: =IF($CI$5=CX17,DD17,0) -> 0
E18: =IF($BD$18>0,"탁송료","") -> 탁송료 | K18: =IF($BD$18>0,$BD$18,"") -> 100000 | AT18: 탁송료 | BD18: 100000 | BN18: ≤ | BP18: =견적관리자용!$T$36 -> 500000 | CD18: 취득세 비율입력 | CE18: =IF($BD$19="비율입력",TRUE,FALSE) -> FALSE | CH18: 비율입력 | CI18: =ROUNDDOWN($CI$9/1.1*$BK$19,-1) -> 3181810 | CL18: 13 | CM18: =IF(CL18<$CQ$4,$CQ$28,IF(CL18=$CQ$4,$CQ$28+$CQ$24,0)) -> #N/A | CX18: =견적관리자용!$S$10 -> 승용SUV(7~10인) | CY18: 0 | CZ18: 0 | DA18: 0 | DB18: 0 | DC18: 0 | DD18: =HLOOKUP($CI$6,$CY$4:$DC$145,DE18,TRUE) -> 0 | DE18: 15 | DF18: =IF($CI$5=CX18,DD18,0) -> 0
D19: 취득원가 | K19: =$CI$22 -> 53381810 | Y19: =IF(BD29="신차보상보험(1년)"," ※ 신차보상보험 1년 제공",IF(BD29="신차보상보험(3년)"," ※ 신차보상보험 3년 제공","")) | AT19: 취득세 (직접입력시만 사용) | BD19: 자동반영 | BK19: 0.07 | BQ19: 0 | BY19: - 하이브리드, 전기차, 경차 등 특례해당건 취득세 재확인 요망 | CD19: 취득세 감면액입력 | CE19: =IF($BD$19="감면액입력",TRUE,FALSE) -> FALSE | CH19: 감면액입력 | CI19: =$CI$17-$BQ$19 -> 3181810 | CL19: 14 | CM19: =IF(CL19<$CQ$4,$CQ$28,IF(CL19=$CQ$4,$CQ$28+$CQ$24,0)) -> #N/A | CX19: =견적관리자용!$S$11 -> 승합(11~15인) | CY19: 0 | CZ19: 0 | DA19: 0 | DB19: 0 | DC19: 0 | DD19: =HLOOKUP($CI$6,$CY$4:$DC$145,DE19,TRUE) -> 0 | DE19: 16 | DF19: =IF($CI$5=CX19,DD19,0) -> 0
BK20: 0 | CD20: 취득세 금액입력 | CE20: =IF($BD$19="금액입력",TRUE,FALSE) -> FALSE | CH20: 금액입력 | CI20: =$BK$20 -> 0 | CL20: 15 | CM20: =IF(CL20<$CQ$4,$CQ$28,IF(CL20=$CQ$4,$CQ$28+$CQ$24,0)) -> #N/A | CX20: =견적관리자용!$S$12 -> 화물(1000cc 미만) | CY20: 0 | CZ20: 0 | DA20: 0 | DB20: 0 | DC20: 0 | DD20: =HLOOKUP($CI$6,$CY$4:$DC$145,DE20,TRUE) -> 0 | DE20: 17 | DF20: =IF($CI$5=CX20,DD20,0) -> 0
CH21: 최종 취득세 | CI21: =VLOOKUP($BD$19,$CH$17:$CI$20,2,FALSE) -> 3181810 | CL21: 16 | CM21: =IF(CL21<$CQ$4,$CQ$28,IF(CL21=$CQ$4,$CQ$28+$CQ$24,0)) -> #N/A | CO21: 이손액 | CP21: =$CI$87 -> 0 | CQ21: =$CP$21 -> 0 | CX21: =견적관리자용!$S$13 -> 화물(0.6톤 미만) | CY21: 0 | CZ21: 0 | DA21: 0 | DB21: 0 | DC21: 0 | DD21: =HLOOKUP($CI$6,$CY$4:$DC$145,DE21,TRUE) -> 0 | DE21: 18 | DF21: =IF($CI$5=CX21,DD21,0) -> 0
AT22: 리스기간(개월) | BD22: 36 | CH22: 총구매비용 | CI22: =$CI$9+$CI$11+$CI$21+$BD$17+$BD$18 -> 53381810 | CL22: 17 | CM22: =IF(CL22<$CQ$4,$CQ$28,IF(CL22=$CQ$4,$CQ$28+$CQ$24,0)) -> #N/A | CO22: PLUS | CP22: =SUM($CP$19:$CP$21) -> 0 | CQ22: =SUM($CQ$19:$CQ$21) -> 0 | CX22: =견적관리자용!$S$14 -> 화물(0.6~1톤 미만) | CY22: 0 | CZ22: 0 | DA22: 0 | DB22: 0 | DC22: 0 | DD22: =HLOOKUP($CI$6,$CY$4:$DC$145,DE22,TRUE) -> 0 | DE22: 19 | DF22: =IF($CI$5=CX22,DD22,0) -> 0
AT23: 선수금(리스원금) | BD23: 차량가비율 | BK23: 0 | BY23: - 리스원금 차량가격 이상 취급 불가 | CD23: 선수금 금액입력 | CE23: =IF(OR($BD$23="총구매비용비율",$BD$23="차량가비율"),TRUE,FALSE) -> TRUE | CF23: =IF($CE$23=TRUE,FALSE,TRUE) -> FALSE | CH23: 리스원금 | CI23: =CI22-CI31 -> 53381810 | CL23: 18 | CM23: =IF(CL23<$CQ$4,$CQ$28,IF(CL23=$CQ$4,$CQ$28+$CQ$24,0)) -> #N/A | CX23: =견적관리자용!$S$15 -> 화물(1~2.5톤 미만) | CY23: 0 | CZ23: 0 | DA23: 0 | DB23: 0 | DC23: 0 | DD23: =HLOOKUP($CI$6,$CY$4:$DC$145,DE23,TRUE) -> 0 | DE23: 20 | DF23: =IF($CI$5=CX23,DD23,0) -> 0
D24: ▷계약시 유의사항 | AT24: 유예 | BD24: 리스원금비율 | BK24: 0 | BQ24: 0 | BZ24: =AN18 -> 0 | CH24: 리스기간 | CI24: =$BD$22 -> 36 | CL24: 19 | CM24: =IF(CL24<$CQ$4,$CQ$28,IF(CL24=$CQ$4,$CQ$28+$CQ$24,0)) -> #N/A | CO24: 유예 | CP24: =$CI$36 -> 0 | CQ24: =$CP$24 -> 0 | CX24: =견적관리자용!$S$16 -> 화물(2.5~4.6톤 미만) | CY24: 0 | CZ24: 0 | DA24: 0 | DB24: 0 | DC24: 0 | DD24: =HLOOKUP($CI$6,$CY$4:$DC$145,DE24,TRUE) -> 0 | DE24: 21 | DF24: =IF($CI$5=CX24,DD24,0) -> 0
D25: * 지방세법 제10조 개정(시행 '23.1.1)에 따라 취득세 과세표준을 취득가액과 시가표준액 중 높은 금액을 | AT25: CM수수료율 | BD25: 0 | BN25: ≤ | BP25: =CI92 -> #N/A | CH25: IRR | CI25: =IF($BD$15="당사명의",VLOOKUP($BD$5,견적관리자용!$E$9:$K$36,4,FALSE),VLOOKUP($BD$5,견적관리자용!$E$9:$K$36,5,FALSE)) -> 0.1 | CL25: 20 | CM25: =IF(CL25<$CQ$4,$CQ$28,IF(CL25=$CQ$4,$CQ$28+$CQ$24,0)) -> #N/A | CX25: =견적관리자용!$S$17 -> 화물(4.6톤 이상) | CY25: 0 | CZ25: 0 | DA25: 0 | DB25: 0 | DC25: 0 | DD25: =HLOOKUP($CI$6,$CY$4:$DC$145,DE25,TRUE) -> 0 | DE25: 22 | DF25: =IF($CI$5=CX25,DD25,0) -> 0
D26: 과세표준으로 하도록 규정되어 견적서 상의 취득세와 상이할 수 있습니다. 이와 같은 경우, 고객님께서 | AT26: 자동차세 | BD26: 미포함(별도청구) | BK26: 직접입력→ | BQ26: 0 | BY26: 제휴사 | BZ26: =BY5&IF(CE8=TRUE,"(제휴면제)","") -> 비제휴사 | CD26: 유예 금액입력 | CE26: =IF($BD$24="금액입력",TRUE,FALSE) -> FALSE | CF26: =IF($CE$26=TRUE,FALSE,TRUE) -> TRUE | CL26: 21 | CM26: =IF(CL26<$CQ$4,$CQ$28,IF(CL26=$CQ$4,$CQ$28+$CQ$24,0)) -> #N/A | CO26: PMT(1) | CQ26: =ROUNDDOWN(PMT($CQ$5/12,$CQ$4,-$CQ$17+$CQ$22,$CQ$24-$CQ$20),0) -> #N/A | CW26: 대구 | CX26: =견적관리자용!$S$8 -> 승용일반 | CY26: 0 | CZ26: 0.04 | DA26: 0.04 | DB26: 0.04 | DC26: 0.05 | DD26: =HLOOKUP($CI$6,$CY$4:$DC$145,DE26,TRUE) -> 0.04 | DE26: 23 | DF26: =IF($CI$5=CX26,DD26,0) -> 0.04 | DG26: =SUM(DF26:DF35) -> 0.04
D27: 취등록세 차액분을 직접 납부해주셔야 하며, 영업담당자는 반드시 과세표준 확인 후 견적부탁드립니다. | AT27: 보험료(年) | BD27: 0 | BY27: 리스원금 | BZ27: =CI23 -> 53381810 | CL27: 22 | CM27: =IF(CL27<$CQ$4,$CQ$28,IF(CL27=$CQ$4,$CQ$28+$CQ$24,0)) -> #N/A | CO27: RATE(1) | CQ27: =RATE($CQ$4,$CQ$26,-$CQ$8+$CQ$19,$CQ$24)*12 -> #N/A | CX27: =견적관리자용!$S$9 -> 승용SUV(~5인) | CY27: 0 | CZ27: 0.04 | DA27: 0.04 | DB27: 0.04 | DC27: 0.04 | DD27: =HLOOKUP($CI$6,$CY$4:$DC$145,DE27,TRUE) -> 0.04 | DE27: 24 | DF27: =IF($CI$5=CX27,DD27,0) -> 0
D28: =IF(BD18="당사명의","* 리스차량 명의는 엠캐피탈㈜ 등록입니다.","* 리스차량 명의는 이용자 등록입니다.") -> * 리스차량 명의는 이용자 등록입니다. | AT28: 이손액(수입수수료) | BD28: 0 | BY28: 제휴수수료율 | BZ28: =BZ29/BZ27 -> 0 | CL28: 23 | CM28: =IF(CL28<$CQ$4,$CQ$28,IF(CL28=$CQ$4,$CQ$28+$CQ$24,0)) -> #N/A | CO28: PMT(2) 최종 순리스료 | CQ28: =PMT(CQ29/12,CQ4,-CQ8,CQ24) -> #N/A | CX28: =견적관리자용!$S$10 -> 승용SUV(7~10인) | CY28: 0 | CZ28: 390000 | DA28: 390000 | DB28: 390000 | DC28: 390000 | DD28: =HLOOKUP($CI$6,$CY$4:$DC$145,DE28,TRUE) -> 390000 | DE28: 25 | DF28: =IF($CI$5=CX28,DD28,0) -> 0
D29: * 보험은 자차 질권설정(차량가 100%) 후 증권사본 송부 부탁드립니다.(엠캐피탈㈜, 105-81-87072) | AT29: 부가서비스 | BD29: - | BY29: 제휴수수료 | BZ29: =ROUNDDOWN(CI70,0) -> 0 | CL29: 24 | CM29: =IF(CL29<$CQ$4,$CQ$28,IF(CL29=$CQ$4,$CQ$28+$CQ$24,0)) -> #N/A | CO29: RATE(2) 최종금리 | CQ29: =ROUND(CQ27,5) -> #N/A | CX29: =견적관리자용!$S$11 -> 승합(11~15인) | CY29: 0 | CZ29: 390000 | DA29: 390000 | DB29: 390000 | DC29: 390000 | DD29: =HLOOKUP($CI$6,$CY$4:$DC$145,DE29,TRUE) -> 390000 | DE29: 26 | DF29: =IF($CI$5=CX29,DD29,0) -> 0
D30: * 운행중 발생하는 범칙금 및 과태료는 이용자 부담이며, 중도상환시 약정에 따른 수수료가 발생합니다. | AT30: 차량상담 | BD30: OOO | BM30: 010-0000-0000 | BY30: 근저당설정 | BZ30: =IF(BD15="당사명의","해당없음","100%") -> 해당없음 | CL30: 25 | CM30: =IF(CL30<$CQ$4,$CQ$28,IF(CL30=$CQ$4,$CQ$28+$CQ$24,0)) -> #N/A | CO30: 차세 | CQ30: =$CP$54 -> 0 | CX30: =견적관리자용!$S$12 -> 화물(1000cc 미만) | CY30: 0 | CZ30: 0 | DA30: 0 | DB30: 0 | DC30: 0 | DD30: =HLOOKUP($CI$6,$CY$4:$DC$145,DE30,TRUE) -> 0 | DE30: 27 | DF30: =IF($CI$5=CX30,DD30,0) -> 0
D31: * 중도상환수수료는 "잔여미회수원금 X 최대 2% * (잔여기간 월수/리스기간 전체월수)" 입니다. | AT31: 적용금리 | BD31: =$CQ$29 -> #N/A | BY31: (설정지원금) | BZ31: =CI83 -> 0 | CH31: 선수금 | CI31: =VLOOKUP($BD$23,$CH$32:$CI$35,2,FALSE) -> 0 | CL31: 26 | CM31: =IF(CL31<$CQ$4,$CQ$28,IF(CL31=$CQ$4,$CQ$28+$CQ$24,0)) -> #N/A | CX31: =견적관리자용!$S$13 -> 화물(0.6톤 미만) | CY31: 0 | CZ31: 195000 | DA31: 195000 | DB31: 195000 | DC31: 195000 | DD31: =HLOOKUP($CI$6,$CY$4:$DC$145,DE31,TRUE) -> 195000 | DE31: 28 | DF31: =IF($CI$5=CX31,DD31,0) -> 0
D32: * 상기 견적의 유효기간은 7일 이며, 7일 이후에는 당사 기준금리 및 당사 기준의 변동으로 인하여 변동 될수 있습니다. | AT32: ="* CM수수료(실수령기준):" -> * CM수수료(실수령기준): | BD32: =ROUNDDOWN($CI$22*$BD$25*0.967,-2) -> 0 | CH32: 총구매비용비율 | CI32: =ROUNDDOWN($CI$22*$BK$23,-3) -> 0 | CL32: 27 | CM32: =IF(CL32<$CQ$4,$CQ$28,IF(CL32=$CQ$4,$CQ$28+$CQ$24,0)) -> #N/A | CO32: PMT(3) 최종납입금 | CQ32: =$CQ$28+$CQ$30-$CQ$31 -> #N/A | CX32: =견적관리자용!$S$14 -> 화물(0.6~1톤 미만) | CY32: 0 | CZ32: 195000 | DA32: 195000 | DB32: 195000 | DC32: 195000 | DD32: =HLOOKUP($CI$6,$CY$4:$DC$145,DE32,TRUE) -> 195000 | DE32: 29 | DF32: =IF($CI$5=CX32,DD32,0) -> 0
D33: ▷필요서류 (발행기간 3개월내) | CH33: 차량가비율 | CI33: =ROUNDDOWN($CI$9*$BK$23,-3) -> 0 | CL33: 28 | CM33: =IF(CL33<$CQ$4,$CQ$28,IF(CL33=$CQ$4,$CQ$28+$CQ$24,0)) -> #N/A | CX33: =견적관리자용!$S$15 -> 화물(1~2.5톤 미만) | CY33: 0 | CZ33: 195000 | DA33: 195000 | DB33: 195000 | DC33: 195000 | DD33: =HLOOKUP($CI$6,$CY$4:$DC$145,DE33,TRUE) -> 195000 | DE33: 30 | DF33: =IF($CI$5=CX33,DD33,0) -> 0
D34: 개인(사업자) | J34: ㆍ사업자등록증 사본 ㆍ운전면허증사본 ㆍ주민등록등본 ㆍ인감증명서 ㆍ소득/재산 증빙서류 | CD34: 4대 중요 에러 | CE34: =SUM(CE35:CE38) -> 0 | CH34: 선수금액입력 | CI34: =$BQ$23 -> 0 | CL34: 29 | CM34: =IF(CL34<$CQ$4,$CQ$28,IF(CL34=$CQ$4,$CQ$28+$CQ$24,0)) -> #N/A | CX34: =견적관리자용!$S$16 -> 화물(2.5~4.6톤 미만) | CY34: 0 | CZ34: 390000 | DA34: 390000 | DB34: 390000 | DC34: 390000 | DD34: =HLOOKUP($CI$6,$CY$4:$DC$145,DE34,TRUE) -> 390000 | DE34: 31 | DF34: =IF($CI$5=CX34,DD34,0) -> 0
J35: ㆍ자동이체 통장 사본 ※ 전문직종사자는 자격/면허증 사본 필수 | CE35: =IF(C2="",0,1) -> 0 | CH35: 리스원금입력 | CI35: =$CI$22-$BQ$23 -> 53381810 | CL35: 30 | CM35: =IF(CL35<$CQ$4,$CQ$28,IF(CL35=$CQ$4,$CQ$28+$CQ$24,0)) -> #N/A | CX35: =견적관리자용!$S$17 -> 화물(4.6톤 이상) | CY35: 0 | CZ35: 650000 | DA35: 650000 | DB35: 650000 | DC35: 650000 | DD35: =HLOOKUP($CI$6,$CY$4:$DC$145,DE35,TRUE) -> 650000 | DE35: 32 | DF35: =IF($CI$5=CX35,DD35,0) -> 0
D36: 법인사업자 | J36: ㆍ사업자등록증 사본 ㆍ법인등기부등본 ㆍ법인인감증명서 ㆍ최근2개년 재무제표 ㆍ주주명부 | CE36: =IF(X2="",0,1) -> 0 | CH36: 유예금 | CI36: =VLOOKUP($BD$24,$CH$37:$CI$38,2,FALSE) -> 0 | CL36: 31 | CM36: =IF(CL36<$CQ$4,$CQ$28,IF(CL36=$CQ$4,$CQ$28+$CQ$24,0)) -> #N/A | CW36: 인천 | CX36: =견적관리자용!$S$8 -> 승용일반 | CY36: 0 | CZ36: 0 | DA36: 0.04 | DB36: 0.04 | DC36: 0.05 | DD36: =HLOOKUP($CI$6,$CY$4:$DC$145,DE36,TRUE) -> 0.04 | DE36: 33 | DF36: =IF($CI$5=CX36,DD36,0) -> 0.04 | DG36: =SUM(DF36:DF45) -> 0.04
J37: ㆍ자동이체 통장 사본 ※ 대표이사 연대보증 필수 (신분증/주민등록등본/인감증명서/소득,재산증빙 서류) | CE37: =IF(C3="",0,1)-1 -> 0 | CH37: 리스원금비율 | CI37: =ROUNDDOWN($CI$23*$BK$24,-3) -> 0 | CL37: 32 | CM37: =IF(CL37<$CQ$4,$CQ$28,IF(CL37=$CQ$4,$CQ$28+$CQ$24,0)) -> #N/A | CO37: 차세 | CX37: =견적관리자용!$S$9 -> 승용SUV(~5인) | CY37: 0 | CZ37: 0 | DA37: 0.04 | DB37: 0.04 | DC37: 0.05 | DD37: =HLOOKUP($CI$6,$CY$4:$DC$145,DE37,TRUE) -> 0.04 | DE37: 34 | DF37: =IF($CI$5=CX37,DD37,0) -> 0
CE38: =IF(X3="",0,1) -> 0 | CH38: 금액입력 | CI38: =$BQ$24 -> 0 | CL38: 33 | CM38: =IF(CL38<$CQ$4,$CQ$28,IF(CL38=$CQ$4,$CQ$28+$CQ$24,0)) -> #N/A | CO38: 0 | CP38: 104 | CX38: =견적관리자용!$S$10 -> 승용SUV(7~10인) | CY38: 0 | CZ38: 390000 | DA38: 390000 | DB38: 390000 | DC38: 390000 | DD38: =HLOOKUP($CI$6,$CY$4:$DC$145,DE38,TRUE) -> 390000 | DE38: 35 | DF38: =IF($CI$5=CX38,DD38,0) -> 0
CD39: 금리표시체크 | CE39: TRUE | CL39: 34 | CM39: =IF(CL39<$CQ$4,$CQ$28,IF(CL39=$CQ$4,$CQ$28+$CQ$24,0)) -> #N/A | CO39: 801 | CP39: 182 | CX39: =견적관리자용!$S$11 -> 승합(11~15인) | CY39: 0 | CZ39: 0.015 | DA39: 0.015 | DB39: 0.015 | DC39: 0.015 | DD39: =HLOOKUP($CI$6,$CY$4:$DC$145,DE39,TRUE) -> 0.015 | DE39: 36 | DF39: =IF($CI$5=CX39,DD39,0) -> 0
CL40: 35 | CM40: =IF(CL40<$CQ$4,$CQ$28,IF(CL40=$CQ$4,$CQ$28+$CQ$24,0)) -> #N/A | CO40: 1001 | CP40: 260 | CX40: =견적관리자용!$S$12 -> 화물(1000cc 미만) | CY40: 0 | CZ40: 0 | DA40: 0 | DB40: 0 | DC40: 0 | DD40: =HLOOKUP($CI$6,$CY$4:$DC$145,DE40,TRUE) -> 0 | DE40: 37 | DF40: =IF($CI$5=CX40,DD40,0) -> 0
CD41: 설정금액표시체크 | CE41: TRUE | CL41: 36 | CM41: =IF(CL41<$CQ$4,$CQ$28,IF(CL41=$CQ$4,$CQ$28+$CQ$24,0)) -> #N/A | CO41: 1601 | CP41: 260 | CX41: =견적관리자용!$S$13 -> 화물(0.6톤 미만) | CY41: 0 | CZ41: 0.015 | DA41: 0.015 | DB41: 0.015 | DC41: 0.015 | DD41: =HLOOKUP($CI$6,$CY$4:$DC$145,DE41,TRUE) -> 0.015 | DE41: 38 | DF41: =IF($CI$5=CX41,DD41,0) -> 0
CL42: 37 | CM42: =IF(CL42<$CQ$4,$CQ$28,IF(CL42=$CQ$4,$CQ$28+$CQ$24,0)) -> 0 | CP42: =VLOOKUP($CI$6,$CO$38:$CP$41,2,TRUE) -> 260 | CX42: =견적관리자용!$S$14 -> 화물(0.6~1톤 미만) | CY42: 0 | CZ42: 0.015 | DA42: 0.015 | DB42: 0.015 | DC42: 0.015 | DD42: =HLOOKUP($CI$6,$CY$4:$DC$145,DE42,TRUE) -> 0.015 | DE42: 39 | DF42: =IF($CI$5=CX42,DD42,0) -> 0
CL43: 38 | CM43: =IF(CL43<$CQ$4,$CQ$28,IF(CL43=$CQ$4,$CQ$28+$CQ$24,0)) -> 0 | CP43: =$CI$6*$CP$42 -> 517660 | CX43: =견적관리자용!$S$15 -> 화물(1~2.5톤 미만) | CY43: 0 | CZ43: 0.015 | DA43: 0.015 | DB43: 0.015 | DC43: 0.015 | DD43: =HLOOKUP($CI$6,$CY$4:$DC$145,DE43,TRUE) -> 0.015 | DE43: 40 | DF43: =IF($CI$5=CX43,DD43,0) -> 0
CL44: 39 | CM44: =IF(CL44<$CQ$4,$CQ$28,IF(CL44=$CQ$4,$CQ$28+$CQ$24,0)) -> 0 | CP44: =IF($CI$12="승용",$CP$43,IF($CI$12="승합",65000,IF($CI$12="화물",0,0))) -> 517660 | CX44: =견적관리자용!$S$16 -> 화물(2.5~4.6톤 미만) | CY44: 0 | CZ44: 0.015 | DA44: 0.015 | DB44: 0.015 | DC44: 0.015 | DD44: =HLOOKUP($CI$6,$CY$4:$DC$145,DE44,TRUE) -> 0.015 | DE44: 41 | DF44: =IF($CI$5=CX44,DD44,0) -> 0
CL45: 40 | CM45: =IF(CL45<$CQ$4,$CQ$28,IF(CL45=$CQ$4,$CQ$28+$CQ$24,0)) -> 0 | CO45: ~24 | CP45: =$CP$44 -> 517660 | CX45: =견적관리자용!$S$17 -> 화물(4.6톤 이상) | CY45: 0 | CZ45: 0.015 | DA45: 0.015 | DB45: 0.015 | DC45: 0.015 | DD45: =HLOOKUP($CI$6,$CY$4:$DC$145,DE45,TRUE) -> 0.015 | DE45: 42 | DF45: =IF($CI$5=CX45,DD45,0) -> 0 | EE45: TRUE
CL46: 41 | CM46: =IF(CL46<$CQ$4,$CQ$28,IF(CL46=$CQ$4,$CQ$28+$CQ$24,0)) -> 0 | CO46: 25~36 | CP46: =IF($CI$12="승용",$CP$45,$CP$45) -> 517660 | CQ46: 0.95 | CW46: 대전 | CX46: =견적관리자용!$S$8 -> 승용일반 | CY46: 0 | CZ46: 0.04 | DA46: 0.04 | DB46: 0.04 | DC46: 0.05 | DD46: =HLOOKUP($CI$6,$CY$4:$DC$145,DE46,TRUE) -> 0.04 | DE46: 43 | DF46: =IF($CI$5=CX46,DD46,0) -> 0.04 | DG46: =SUM(DF46:DF55) -> 0.04
CL47: 42 | CM47: =IF(CL47<$CQ$4,$CQ$28,IF(CL47=$CQ$4,$CQ$28+$CQ$24,0)) -> 0 | CO47: 37~48 | CP47: =IF($CI$12="승용",$CP$45,$CP$45) -> 517660 | CQ47: 0.9 | CX47: =견적관리자용!$S$9 -> 승용SUV(~5인) | CY47: 0 | CZ47: 0.04 | DA47: 0.04 | DB47: 0.04 | DC47: 0.05 | DD47: =HLOOKUP($CI$6,$CY$4:$DC$145,DE47,TRUE) -> 0.04 | DE47: 44 | DF47: =IF($CI$5=CX47,DD47,0) -> 0
CL48: 43 | CM48: =IF(CL48<$CQ$4,$CQ$28,IF(CL48=$CQ$4,$CQ$28+$CQ$24,0)) -> 0 | CO48: 49~60 | CP48: =IF($CI$12="승용",$CP$45,$CP$45) -> 517660 | CQ48: 0.85 | CX48: =견적관리자용!$S$10 -> 승용SUV(7~10인) | CY48: 0 | CZ48: 0.04 | DA48: 0.04 | DB48: 0.04 | DC48: 0.05 | DD48: =HLOOKUP($CI$6,$CY$4:$DC$145,DE48,TRUE) -> 0.04 | DE48: 45 | DF48: =IF($CI$5=CX48,DD48,0) -> 0
CL49: 44 | CM49: =IF(CL49<$CQ$4,$CQ$28,IF(CL49=$CQ$4,$CQ$28+$CQ$24,0)) -> 0 | CO49: 12 | CP49: =ROUNDUP($CP$44/12,-2) -> 43200 | CX49: =견적관리자용!$S$11 -> 승합(11~15인) | CY49: 0 | CZ49: 0.015 | DA49: 0.015 | DB49: 0.015 | DC49: 0.015 | DD49: =HLOOKUP($CI$6,$CY$4:$DC$145,DE49,TRUE) -> 0.015 | DE49: 46 | DF49: =IF($CI$5=CX49,DD49,0) -> 0
CL50: 45 | CM50: =IF(CL50<$CQ$4,$CQ$28,IF(CL50=$CQ$4,$CQ$28+$CQ$24,0)) -> 0 | CO50: 24 | CP50: =ROUNDUP($CP$44/12,-2) -> 43200 | CX50: =견적관리자용!$S$12 -> 화물(1000cc 미만) | CY50: 0 | CZ50: 0 | DA50: 0 | DB50: 0 | DC50: 0 | DD50: =HLOOKUP($CI$6,$CY$4:$DC$145,DE50,TRUE) -> 0 | DE50: 47 | DF50: =IF($CI$5=CX50,DD50,0) -> 0
CL51: 46 | CM51: =IF(CL51<$CQ$4,$CQ$28,IF(CL51=$CQ$4,$CQ$28+$CQ$24,0)) -> 0 | CO51: 36 | CP51: =ROUNDUP(($CP$44+$CP$44+$CP$46)/36,-2) -> 43200 | CX51: =견적관리자용!$S$13 -> 화물(0.6톤 미만) | CY51: 0 | CZ51: 0.015 | DA51: 0.015 | DB51: 0.015 | DC51: 0.015 | DD51: =HLOOKUP($CI$6,$CY$4:$DC$145,DE51,TRUE) -> 0.015 | DE51: 48 | DF51: =IF($CI$5=CX51,DD51,0) -> 0
CL52: 47 | CM52: =IF(CL52<$CQ$4,$CQ$28,IF(CL52=$CQ$4,$CQ$28+$CQ$24,0)) -> 0 | CO52: 48 | CP52: =ROUNDUP(($CP$44+$CP$44+$CP$46+$CP$47)/48,-2) -> 43200 | CX52: =견적관리자용!$S$14 -> 화물(0.6~1톤 미만) | CY52: 0 | CZ52: 0.015 | DA52: 0.015 | DB52: 0.015 | DC52: 0.015 | DD52: =HLOOKUP($CI$6,$CY$4:$DC$145,DE52,TRUE) -> 0.015 | DE52: 49 | DF52: =IF($CI$5=CX52,DD52,0) -> 0
CL53: 48 | CM53: =IF(CL53<$CQ$4,$CQ$28,IF(CL53=$CQ$4,$CQ$28+$CQ$24,0)) -> 0 | CO53: 60 | CP53: =ROUNDUP(($CP$44+$CP$44+$CP$46+$CP$47+$CP$48)/60,-2) -> 43200 | CX53: =견적관리자용!$S$15 -> 화물(1~2.5톤 미만) | CY53: 0 | CZ53: 0.015 | DA53: 0.015 | DB53: 0.015 | DC53: 0.015 | DD53: =HLOOKUP($CI$6,$CY$4:$DC$145,DE53,TRUE) -> 0.015 | DE53: 50 | DF53: =IF($CI$5=CX53,DD53,0) -> 0
CL54: 49 | CM54: =IF(CL54<$CQ$4,$CQ$28,IF(CL54=$CQ$4,$CQ$28+$CQ$24,0)) -> 0 | CP54: =IF($BD$15="이용자명의",0,IF($BD$26="리스료포함",IF($BQ$26>0,$BQ$26,VLOOKUP($CI$24,$CO$49:$CP$53,2,FALSE)),0)) -> 0 | CX54: =견적관리자용!$S$16 -> 화물(2.5~4.6톤 미만) | CY54: 0 | CZ54: 0.015 | DA54: 0.015 | DB54: 0.015 | DC54: 0.015 | DD54: =HLOOKUP($CI$6,$CY$4:$DC$145,DE54,TRUE) -> 0.015 | DE54: 51 | DF54: =IF($CI$5=CX54,DD54,0) -> 0
CL55: 50 | CM55: =IF(CL55<$CQ$4,$CQ$28,IF(CL55=$CQ$4,$CQ$28+$CQ$24,0)) -> 0 | CX55: =견적관리자용!$S$17 -> 화물(4.6톤 이상) | CY55: 0 | CZ55: 0.015 | DA55: 0.015 | DB55: 0.015 | DC55: 0.015 | DD55: =HLOOKUP($CI$6,$CY$4:$DC$145,DE55,TRUE) -> 0.015 | DE55: 52 | DF55: =IF($CI$5=CX55,DD55,0) -> 0
CH56: AG수수료 | CI56: =VLOOKUP(에이전트수수료입력!$G$9,금융리스!$CH$57:$CI$59,2,FALSE) -> #N/A | CL56: 51 | CM56: =IF(CL56<$CQ$4,$CQ$28,IF(CL56=$CQ$4,$CQ$28+$CQ$24,0)) -> 0 | CW56: 광주 | CX56: =견적관리자용!$S$8 -> 승용일반 | CY56: 0 | CZ56: 0.04 | DA56: 0.04 | DB56: 0.04 | DC56: 0.05 | DD56: =HLOOKUP($CI$6,$CY$4:$DC$145,DE56,TRUE) -> 0.04 | DE56: 53 | DF56: =IF($CI$5=CX56,DD56,0) -> 0.04 | DG56: =SUM(DF56:DF65) -> 0.04
CH57: 요율입력 | CI57: =ROUNDDOWN($CI$23*에이전트수수료입력!$H$9,0) -> 0 | CL57: 52 | CM57: =IF(CL57<$CQ$4,$CQ$28,IF(CL57=$CQ$4,$CQ$28+$CQ$24,0)) -> 0 | CX57: =견적관리자용!$S$9 -> 승용SUV(~5인) | CY57: 0 | CZ57: 0.04 | DA57: 0.04 | DB57: 0.04 | DC57: 0.05 | DD57: =HLOOKUP($CI$6,$CY$4:$DC$145,DE57,TRUE) -> 0.04 | DE57: 54 | DF57: =IF($CI$5=CX57,DD57,0) -> 0
CH58: 금액입력 | CI58: =에이전트수수료입력!$I$9 -> 0 | CL58: 53 | CM58: =IF(CL58<$CQ$4,$CQ$28,IF(CL58=$CQ$4,$CQ$28+$CQ$24,0)) -> 0 | CX58: =견적관리자용!$S$10 -> 승용SUV(7~10인) | CY58: 0 | CZ58: 0.04 | DA58: 0.04 | DB58: 0.04 | DC58: 0.05 | DD58: =HLOOKUP($CI$6,$CY$4:$DC$145,DE58,TRUE) -> 0.04 | DE58: 55 | DF58: =IF($CI$5=CX58,DD58,0) -> 0
CH59: 요율+금액입력 | CI59: =$CI$57+$CI$58 -> 0 | CL59: 54 | CM59: =IF(CL59<$CQ$4,$CQ$28,IF(CL59=$CQ$4,$CQ$28+$CQ$24,0)) -> 0 | CX59: =견적관리자용!$S$11 -> 승합(11~15인) | CY59: 0 | CZ59: 0.03 | DA59: 0.03 | DB59: 0.03 | DC59: 0.03 | DD59: =HLOOKUP($CI$6,$CY$4:$DC$145,DE59,TRUE) -> 0.03 | DE59: 56 | DF59: =IF($CI$5=CX59,DD59,0) -> 0
CH60: AG수수료율 | CI60: =ROUNDUP($CI$56/$CI$23,4) -> #N/A | CL60: 55 | CM60: =IF(CL60<$CQ$4,$CQ$28,IF(CL60=$CQ$4,$CQ$28+$CQ$24,0)) -> 0 | CX60: =견적관리자용!$S$12 -> 화물(1000cc 미만) | CY60: 0 | CZ60: 0 | DA60: 0 | DB60: 0 | DC60: 0 | DD60: =HLOOKUP($CI$6,$CY$4:$DC$145,DE60,TRUE) -> 0 | DE60: 57 | DF60: =IF($CI$5=CX60,DD60,0) -> 0
CH61: CM수수료 | CI61: =ROUNDDOWN($CI$23*$BD$25,0) -> 0 | CL61: 56 | CM61: =IF(CL61<$CQ$4,$CQ$28,IF(CL61=$CQ$4,$CQ$28+$CQ$24,0)) -> 0 | CX61: =견적관리자용!$S$13 -> 화물(0.6톤 미만) | CY61: 0 | CZ61: 0.015 | DA61: 0.015 | DB61: 0.015 | DC61: 0.015 | DD61: =HLOOKUP($CI$6,$CY$4:$DC$145,DE61,TRUE) -> 0.015 | DE61: 58 | DF61: =IF($CI$5=CX61,DD61,0) -> 0
CH62: 제휴수수료(당사명의) | CI62: =VLOOKUP(견적관리자용!$O$10,금융리스!$CH$63:$CI$65,2,FALSE) -> 0 | CL62: 57 | CM62: =IF(CL62<$CQ$4,$CQ$28,IF(CL62=$CQ$4,$CQ$28+$CQ$24,0)) -> 0 | CX62: =견적관리자용!$S$14 -> 화물(0.6~1톤 미만) | CY62: 0 | CZ62: 0.03 | DA62: 0.03 | DB62: 0.03 | DC62: 0.03 | DD62: =HLOOKUP($CI$6,$CY$4:$DC$145,DE62,TRUE) -> 0.03 | DE62: 59 | DF62: =IF($CI$5=CX62,DD62,0) -> 0
CH63: 요율 | CI63: =ROUNDDOWN($CI$23*견적관리자용!$O$11,0) -> 0 | CL63: 58 | CM63: =IF(CL63<$CQ$4,$CQ$28,IF(CL63=$CQ$4,$CQ$28+$CQ$24,0)) -> 0 | CX63: =견적관리자용!$S$15 -> 화물(1~2.5톤 미만) | CY63: 0 | CZ63: 0.03 | DA63: 0.03 | DB63: 0.03 | DC63: 0.03 | DD63: =HLOOKUP($CI$6,$CY$4:$DC$145,DE63,TRUE) -> 0.03 | DE63: 60 | DF63: =IF($CI$5=CX63,DD63,0) -> 0
CH64: 금액 | CI64: =견적관리자용!$O$12 -> 0 | CL64: 59 | CM64: =IF(CL64<$CQ$4,$CQ$28,IF(CL64=$CQ$4,$CQ$28+$CQ$24,0)) -> 0 | CX64: =견적관리자용!$S$16 -> 화물(2.5~4.6톤 미만) | CY64: 0 | CZ64: 0.03 | DA64: 0.03 | DB64: 0.03 | DC64: 0.03 | DD64: =HLOOKUP($CI$6,$CY$4:$DC$145,DE64,TRUE) -> 0.03 | DE64: 61 | DF64: =IF($CI$5=CX64,DD64,0) -> 0
CH65: 요율+금액 | CI65: =$CI$63+$CI$64 -> 0 | CL65: 60 | CM65: =IF(CL65<$CQ$4,$CQ$28,IF(CL65=$CQ$4,$CQ$28+$CQ$24,0)) -> 0 | CX65: =견적관리자용!$S$17 -> 화물(4.6톤 이상) | CY65: 0 | CZ65: 0.03 | DA65: 0.03 | DB65: 0.03 | DC65: 0.03 | DD65: =HLOOKUP($CI$6,$CY$4:$DC$145,DE65,TRUE) -> 0.03 | DE65: 62 | DF65: =IF($CI$5=CX65,DD65,0) -> 0
CH66: 제휴수수료(이용자명의) | CI66: =VLOOKUP(견적관리자용!$P$10,금융리스!$CH$67:$CI$69,2,FALSE) -> 0 | CW66: 울산 | CX66: =견적관리자용!$S$8 -> 승용일반 | CY66: 0 | CZ66: 0.06 | DA66: 0.06 | DB66: 0.08 | DC66: 0.12 | DD66: =HLOOKUP($CI$6,$CY$4:$DC$145,DE66,TRUE) -> 0.08 | DE66: 63 | DF66: =IF($CI$5=CX66,DD66,0) -> 0.08 | DG66: =SUM(DF66:DF75) -> 0.08
CH67: 요율 | CI67: =ROUNDDOWN($CI$23*견적관리자용!$P$11,0) -> 0 | CW67: 강원 | CX67: =견적관리자용!$S$9 -> 승용SUV(~5인) | CY67: 0 | CZ67: 0.06 | DA67: 0.06 | DB67: 0.08 | DC67: 0.12 | DD67: =HLOOKUP($CI$6,$CY$4:$DC$145,DE67,TRUE) -> 0.08 | DE67: 64 | DF67: =IF($CI$5=CX67,DD67,0) -> 0
CH68: 금액 | CI68: =견적관리자용!$P$12 -> 0 | CW68: 전남 | CX68: =견적관리자용!$S$10 -> 승용SUV(7~10인) | CY68: 0 | CZ68: 0.06 | DA68: 0.06 | DB68: 0.08 | DC68: 0.12 | DD68: =HLOOKUP($CI$6,$CY$4:$DC$145,DE68,TRUE) -> 0.08 | DE68: 65 | DF68: =IF($CI$5=CX68,DD68,0) -> 0
CH69: 요율+금액 | CI69: =$CI$67+$CI$68 -> 0 | CX69: =견적관리자용!$S$11 -> 승합(11~15인) | CY69: 0 | CZ69: 0.03 | DA69: 0.03 | DB69: 0.03 | DC69: 0.03 | DD69: =HLOOKUP($CI$6,$CY$4:$DC$145,DE69,TRUE) -> 0.03 | DE69: 66 | DF69: =IF($CI$5=CX69,DD69,0) -> 0
CH70: 최종 제휴수수료 | CI70: =IF($BD$15="당사명의",$CI$62,$CI$66) -> 0 | CX70: =견적관리자용!$S$12 -> 화물(1000cc 미만) | CY70: 0 | CZ70: 0 | DA70: 0 | DB70: 0 | DC70: 0 | DD70: =HLOOKUP($CI$6,$CY$4:$DC$145,DE70,TRUE) -> 0 | DE70: 67 | DF70: =IF($CI$5=CX70,DD70,0) -> 0
CH71: 기타비용(당사명의) | CI71: =VLOOKUP(견적관리자용!$O$18,금융리스!$CH$72:$CI$74,2,FALSE) -> 0 | CX71: =견적관리자용!$S$13 -> 화물(0.6톤 미만) | CY71: 0 | CZ71: 0.015 | DA71: 0.015 | DB71: 0.015 | DC71: 0.015 | DD71: =HLOOKUP($CI$6,$CY$4:$DC$145,DE71,TRUE) -> 0.015 | DE71: 68 | DF71: =IF($CI$5=CX71,DD71,0) -> 0
CH72: 요율 | CI72: =ROUNDDOWN($CI$23*견적관리자용!$O$19,0) -> 0 | CX72: =견적관리자용!$S$14 -> 화물(0.6~1톤 미만) | CY72: 0 | CZ72: 0.03 | DA72: 0.03 | DB72: 0.03 | DC72: 0.03 | DD72: =HLOOKUP($CI$6,$CY$4:$DC$145,DE72,TRUE) -> 0.03 | DE72: 69 | DF72: =IF($CI$5=CX72,DD72,0) -> 0
CH73: 금액 | CI73: =견적관리자용!$O$20 -> 0 | CX73: =견적관리자용!$S$15 -> 화물(1~2.5톤 미만) | CY73: 0 | CZ73: 0.03 | DA73: 0.03 | DB73: 0.03 | DC73: 0.03 | DD73: =HLOOKUP($CI$6,$CY$4:$DC$145,DE73,TRUE) -> 0.03 | DE73: 70 | DF73: =IF($CI$5=CX73,DD73,0) -> 0
CH74: 요율+금액 | CI74: =$CI$72+$CI$73 -> 0 | CX74: =견적관리자용!$S$16 -> 화물(2.5~4.6톤 미만) | CY74: 0 | CZ74: 0.03 | DA74: 0.03 | DB74: 0.03 | DC74: 0.03 | DD74: =HLOOKUP($CI$6,$CY$4:$DC$145,DE74,TRUE) -> 0.03 | DE74: 71 | DF74: =IF($CI$5=CX74,DD74,0) -> 0
CH75: 기타비용(이용자명의) | CI75: =VLOOKUP(견적관리자용!$P$18,금융리스!$CH$76:$CI$78,2,FALSE) -> 0 | CX75: =견적관리자용!$S$17 -> 화물(4.6톤 이상) | CY75: 0 | CZ75: 0.03 | DA75: 0.03 | DB75: 0.03 | DC75: 0.03 | DD75: =HLOOKUP($CI$6,$CY$4:$DC$145,DE75,TRUE) -> 0.03 | DE75: 72 | DF75: =IF($CI$5=CX75,DD75,0) -> 0
CH76: 요율 | CI76: =ROUNDDOWN($CI$23*견적관리자용!$P$19,0) -> 0 | CW76: 제주 | CX76: =견적관리자용!$S$8 -> 승용일반 | CY76: 0 | CZ76: 0.03 | DA76: 0.03 | DB76: 0.04 | DC76: 0.05 | DD76: =HLOOKUP($CI$6,$CY$4:$DC$145,DE76,TRUE) -> 0.04 | DE76: 73 | DF76: =IF($CI$5=CX76,DD76,0) -> 0.04 | DG76: =SUM(DF76:DF85) -> 0.04
CH77: 금액 | CI77: =견적관리자용!$P$20 -> 0 | CX77: =견적관리자용!$S$9 -> 승용SUV(~5인) | CY77: 0 | CZ77: 0.04 | DA77: 0.04 | DB77: 0.04 | DC77: 0.04 | DD77: =HLOOKUP($CI$6,$CY$4:$DC$145,DE77,TRUE) -> 0.04 | DE77: 74 | DF77: =IF($CI$5=CX77,DD77,0) -> 0
CH78: 요율+금액 | CI78: =$CI$76+$CI$77 -> 0 | CX78: =견적관리자용!$S$10 -> 승용SUV(7~10인) | CY78: 0 | CZ78: 390000 | DA78: 390000 | DB78: 390000 | DC78: 390000 | DD78: =HLOOKUP($CI$6,$CY$4:$DC$145,DE78,TRUE) -> 390000 | DE78: 75 | DF78: =IF($CI$5=CX78,DD78,0) -> 0
CH79: 최종 기타비용 | CI79: =IF($BD$15="당사명의",$CI$71,$CI$75) -> 0 | CX79: =견적관리자용!$S$11 -> 승합(11~15인) | CY79: 0 | CZ79: 0.015 | DA79: 0.015 | DB79: 0.015 | DC79: 0.015 | DD79: =HLOOKUP($CI$6,$CY$4:$DC$145,DE79,TRUE) -> 0.015 | DE79: 76 | DF79: =IF($CI$5=CX79,DD79,0) -> 0
CH80: 인지세 | CI80: 10000 | CX80: =견적관리자용!$S$12 -> 화물(1000cc 미만) | CY80: 0 | CZ80: 0 | DA80: 0 | DB80: 0 | DC80: 0 | DD80: =HLOOKUP($CI$6,$CY$4:$DC$145,DE80,TRUE) -> 0 | DE80: 77 | DF80: =IF($CI$5=CX80,DD80,0) -> 0
CH81: 이용자명의 설정금액 | CI81: =ROUNDUP(IF(견적관리자용!$S$26="취득원가의",견적관리자용!$T$26*금융리스!$CI$23,IF(견적관리자용!$S$26="차량가의",견적관리자용!$T$26*금융리스!$CI$9,0)),-4) -> 53390000 | CX81: =견적관리자용!$S$13 -> 화물(0.6톤 미만) | CY81: 0 | CZ81: 0.015 | DA81: 0.015 | DB81: 0.015 | DC81: 0.015 | DD81: =HLOOKUP($CI$6,$CY$4:$DC$145,DE81,TRUE) -> 0.015 | DE81: 78 | DF81: =IF($CI$5=CX81,DD81,0) -> 0
CI82: =IF(CI81=0,0,ROUNDDOWN(IF($CI$81>=7500000,$CI$81*0.6%,$CI$81*0.4%+15000),0)) -> 320340 | CX82: =견적관리자용!$S$14 -> 화물(0.6~1톤 미만) | CY82: 0 | CZ82: 0.015 | DA82: 0.015 | DB82: 0.015 | DC82: 0.015 | DD82: =HLOOKUP($CI$6,$CY$4:$DC$145,DE82,TRUE) -> 0.015 | DE82: 79 | DF82: =IF($CI$5=CX82,DD82,0) -> 0
CH83: 이용자명의 설정료 | CI83: =IF($BD$15="이용자명의",$CI$82,0) -> 0 | CX83: =견적관리자용!$S$15 -> 화물(1~2.5톤 미만) | CY83: 0 | CZ83: 0.015 | DA83: 0.015 | DB83: 0.015 | DC83: 0.015 | DD83: =HLOOKUP($CI$6,$CY$4:$DC$145,DE83,TRUE) -> 0.015 | DE83: 80 | DF83: =IF($CI$5=CX83,DD83,0) -> 0
CH84: 용품/서비스 비용 | CI84: =+IF($BD$29="신차보상보험(1년)",견적관리자용!$M$33,IF($BD$29="신차보상보험(3년)",견적관리자용!$M$34,0)) -> 0 | CX84: =견적관리자용!$S$16 -> 화물(2.5~4.6톤 미만) | CY84: 0 | CZ84: 0.015 | DA84: 0.015 | DB84: 0.015 | DC84: 0.015 | DD84: =HLOOKUP($CI$6,$CY$4:$DC$145,DE84,TRUE) -> 0.015 | DE84: 81 | DF84: =IF($CI$5=CX84,DD84,0) -> 0
CH85: 보험료(年) | CI85: =$BD$27 -> 0 | CX85: =견적관리자용!$S$17 -> 화물(4.6톤 이상) | CY85: 0 | CZ85: 0.015 | DA85: 0.015 | DB85: 0.015 | DC85: 0.015 | DD85: =HLOOKUP($CI$6,$CY$4:$DC$145,DE85,TRUE) -> 0.015 | DE85: 82 | DF85: =IF($CI$5=CX85,DD85,0) -> 0
CH86: 보험료(月) | CI86: =ROUNDUP($CI$85/12,-2) -> 0 | CW86: 세종 | CX86: =견적관리자용!$S$8 -> 승용일반 | CY86: 0 | CZ86: 0.06 | DA86: 0.06 | DB86: 0.08 | DC86: 0.12 | DD86: =HLOOKUP($CI$6,$CY$4:$DC$145,DE86,TRUE) -> 0.08 | DE86: 83 | DF86: =IF($CI$5=CX86,DD86,0) -> 0.08 | DG86: =SUM(DF86:DF95) -> 0.08
CH87: 이손액 | CI87: =$BD$28 -> 0 | CW87: 경북 | CX87: =견적관리자용!$S$9 -> 승용SUV(~5인) | CY87: 0 | CZ87: 0.06 | DA87: 0.06 | DB87: 0.08 | DC87: 0.12 | DD87: =HLOOKUP($CI$6,$CY$4:$DC$145,DE87,TRUE) -> 0.08 | DE87: 84 | DF87: =IF($CI$5=CX87,DD87,0) -> 0
CH88: AG+제휴+기타비용수수료 | CI88: =CI56+CI70+CI79 -> #N/A | CX88: =견적관리자용!$S$10 -> 승용SUV(7~10인) | CY88: 0 | CZ88: 0.06 | DA88: 0.06 | DB88: 0.08 | DC88: 0.12 | DD88: =HLOOKUP($CI$6,$CY$4:$DC$145,DE88,TRUE) -> 0.08 | DE88: 85 | DF88: =IF($CI$5=CX88,DD88,0) -> 0
CI89: =CI88/CI23 -> #N/A | CX89: =견적관리자용!$S$11 -> 승합(11~15인) | CY89: 0 | CZ89: 0.03 | DA89: 0.03 | DB89: 0.03 | DC89: 0.03 | DD89: =HLOOKUP($CI$6,$CY$4:$DC$145,DE89,TRUE) -> 0.03 | DE89: 86 | DF89: =IF($CI$5=CX89,DD89,0) -> 0
CH90: 상한선 | CI90: =CI23*2.25%+50000 -> 1251090.7 | CX90: =견적관리자용!$S$12 -> 화물(1000cc 미만) | CY90: 0 | CZ90: 0 | DA90: 0 | DB90: 0 | DC90: 0 | DD90: =HLOOKUP($CI$6,$CY$4:$DC$145,DE90,TRUE) -> 0 | DE90: 87 | DF90: =IF($CI$5=CX90,DD90,0) -> 0
CH91: 여유분 | CI91: =CI90-CI88 -> #N/A | CX91: =견적관리자용!$S$13 -> 화물(0.6톤 미만) | CY91: 0 | CZ91: 0.03 | DA91: 0.03 | DB91: 0.03 | DC91: 0.03 | DD91: =HLOOKUP($CI$6,$CY$4:$DC$145,DE91,TRUE) -> 0.03 | DE91: 88 | DF91: =IF($CI$5=CX91,DD91,0) -> 0
CH92: 가능율 | CI92: =ROUNDDOWN(CI91/CI23,4) -> #N/A | CX92: =견적관리자용!$S$14 -> 화물(0.6~1톤 미만) | CY92: 0 | CZ92: 0.03 | DA92: 0.03 | DB92: 0.03 | DC92: 0.03 | DD92: =HLOOKUP($CI$6,$CY$4:$DC$145,DE92,TRUE) -> 0.03 | DE92: 89 | DF92: =IF($CI$5=CX92,DD92,0) -> 0
CX93: =견적관리자용!$S$15 -> 화물(1~2.5톤 미만) | CY93: 0 | CZ93: 0.03 | DA93: 0.03 | DB93: 0.03 | DC93: 0.03 | DD93: =HLOOKUP($CI$6,$CY$4:$DC$145,DE93,TRUE) -> 0.03 | DE93: 90 | DF93: =IF($CI$5=CX93,DD93,0) -> 0
CX94: =견적관리자용!$S$16 -> 화물(2.5~4.6톤 미만) | CY94: 0 | CZ94: 0.03 | DA94: 0.03 | DB94: 0.03 | DC94: 0.03 | DD94: =HLOOKUP($CI$6,$CY$4:$DC$145,DE94,TRUE) -> 0.03 | DE94: 91 | DF94: =IF($CI$5=CX94,DD94,0) -> 0
CH95: MSRP | CI95: =VLOOKUP(BD6,차량DB!F:I,4,0) -> 55800000 | CX95: =견적관리자용!$S$17 -> 화물(4.6톤 이상) | CY95: 0 | CZ95: 0.03 | DA95: 0.03 | DB95: 0.03 | DC95: 0.03 | DD95: =HLOOKUP($CI$6,$CY$4:$DC$145,DE95,TRUE) -> 0.03 | DE95: 92 | DF95: =IF($CI$5=CX95,DD95,0) -> 0
CW96: 경기 | CX96: =견적관리자용!$S$8 -> 승용일반 | CY96: 0 | CZ96: =IF($CI$9>50000000,6%,0%) -> 0 | DA96: =IF($CI$9>50000000,6%,0%) -> 0 | DB96: =IF($CI$9>50000000,8%,0%) -> 0 | DC96: 0.12 | DD96: =HLOOKUP($CI$6,$CY$4:$DC$145,DE96,TRUE) -> 0 | DE96: 93 | DF96: =IF($CI$5=CX96,DD96,0) -> 0 | DG96: =SUM(DF96:DF105) -> 0
CX97: =견적관리자용!$S$9 -> 승용SUV(~5인) | CY97: 0 | CZ97: =IF($CI$9>50000000,6%,0%) -> 0 | DA97: =IF($CI$9>50000000,6%,0%) -> 0 | DB97: =IF($CI$9>50000000,8%,0%) -> 0 | DC97: 0.12 | DD97: =HLOOKUP($CI$6,$CY$4:$DC$145,DE97,TRUE) -> 0 | DE97: 94 | DF97: =IF($CI$5=CX97,DD97,0) -> 0
CX98: =견적관리자용!$S$10 -> 승용SUV(7~10인) | CY98: 0 | CZ98: 0.06 | DA98: 0.06 | DB98: 0.08 | DC98: 0.12 | DD98: =HLOOKUP($CI$6,$CY$4:$DC$145,DE98,TRUE) -> 0.08 | DE98: 95 | DF98: =IF($CI$5=CX98,DD98,0) -> 0
CX99: =견적관리자용!$S$11 -> 승합(11~15인) | CY99: 0 | CZ99: 0.03 | DA99: 0.03 | DB99: 0.03 | DC99: 0.03 | DD99: =HLOOKUP($CI$6,$CY$4:$DC$145,DE99,TRUE) -> 0.03 | DE99: 96 | DF99: =IF($CI$5=CX99,DD99,0) -> 0
CX100: =견적관리자용!$S$12 -> 화물(1000cc 미만) | CY100: 0 | CZ100: 0 | DA100: 0 | DB100: 0 | DC100: 0 | DD100: =HLOOKUP($CI$6,$CY$4:$DC$145,DE100,TRUE) -> 0 | DE100: 97 | DF100: =IF($CI$5=CX100,DD100,0) -> 0
CX101: =견적관리자용!$S$13 -> 화물(0.6톤 미만) | CY101: 0 | CZ101: 0.015 | DA101: 0.015 | DB101: 0.015 | DC101: 0.015 | DD101: =HLOOKUP($CI$6,$CY$4:$DC$145,DE101,TRUE) -> 0.015 | DE101: 98 | DF101: =IF($CI$5=CX101,DD101,0) -> 0
CX102: =견적관리자용!$S$14 -> 화물(0.6~1톤 미만) | CY102: 0 | CZ102: 0.015 | DA102: 0.015 | DB102: 0.015 | DC102: 0.015 | DD102: =HLOOKUP($CI$6,$CY$4:$DC$145,DE102,TRUE) -> 0.015 | DE102: 99 | DF102: =IF($CI$5=CX102,DD102,0) -> 0
...

Sheet 할부오토론
C2: 할부/오토론 견적서
AJ3: =운용리스!AJ4 -> 0 | CW3: 공채 (비사업용)
D4: =IF($BD$4="","VVIP 고객님",$BD$4&" 고객님") -> VVIP 고객님 | Z4: 견적발행일 | AI4: =TODAY() -> 45946 | AT4: 고객명 | BD4: VVIP | CH4: 등록지 | CI4: =IF($BD$15="할부사명의(부산등록)","부산",$BN$15) -> 서울 | CL4: 실제IRR | CM4: =IRR($CM$5:$CM$65,0)*12 -> #VALUE! | CO4: 할부기간 | CP4: =$CI$24 -> 48 | CQ4: =$CP$4 -> 48 | CW4: 배기량 → | CY4: 0 | CZ4: 1000 | DA4: 1500 | DB4: 1600 | DC4: 2000 | DE4: 1
Z5: 견적유효기간 | AI5: =AI4+7 -> 45953 | AT5: Brand | BD5: Rolls_Royce | BY5: 비제휴사 | CH5: 차종구분 | CI5: =IF($BQ$7="DB자동연결",$BD$7,$BQ$7) -> 승용일반 | CL5: 0 | CM5: =-$CP$17+$CP$22 -> #N/A | CO5: IRR | CP5: =$CI$25 -> 0.065 | CQ5: =$CP$5 -> 0.065 | DE5: 2 | DG5: =IF($CI$4="서울",$DG$6,IF($CI$4="부산",$DG$16,IF($CI$4="대구",$DG$26,IF($CI$4="인천",$DG$36,IF($CI$4="대전",$DG$46,IF($CI$4="광주",$DG$56,IF($CI$4="울산/강원/전남",$DG$66,IF($CI$4="제주",$DG$76,IF($CI$4="세종/경북",$DG$86,IF($CI$4="경기",$DG$96,IF($CI$4="충남",$DG$106,IF($CI$4="충북",$DG$116,IF($CI$4="전북",$DG$126,IF($CI$4="경남",$DG$136,0)))))))))))))) -> 0
Z6: 영업담당자 | AF6: =BD29 -> OOO | AJ6: =BM29 -> 010-000-0000 | AT6: Model | BD6: SPECTRE | BY6: ↑ KCC오토 진행시 필수 선택 | CD6: 모델명수기입력 | CE6: FALSE | CH6: 배기량 | CI6: =IF($BQ$8>0,$BQ$8,$BD$8) -> 1 | CL6: 1 | CM6: =IF(CL6<$CQ$4,$CQ$28,IF(CL6=$CQ$4,$CQ$28+$CQ$24,0)) -> #N/A | CW6: 서울 | CX6: =견적관리자용!$S$8 -> 승용일반 | CY6: 0 | CZ6: 0.09 | DA6: 0.09 | DB6: 0.12 | DC6: 0.2 | DD6: =HLOOKUP($CI$6,$CY$4:$DC$145,DE6,TRUE) -> 0 | DE6: 3 | DF6: =IF($CI$5=CX6,DD6,0) -> 0 | DG6: =SUM(DF6:DF15) -> 0
AT7: 차종구분 | BD7: =VLOOKUP($BD$6,차량DB!$F$5:$P$88845,3,FALSE) -> 승용일반 | BK7: 직접선택→ | BQ7: DB자동연결 | BY7: 차종직접입력 | CD7: 제휴수수료면제여부 | CE7: FALSE | CH7: 하이브리드여부 | CI7: =+VLOOKUP(BD6,차량DB!F:Q,12,0) -> 0 | CL7: 2 | CM7: =IF(CL7<$CQ$4,$CQ$28,IF(CL7=$CQ$4,$CQ$28+$CQ$24,0)) -> #N/A | CP7: 실제값 | CQ7: IRR 반영값 | CX7: =견적관리자용!$S$9 -> 승용SUV(~5인) | CY7: 0 | CZ7: 0.05 | DA7: 0.05 | DB7: 0.05 | DC7: 0.05 | DD7: =HLOOKUP($CI$6,$CY$4:$DC$145,DE7,TRUE) -> 0 | DE7: 4 | DF7: =IF($CI$5=CX7,DD7,0) -> 0
D8: =IF(CE6=FALSE,$BD$6,BZ7) -> SPECTRE | AT8: 배기량 | BD8: =VLOOKUP($BD$6,차량DB!$F$5:$P$88845,2,FALSE) -> 1 | BK8: 직접입력→ | BQ8: 0 | BY8: ↑ 모델 없을시 직접입력(잔가군 문의 요망) | CH8: 고잔가가능 | CI8: =IFERROR(IF($CJ$8="모두가능","Y",IF($CJ$8="모두불가","",VLOOKUP($BD$6,차량DB!$F$5:$P$88845,11,FALSE))),"") -> Y | CJ8: =견적관리자용!$Q$30 -> DB적용 | CL8: 3 | CM8: =IF(CL8<$CQ$4,$CQ$28,IF(CL8=$CQ$4,$CQ$28+$CQ$24,0)) -> #N/A | CO8: 할부원금 | CP8: =$CI$23 -> 74130000 | CQ8: =$CP$8 -> 74130000 | CX8: =견적관리자용!$S$10 -> 승용SUV(7~10인) | CY8: 0 | CZ8: 390000 | DA8: 390000 | DB8: 390000 | DC8: 390000 | DD8: =HLOOKUP($CI$6,$CY$4:$DC$145,DE8,TRUE) -> 0 | DE8: 5 | DF8: =IF($CI$5=CX8,DD8,0) -> 0
D9: 배기량 | K9: =$CI$6 -> 1 | Z9: 할부원금 | AG9: =$CI$23 -> 74130000 | AT9: 기본차량가(직접입력) | BD9: 70400000 | CH9: 차량가격(계산서가) | CI9: =$BD$14 -> 70400000 | CL9: 4 | CM9: =IF(CL9<$CQ$4,$CQ$28,IF(CL9=$CQ$4,$CQ$28+$CQ$24,0)) -> #N/A | CO9: AG수수료 | CP9: =$CI$56 -> #N/A | CQ9: =$CP$9 -> #N/A | CX9: =견적관리자용!$S$11 -> 승합(11~15인) | CY9: 0 | CZ9: 390000 | DA9: 390000 | DB9: 390000 | DC9: 390000 | DD9: =HLOOKUP($CI$6,$CY$4:$DC$145,DE9,TRUE) -> 0 | DE9: 6 | DF9: =IF($CI$5=CX9,DD9,0) -> 0
F10: 기본 | K10: =$BD$10 -> 70400000 | Z10: 할부기간 | AG10: =$CI$24 -> 48 | AU10: 기본차량가 | BD10: =BD9 -> 70400000 | CH10: 공채매입액 | CI10: =IF($DG$5>1,$DG$5,$CI$9/1.1*$DG$5) -> 0 | CL10: 5 | CM10: =IF(CL10<$CQ$4,$CQ$28,IF(CL10=$CQ$4,$CQ$28+$CQ$24,0)) -> #N/A | CO10: CM수수료 | CP10: =$CI$61 -> 0 | CQ10: =$CP$10 -> 0 | CX10: =견적관리자용!$S$12 -> 화물(1000cc 미만) | CY10: 0 | CZ10: 0 | DA10: 0 | DB10: 0 | DC10: 0 | DD10: =HLOOKUP($CI$6,$CY$4:$DC$145,DE10,TRUE) -> 0 | DE10: 7 | DF10: =IF($CI$5=CX10,DD10,0) -> 0
F11: 옵션 | K11: =$BD$11 -> 0 | Z11: 月납입금 | AG11: =IF(BD30>19.5%,"금리기준초과",ROUNDUP(IF($CE$34>0,"ERROR",$CQ$28),-2)) -> #N/A | AU11: 옵션 | BD11: 0 | CD11: 할인비율 | CE11: =IF($BD$12="비율입력",TRUE,FALSE) -> FALSE | CH11: 공채비용 | CI11: =IF($BQ$16>0,$BQ$16,ROUNDDOWN($CI$10*$BD$16,-2)) -> 0 | CL11: 6 | CM11: =IF(CL11<$CQ$4,$CQ$28,IF(CL11=$CQ$4,$CQ$28+$CQ$24,0)) -> #N/A | CO11: 제휴수수료 | CP11: =$CI$70 -> 0 | CQ11: =IF(견적관리자용!$O$9="반영",$CP$11,0) -> 0 | CX11: =견적관리자용!$S$13 -> 화물(0.6톤 미만) | CY11: 0 | CZ11: 195000 | DA11: 195000 | DB11: 195000 | DC11: 195000 | DD11: =HLOOKUP($CI$6,$CY$4:$DC$145,DE11,TRUE) -> 0 | DE11: 8 | DF11: =IF($CI$5=CX11,DD11,0) -> 0
F12: 할인 | K12: =-$CE$13 -> 0 | Z12: 만기유예금 | AG12: =CI36 -> 0 | AU12: 할인 | BD12: 금액입력 | BK12: 0 | BQ12: 0 | CD12: 할인금액 | CE12: =IF($BD$12="금액입력",TRUE,FALSE) -> TRUE | CH12: 차종구분(대) | CI12: =LEFT($CI$5,2) -> 승용 | CL12: 7 | CM12: =IF(CL12<$CQ$4,$CQ$28,IF(CL12=$CQ$4,$CQ$28+$CQ$24,0)) -> #N/A | CO12: 기타비용 | CP12: =$CI$79 -> 0 | CQ12: =IF(견적관리자용!$O$17="반영",$CP$12,0) -> 0 | CX12: =견적관리자용!$S$14 -> 화물(0.6~1톤 미만) | CY12: 0 | CZ12: 195000 | DA12: 195000 | DB12: 195000 | DC12: 195000 | DD12: =HLOOKUP($CI$6,$CY$4:$DC$145,DE12,TRUE) -> 0 | DE12: 9 | DF12: =IF($CI$5=CX12,DD12,0) -> 0
F13: =IF($BD$13>0,"탁송료","") | K13: =IF($BD$13>0,$BD$13,"") | AA13: 선수금 | AG13: =$CI$31 -> 0 | AU13: (계산서포함)탁송료 | BD13: 0 | CD13: 최종할인금액 | CE13: =IF($BD$12="금액입력",$BQ$12,TRUNC(($BD$10+$BD$11)*$BK$12,-1)) -> 0 | CH13: 취득세율 | CI13: =IF($CI$12="승용",7%,IF($CI$12="승합",5%,IF($CI$12="화물",5%,7%))) -> 0.07 | CL13: 8 | CM13: =IF(CL13<$CQ$4,$CQ$28,IF(CL13=$CQ$4,$CQ$28+$CQ$24,0)) -> #N/A | CO13: 용품/서비스비용 | CP13: =$CI$84 -> 0 | CQ13: =$CP$13 -> 0 | CX13: =견적관리자용!$S$15 -> 화물(1~2.5톤 미만) | CY13: 0 | CZ13: 390000 | DA13: 390000 | DB13: 390000 | DC13: 390000 | DD13: =HLOOKUP($CI$6,$CY$4:$DC$145,DE13,TRUE) -> 0 | DE13: 10 | DF13: =IF($CI$5=CX13,DD13,0) -> 0
E14: 차량가격 | K14: =$CI$9 -> 70400000 | AA14: 인지대 | AG14: =CI80 -> 35000 | AT14: 차량가격(계산서가) | BD14: =$BD$10+$BD$11-$CE$13+$BD$13 -> 70400000 | CH14: 자동반영(1) | CI14: =ROUNDDOWN($CI$9/1.1*$CI$13,-1) -> 4480000 | CL14: 9 | CM14: =IF(CL14<$CQ$4,$CQ$28,IF(CL14=$CQ$4,$CQ$28+$CQ$24,0)) -> #N/A | CX14: =견적관리자용!$S$16 -> 화물(2.5~4.6톤 미만) | CY14: 0 | CZ14: 390000 | DA14: 390000 | DB14: 390000 | DC14: 390000 | DD14: =HLOOKUP($CI$6,$CY$4:$DC$145,DE14,TRUE) -> 0 | DE14: 11 | DF14: =IF($CI$5=CX14,DD14,0) -> 0
E15: 취득세 | K15: =$CI$21 -> 3730000 | Z15: 초기납입금 | AG15: =AG13+AG14 -> 35000 | AT15: 차량명의/등록지 | BD15: 이용자명의 | BN15: 서울 | CD15: 이용자명의 | CE15: =IF($BD$15="이용자명의",TRUE,FALSE) -> TRUE | CH15: 경차 75만초과분 부담 | CI15: =IF($CI$14<750000,0,$CI$14-750000) -> 3730000 | CL15: 10 | CM15: =IF(CL15<$CQ$4,$CQ$28,IF(CL15=$CQ$4,$CQ$28+$CQ$24,0)) -> #N/A | CO15: 이용자명의할부설정료 | CP15: =$CI$83 -> 444780 | CQ15: =IF(견적관리자용!$Q$26="반영",$CP$15,0) -> 444780 | CX15: =견적관리자용!$S$17 -> 화물(4.6톤 이상) | CY15: 0 | CZ15: 650000 | DA15: 650000 | DB15: 650000 | DC15: 650000 | DD15: =HLOOKUP($CI$6,$CY$4:$DC$145,DE15,TRUE) -> 0 | DE15: 12 | DF15: =IF($CI$5=CX15,DD15,0) -> 0
E16: 공채비용 | K16: =$CI$11 -> 0 | AE16: =IF(BD28="신차보상보험(1년)","※ 신차보상보험 1년 제공",IF(BD28="신차보상보험(3년)","※ 신차보상보험 3년 제공","")) | AT16: 공채 | BD16: 0.05 | BK16: 직접입력→ | BQ16: 0 | CH16: 자동반영 (하이브리드) | CI16: =+IF(AND(CI7="하이브리드",CI14>=400000),CI14-400000,0) -> 0 | CL16: 11 | CM16: =IF(CL16<$CQ$4,$CQ$28,IF(CL16=$CQ$4,$CQ$28+$CQ$24,0)) -> #N/A | CO16: 인지세 | CP16: =$CI$80 -> 35000 | CQ16: =IF(견적관리자용!$Q$24="반영",$CP$16,0) -> 35000 | CW16: 부산 | CX16: =견적관리자용!$S$8 -> 승용일반 | CY16: 0 | CZ16: 0 | DA16: 0 | DB16: 0 | DC16: 0.05 | DD16: =HLOOKUP($CI$6,$CY$4:$DC$145,DE16,TRUE) -> 0 | DE16: 13 | DF16: =IF($CI$5=CX16,DD16,0) -> 0 | DG16: =SUM(DF16:DF25) -> 0
E17: 기타부대비 | K17: =$BD$17 -> 0 | AT17: 기타부대비 | BD17: 0 | BN17: ≤ | BP17: =견적관리자용!$T$35 -> 0 | CH17: 자동반영 | CI17: =IF($CI$6<1000,$CI$15,IF(CI7="하이브리드",CI16,$CI$14)) -> 3730000 | CL17: 12 | CM17: =IF(CL17<$CQ$4,$CQ$28,IF(CL17=$CQ$4,$CQ$28+$CQ$24,0)) -> #N/A | CO17: MINUS | CP17: =SUM($CP$8:$CP$16) -> #N/A | CQ17: =SUM($CQ$8:$CQ$16) -> #N/A | CX17: =견적관리자용!$S$9 -> 승용SUV(~5인) | CY17: 0 | CZ17: 0 | DA17: 0 | DB17: 0 | DC17: 0 | DD17: =HLOOKUP($CI$6,$CY$4:$DC$145,DE17,TRUE) -> 0 | DE17: 14 | DF17: =IF($CI$5=CX17,DD17,0) -> 0
E18: =IF($BD$18>0,"탁송료","") | K18: =IF($BD$18>0,$BD$18,"") | AT18: 탁송료 | BD18: 0 | BN18: ≤ | BP18: =견적관리자용!$T$36 -> 500000 | CD18: 취득세 비율입력 | CE18: =IF($BD$19="비율입력",TRUE,FALSE) -> FALSE | CH18: 비율입력 | CI18: =ROUNDDOWN($CI$9/1.1*$BK$19,-1) -> 4480000 | CL18: 13 | CM18: =IF(CL18<$CQ$4,$CQ$28,IF(CL18=$CQ$4,$CQ$28+$CQ$24,0)) -> #N/A | CX18: =견적관리자용!$S$10 -> 승용SUV(7~10인) | CY18: 0 | CZ18: 0 | DA18: 0 | DB18: 0 | DC18: 0 | DD18: =HLOOKUP($CI$6,$CY$4:$DC$145,DE18,TRUE) -> 0 | DE18: 15 | DF18: =IF($CI$5=CX18,DD18,0) -> 0
D19: 총구매비용 | K19: =$CI$22 -> 74130000 | AT19: 취득세 (직접입력시만 사용) | BD19: 자동반영 | BK19: 0.07 | BQ19: 0 | BY19: - 하이브리드, 전기차, 경차 등 특례해당건 취득세 재확인 요망 | CD19: 취득세 감면액입력 | CE19: =IF($BD$19="감면액입력",TRUE,FALSE) -> FALSE | CH19: 감면액입력 | CI19: =$CI$17-$BQ$19 -> 3730000 | CL19: 14 | CM19: =IF(CL19<$CQ$4,$CQ$28,IF(CL19=$CQ$4,$CQ$28+$CQ$24,0)) -> #N/A | CX19: =견적관리자용!$S$11 -> 승합(11~15인) | CY19: 0 | CZ19: 0 | DA19: 0 | DB19: 0 | DC19: 0 | DD19: =HLOOKUP($CI$6,$CY$4:$DC$145,DE19,TRUE) -> 0 | DE19: 16 | DF19: =IF($CI$5=CX19,DD19,0) -> 0
BK20: 0 | CD20: 취득세 금액입력 | CE20: =IF($BD$19="금액입력",TRUE,FALSE) -> FALSE | CH20: 금액입력 | CI20: =$BK$20 -> 0 | CL20: 15 | CM20: =IF(CL20<$CQ$4,$CQ$28,IF(CL20=$CQ$4,$CQ$28+$CQ$24,0)) -> #N/A | CX20: =견적관리자용!$S$12 -> 화물(1000cc 미만) | CY20: 0 | CZ20: 0 | DA20: 0 | DB20: 0 | DC20: 0 | DD20: =HLOOKUP($CI$6,$CY$4:$DC$145,DE20,TRUE) -> 0 | DE20: 17 | DF20: =IF($CI$5=CX20,DD20,0) -> 0
CH21: 최종 취득세 | CI21: =VLOOKUP($BD$19,$CH$17:$CI$20,2,FALSE) -> 3730000 | CL21: 16 | CM21: =IF(CL21<$CQ$4,$CQ$28,IF(CL21=$CQ$4,$CQ$28+$CQ$24,0)) -> #N/A | CO21: 이손액 | CP21: =$CI$87 -> 0 | CQ21: =$CP$21 -> 0 | CX21: =견적관리자용!$S$13 -> 화물(0.6톤 미만) | CY21: 0 | CZ21: 0 | DA21: 0 | DB21: 0 | DC21: 0 | DD21: =HLOOKUP($CI$6,$CY$4:$DC$145,DE21,TRUE) -> 0 | DE21: 18 | DF21: =IF($CI$5=CX21,DD21,0) -> 0
AT22: 할부기간(개월) | BD22: 48 | CH22: 총구매비용 | CI22: =$CI$9+$CI$11+$CI$21+$BD$17+$BD$18 -> 74130000 | CL22: 17 | CM22: =IF(CL22<$CQ$4,$CQ$28,IF(CL22=$CQ$4,$CQ$28+$CQ$24,0)) -> #N/A | CO22: PLUS | CP22: =SUM($CP$19:$CP$21) -> 0 | CQ22: =SUM($CQ$19:$CQ$21) -> 0 | CX22: =견적관리자용!$S$14 -> 화물(0.6~1톤 미만) | CY22: 0 | CZ22: 0 | DA22: 0 | DB22: 0 | DC22: 0 | DD22: =HLOOKUP($CI$6,$CY$4:$DC$145,DE22,TRUE) -> 0 | DE22: 19 | DF22: =IF($CI$5=CX22,DD22,0) -> 0
AT23: 선수금(원금) | BD23: 차량가비율 | BK23: 0 | BQ23: 0 | BY23: - 할부원금 차량가 이상 취급불가 | CD23: 선수금 금액입력 | CE23: =IF(OR($BD$23="총구매비용비율",$BD$23="차량가비율"),TRUE,FALSE) -> TRUE | CF23: =IF($CE$23=TRUE,FALSE,TRUE) -> FALSE | CH23: 할부원금 | CI23: =CI22-CI31 -> 74130000 | CL23: 18 | CM23: =IF(CL23<$CQ$4,$CQ$28,IF(CL23=$CQ$4,$CQ$28+$CQ$24,0)) -> #N/A | CX23: =견적관리자용!$S$15 -> 화물(1~2.5톤 미만) | CY23: 0 | CZ23: 0 | DA23: 0 | DB23: 0 | DC23: 0 | DD23: =HLOOKUP($CI$6,$CY$4:$DC$145,DE23,TRUE) -> 0 | DE23: 20 | DF23: =IF($CI$5=CX23,DD23,0) -> 0
D24: ▷계약시 유의사항 | AT24: 유예 | BD24: 할부원금비율 | BK24: 0 | BQ24: 0 | CH24: 할부기간 | CI24: =$BD$22 -> 48 | CL24: 19 | CM24: =IF(CL24<$CQ$4,$CQ$28,IF(CL24=$CQ$4,$CQ$28+$CQ$24,0)) -> #N/A | CO24: 유예 | CP24: =$CI$36 -> 0 | CQ24: =$CP$24 -> 0 | CX24: =견적관리자용!$S$16 -> 화물(2.5~4.6톤 미만) | CY24: 0 | CZ24: 0 | DA24: 0 | DB24: 0 | DC24: 0 | DD24: =HLOOKUP($CI$6,$CY$4:$DC$145,DE24,TRUE) -> 0 | DE24: 21 | DF24: =IF($CI$5=CX24,DD24,0) -> 0
D25: ="* 할부차량은 이용자명의 등록입니다. (당사 근저당 설정"&(BD26*100)&"%"&"이며, 설정비 당사가 전액 부담합니다.)" -> * 할부차량은 이용자명의 등록입니다. (당사 근저당 설정100%이며, 설정비 당사가 전액 부담합니다.) | AT25: CM수수료율 | BD25: 0 | BN25: ≤ | BP25: =CI92 -> #N/A | CH25: IRR | CI25: =VLOOKUP($BD$5,견적관리자용!$E$9:$K$36,6,FALSE) -> 0.065 | CL25: 20 | CM25: =IF(CL25<$CQ$4,$CQ$28,IF(CL25=$CQ$4,$CQ$28+$CQ$24,0)) -> #N/A | CX25: =견적관리자용!$S$17 -> 화물(4.6톤 이상) | CY25: 0 | CZ25: 0 | DA25: 0 | DB25: 0 | DC25: 0 | DD25: =HLOOKUP($CI$6,$CY$4:$DC$145,DE25,TRUE) -> 0 | DE25: 22 | DF25: =IF($CI$5=CX25,DD25,0) -> 0
D26: * 만기 및 중도상환시점 근저당 해지 조건입니다. (해지비용 별도) | AT26: 차량설정 | BD26: 1 | BY26: 제휴사 | BZ26: =BY5 -> 비제휴사 | CD26: 유예 금액입력 | CE26: =IF($BD$24="금액입력",TRUE,FALSE) -> FALSE | CF26: =IF($CE$26=TRUE,FALSE,TRUE) -> TRUE | CL26: 21 | CM26: =IF(CL26<$CQ$4,$CQ$28,IF(CL26=$CQ$4,$CQ$28+$CQ$24,0)) -> #N/A | CO26: PMT(1) | CQ26: =ROUNDDOWN(PMT($CQ$5/12,$CQ$4,-$CQ$17+$CQ$22,$CQ$24-$CQ$20),0) -> #N/A | CW26: 대구 | CX26: =견적관리자용!$S$8 -> 승용일반 | CY26: 0 | CZ26: 0.04 | DA26: 0.04 | DB26: 0.04 | DC26: 0.05 | DD26: =HLOOKUP($CI$6,$CY$4:$DC$145,DE26,TRUE) -> 0 | DE26: 23 | DF26: =IF($CI$5=CX26,DD26,0) -> 0 | DG26: =SUM(DF26:DF35) -> 0
D27: * 할부료 상환 매월 후납입니다. | AT27: 이손액(수입수수료) | BD27: 0 | BY27: 리스원금 | BZ27: =CI23 -> 74130000 | CL27: 22 | CM27: =IF(CL27<$CQ$4,$CQ$28,IF(CL27=$CQ$4,$CQ$28+$CQ$24,0)) -> #N/A | CO27: RATE(1) | CQ27: =RATE($CQ$4,$CQ$26,-$CQ$8+$CQ$19,$CQ$24)*12 -> #N/A | CX27: =견적관리자용!$S$9 -> 승용SUV(~5인) | CY27: 0 | CZ27: 0.04 | DA27: 0.04 | DB27: 0.04 | DC27: 0.04 | DD27: =HLOOKUP($CI$6,$CY$4:$DC$145,DE27,TRUE) -> 0 | DE27: 24 | DF27: =IF($CI$5=CX27,DD27,0) -> 0
D28: * 운행중 발생하는 범칙금 및 과태료는 이용자 부담이며, 중도상환시 약정에 따른 수수료가 발생합니다. | AT28: 부가서비스 | BD28: - | BY28: 제휴수수료율 | BZ28: =BZ29/BZ27 -> 0 | CL28: 23 | CM28: =IF(CL28<$CQ$4,$CQ$28,IF(CL28=$CQ$4,$CQ$28+$CQ$24,0)) -> #N/A | CO28: PMT(2) 최종 순할부료 | CQ28: =PMT(CQ29/12,CQ4,-CQ8,CQ24) -> #N/A | CX28: =견적관리자용!$S$10 -> 승용SUV(7~10인) | CY28: 0 | CZ28: 390000 | DA28: 390000 | DB28: 390000 | DC28: 390000 | DD28: =HLOOKUP($CI$6,$CY$4:$DC$145,DE28,TRUE) -> 0 | DE28: 25 | DF28: =IF($CI$5=CX28,DD28,0) -> 0
D29: * 인지대는 당사 50%, 이용자 50%부담입니다. | AT29: 차량상담 | BD29: OOO | BM29: 010-000-0000 | BY29: 제휴수수료 | BZ29: =ROUNDDOWN(CI70,0) -> 0 | CL29: 24 | CM29: =IF(CL29<$CQ$4,$CQ$28,IF(CL29=$CQ$4,$CQ$28+$CQ$24,0)) -> #N/A | CO29: RATE(2) 최종금리 | CQ29: =ROUND(CQ27,5) -> #N/A | CX29: =견적관리자용!$S$11 -> 승합(11~15인) | CY29: 0 | CZ29: 390000 | DA29: 390000 | DB29: 390000 | DC29: 390000 | DD29: =HLOOKUP($CI$6,$CY$4:$DC$145,DE29,TRUE) -> 0 | DE29: 26 | DF29: =IF($CI$5=CX29,DD29,0) -> 0
D30: * 이용자부담 인지대 : 대출금 5천만원원이하 0원, 1억원 이하 35,000원, 10억원 이하 75,000원 | AT30: 적용금리 | BD30: =$CQ$29 -> #N/A | BY30: 근저당설정 | BZ30: =BD26 -> 1 | CL30: 25 | CM30: =IF(CL30<$CQ$4,$CQ$28,IF(CL30=$CQ$4,$CQ$28+$CQ$24,0)) -> #N/A | CX30: =견적관리자용!$S$12 -> 화물(1000cc 미만) | CY30: 0 | CZ30: 0 | DA30: 0 | DB30: 0 | DC30: 0 | DD30: =HLOOKUP($CI$6,$CY$4:$DC$145,DE30,TRUE) -> 0 | DE30: 27 | DF30: =IF($CI$5=CX30,DD30,0) -> 0
D31: * 상기 견적의 유효기간은 7일 이며, 7일 이후에는 당사 기준금리 및 당사 기준의 변동으로 인하여 변동 될수 있습니다. | AT31: ="* CM수수료(실수령기준):" -> * CM수수료(실수령기준): | BD31: =ROUNDDOWN($CI$22*$BD$25*0.967,-2) -> 0 | BY31: (설정지원금) | BZ31: =CI83 -> 444780 | CH31: 선수금 | CI31: =VLOOKUP($BD$23,$CH$32:$CI$35,2,FALSE) -> 0 | CL31: 26 | CM31: =IF(CL31<$CQ$4,$CQ$28,IF(CL31=$CQ$4,$CQ$28+$CQ$24,0)) -> #N/A | CX31: =견적관리자용!$S$13 -> 화물(0.6톤 미만) | CY31: 0 | CZ31: 195000 | DA31: 195000 | DB31: 195000 | DC31: 195000 | DD31: =HLOOKUP($CI$6,$CY$4:$DC$145,DE31,TRUE) -> 0 | DE31: 28 | DF31: =IF($CI$5=CX31,DD31,0) -> 0
D32: ▷필요서류 (발행기간 3개월내) | BY32: 인지대 | BZ32: =AG14 -> 35000 | CH32: 총구매비용비율 | CI32: =ROUNDDOWN($CI$22*$BK$23,-3) -> 0 | CL32: 27 | CM32: =IF(CL32<$CQ$4,$CQ$28,IF(CL32=$CQ$4,$CQ$28+$CQ$24,0)) -> #N/A | CX32: =견적관리자용!$S$14 -> 화물(0.6~1톤 미만) | CY32: 0 | CZ32: 195000 | DA32: 195000 | DB32: 195000 | DC32: 195000 | DD32: =HLOOKUP($CI$6,$CY$4:$DC$145,DE32,TRUE) -> 0 | DE32: 29 | DF32: =IF($CI$5=CX32,DD32,0) -> 0
D33: 개인(사업자) | J33: ㆍ사업자등록증 사본 ㆍ운전면허증사본 ㆍ주민등록등본 ㆍ인감증명서 ㆍ소득/재산 증빙서류 | CH33: 차량가비율 | CI33: =ROUNDDOWN($CI$9*$BK$23,-3) -> 0 | CL33: 28 | CM33: =IF(CL33<$CQ$4,$CQ$28,IF(CL33=$CQ$4,$CQ$28+$CQ$24,0)) -> #N/A | CX33: =견적관리자용!$S$15 -> 화물(1~2.5톤 미만) | CY33: 0 | CZ33: 195000 | DA33: 195000 | DB33: 195000 | DC33: 195000 | DD33: =HLOOKUP($CI$6,$CY$4:$DC$145,DE33,TRUE) -> 0 | DE33: 30 | DF33: =IF($CI$5=CX33,DD33,0) -> 0
J34: ㆍ자동이체 통장 사본 ※ 전문직종사자는 자격/면허증 사본 필수 | CD34: 4대 중요 에러 | CE34: =SUM(CE35:CE38) -> 0 | CH34: 선수금액입력 | CI34: =$BQ$23 -> 0 | CL34: 29 | CM34: =IF(CL34<$CQ$4,$CQ$28,IF(CL34=$CQ$4,$CQ$28+$CQ$24,0)) -> #N/A | CX34: =견적관리자용!$S$16 -> 화물(2.5~4.6톤 미만) | CY34: 0 | CZ34: 390000 | DA34: 390000 | DB34: 390000 | DC34: 390000 | DD34: =HLOOKUP($CI$6,$CY$4:$DC$145,DE34,TRUE) -> 0 | DE34: 31 | DF34: =IF($CI$5=CX34,DD34,0) -> 0
D35: 법인사업자 | J35: ㆍ사업자등록증 사본 ㆍ법인등기부등본 ㆍ법인인감증명서 ㆍ최근2개년 재무제표 ㆍ주주명부 | CE35: =IF(C2="",0,1)-1 -> 0 | CH35: 할부원금입력 | CI35: =$CI$22-$BQ$23 -> 74130000 | CL35: 30 | CM35: =IF(CL35<$CQ$4,$CQ$28,IF(CL35=$CQ$4,$CQ$28+$CQ$24,0)) -> #N/A | CX35: =견적관리자용!$S$17 -> 화물(4.6톤 이상) | CY35: 0 | CZ35: 650000 | DA35: 650000 | DB35: 650000 | DC35: 650000 | DD35: =HLOOKUP($CI$6,$CY$4:$DC$145,DE35,TRUE) -> 0 | DE35: 32 | DF35: =IF($CI$5=CX35,DD35,0) -> 0
J36: ㆍ자동이체 통장 사본 ※ 대표이사 연대보증 필수 (신분증/주민등록등본/인감증명서/소득,재산증빙 서류) | CE36: =IF(X2="",0,1) -> 0 | CH36: 유예금 | CI36: =VLOOKUP($BD$24,$CH$37:$CI$38,2,FALSE) -> 0 | CL36: 31 | CM36: =IF(CL36<$CQ$4,$CQ$28,IF(CL36=$CQ$4,$CQ$28+$CQ$24,0)) -> #N/A | CW36: 인천 | CX36: =견적관리자용!$S$8 -> 승용일반 | CY36: 0 | CZ36: 0 | DA36: 0.04 | DB36: 0.04 | DC36: 0.05 | DD36: =HLOOKUP($CI$6,$CY$4:$DC$145,DE36,TRUE) -> 0 | DE36: 33 | DF36: =IF($CI$5=CX36,DD36,0) -> 0 | DG36: =SUM(DF36:DF45) -> 0
CE37: =IF(C4="",0,1) -> 0 | CH37: 할부원금비율 | CI37: =ROUNDDOWN($CI$23*$BK$24,-3) -> 0 | CL37: 32 | CM37: =IF(CL37<$CQ$4,$CQ$28,IF(CL37=$CQ$4,$CQ$28+$CQ$24,0)) -> #N/A | CX37: =견적관리자용!$S$9 -> 승용SUV(~5인) | CY37: 0 | CZ37: 0 | DA37: 0.04 | DB37: 0.04 | DC37: 0.05 | DD37: =HLOOKUP($CI$6,$CY$4:$DC$145,DE37,TRUE) -> 0 | DE37: 34 | DF37: =IF($CI$5=CX37,DD37,0) -> 0
CE38: =IF(X4="",0,1) -> 0 | CH38: 금액입력 | CI38: =$BQ$24 -> 0 | CL38: 33 | CM38: =IF(CL38<$CQ$4,$CQ$28,IF(CL38=$CQ$4,$CQ$28+$CQ$24,0)) -> #N/A | CX38: =견적관리자용!$S$10 -> 승용SUV(7~10인) | CY38: 0 | CZ38: 390000 | DA38: 390000 | DB38: 390000 | DC38: 390000 | DD38: =HLOOKUP($CI$6,$CY$4:$DC$145,DE38,TRUE) -> 0 | DE38: 35 | DF38: =IF($CI$5=CX38,DD38,0) -> 0
CD39: 금리표시체크 | CE39: TRUE | CL39: 34 | CM39: =IF(CL39<$CQ$4,$CQ$28,IF(CL39=$CQ$4,$CQ$28+$CQ$24,0)) -> #N/A | CX39: =견적관리자용!$S$11 -> 승합(11~15인) | CY39: 0 | CZ39: 0.015 | DA39: 0.015 | DB39: 0.015 | DC39: 0.015 | DD39: =HLOOKUP($CI$6,$CY$4:$DC$145,DE39,TRUE) -> 0 | DE39: 36 | DF39: =IF($CI$5=CX39,DD39,0) -> 0
CL40: 35 | CM40: =IF(CL40<$CQ$4,$CQ$28,IF(CL40=$CQ$4,$CQ$28+$CQ$24,0)) -> #N/A | CX40: =견적관리자용!$S$12 -> 화물(1000cc 미만) | CY40: 0 | CZ40: 0 | DA40: 0 | DB40: 0 | DC40: 0 | DD40: =HLOOKUP($CI$6,$CY$4:$DC$145,DE40,TRUE) -> 0 | DE40: 37 | DF40: =IF($CI$5=CX40,DD40,0) -> 0
CD41: 설정금액표시체크 | CE41: FALSE | CL41: 36 | CM41: =IF(CL41<$CQ$4,$CQ$28,IF(CL41=$CQ$4,$CQ$28+$CQ$24,0)) -> #N/A | CX41: =견적관리자용!$S$13 -> 화물(0.6톤 미만) | CY41: 0 | CZ41: 0.015 | DA41: 0.015 | DB41: 0.015 | DC41: 0.015 | DD41: =HLOOKUP($CI$6,$CY$4:$DC$145,DE41,TRUE) -> 0 | DE41: 38 | DF41: =IF($CI$5=CX41,DD41,0) -> 0
CL42: 37 | CM42: =IF(CL42<$CQ$4,$CQ$28,IF(CL42=$CQ$4,$CQ$28+$CQ$24,0)) -> #N/A | CX42: =견적관리자용!$S$14 -> 화물(0.6~1톤 미만) | CY42: 0 | CZ42: 0.015 | DA42: 0.015 | DB42: 0.015 | DC42: 0.015 | DD42: =HLOOKUP($CI$6,$CY$4:$DC$145,DE42,TRUE) -> 0 | DE42: 39 | DF42: =IF($CI$5=CX42,DD42,0) -> 0
CL43: 38 | CM43: =IF(CL43<$CQ$4,$CQ$28,IF(CL43=$CQ$4,$CQ$28+$CQ$24,0)) -> #N/A | CX43: =견적관리자용!$S$15 -> 화물(1~2.5톤 미만) | CY43: 0 | CZ43: 0.015 | DA43: 0.015 | DB43: 0.015 | DC43: 0.015 | DD43: =HLOOKUP($CI$6,$CY$4:$DC$145,DE43,TRUE) -> 0 | DE43: 40 | DF43: =IF($CI$5=CX43,DD43,0) -> 0
CL44: 39 | CM44: =IF(CL44<$CQ$4,$CQ$28,IF(CL44=$CQ$4,$CQ$28+$CQ$24,0)) -> #N/A | CX44: =견적관리자용!$S$16 -> 화물(2.5~4.6톤 미만) | CY44: 0 | CZ44: 0.015 | DA44: 0.015 | DB44: 0.015 | DC44: 0.015 | DD44: =HLOOKUP($CI$6,$CY$4:$DC$145,DE44,TRUE) -> 0 | DE44: 41 | DF44: =IF($CI$5=CX44,DD44,0) -> 0
CL45: 40 | CM45: =IF(CL45<$CQ$4,$CQ$28,IF(CL45=$CQ$4,$CQ$28+$CQ$24,0)) -> #N/A | CX45: =견적관리자용!$S$17 -> 화물(4.6톤 이상) | CY45: 0 | CZ45: 0.015 | DA45: 0.015 | DB45: 0.015 | DC45: 0.015 | DD45: =HLOOKUP($CI$6,$CY$4:$DC$145,DE45,TRUE) -> 0 | DE45: 42 | DF45: =IF($CI$5=CX45,DD45,0) -> 0 | EE45: TRUE
CL46: 41 | CM46: =IF(CL46<$CQ$4,$CQ$28,IF(CL46=$CQ$4,$CQ$28+$CQ$24,0)) -> #N/A | CW46: 대전 | CX46: =견적관리자용!$S$8 -> 승용일반 | CY46: 0 | CZ46: 0.04 | DA46: 0.04 | DB46: 0.04 | DC46: 0.05 | DD46: =HLOOKUP($CI$6,$CY$4:$DC$145,DE46,TRUE) -> 0 | DE46: 43 | DF46: =IF($CI$5=CX46,DD46,0) -> 0 | DG46: =SUM(DF46:DF55) -> 0
CL47: 42 | CM47: =IF(CL47<$CQ$4,$CQ$28,IF(CL47=$CQ$4,$CQ$28+$CQ$24,0)) -> #N/A | CX47: =견적관리자용!$S$9 -> 승용SUV(~5인) | CY47: 0 | CZ47: 0.04 | DA47: 0.04 | DB47: 0.04 | DC47: 0.05 | DD47: =HLOOKUP($CI$6,$CY$4:$DC$145,DE47,TRUE) -> 0 | DE47: 44 | DF47: =IF($CI$5=CX47,DD47,0) -> 0
CL48: 43 | CM48: =IF(CL48<$CQ$4,$CQ$28,IF(CL48=$CQ$4,$CQ$28+$CQ$24,0)) -> #N/A | CX48: =견적관리자용!$S$10 -> 승용SUV(7~10인) | CY48: 0 | CZ48: 0.04 | DA48: 0.04 | DB48: 0.04 | DC48: 0.05 | DD48: =HLOOKUP($CI$6,$CY$4:$DC$145,DE48,TRUE) -> 0 | DE48: 45 | DF48: =IF($CI$5=CX48,DD48,0) -> 0
CL49: 44 | CM49: =IF(CL49<$CQ$4,$CQ$28,IF(CL49=$CQ$4,$CQ$28+$CQ$24,0)) -> #N/A | CX49: =견적관리자용!$S$11 -> 승합(11~15인) | CY49: 0 | CZ49: 0.015 | DA49: 0.015 | DB49: 0.015 | DC49: 0.015 | DD49: =HLOOKUP($CI$6,$CY$4:$DC$145,DE49,TRUE) -> 0 | DE49: 46 | DF49: =IF($CI$5=CX49,DD49,0) -> 0
CL50: 45 | CM50: =IF(CL50<$CQ$4,$CQ$28,IF(CL50=$CQ$4,$CQ$28+$CQ$24,0)) -> #N/A | CX50: =견적관리자용!$S$12 -> 화물(1000cc 미만) | CY50: 0 | CZ50: 0 | DA50: 0 | DB50: 0 | DC50: 0 | DD50: =HLOOKUP($CI$6,$CY$4:$DC$145,DE50,TRUE) -> 0 | DE50: 47 | DF50: =IF($CI$5=CX50,DD50,0) -> 0
CL51: 46 | CM51: =IF(CL51<$CQ$4,$CQ$28,IF(CL51=$CQ$4,$CQ$28+$CQ$24,0)) -> #N/A | CX51: =견적관리자용!$S$13 -> 화물(0.6톤 미만) | CY51: 0 | CZ51: 0.015 | DA51: 0.015 | DB51: 0.015 | DC51: 0.015 | DD51: =HLOOKUP($CI$6,$CY$4:$DC$145,DE51,TRUE) -> 0 | DE51: 48 | DF51: =IF($CI$5=CX51,DD51,0) -> 0
CL52: 47 | CM52: =IF(CL52<$CQ$4,$CQ$28,IF(CL52=$CQ$4,$CQ$28+$CQ$24,0)) -> #N/A | CX52: =견적관리자용!$S$14 -> 화물(0.6~1톤 미만) | CY52: 0 | CZ52: 0.015 | DA52: 0.015 | DB52: 0.015 | DC52: 0.015 | DD52: =HLOOKUP($CI$6,$CY$4:$DC$145,DE52,TRUE) -> 0 | DE52: 49 | DF52: =IF($CI$5=CX52,DD52,0) -> 0
CL53: 48 | CM53: =IF(CL53<$CQ$4,$CQ$28,IF(CL53=$CQ$4,$CQ$28+$CQ$24,0)) -> #N/A | CX53: =견적관리자용!$S$15 -> 화물(1~2.5톤 미만) | CY53: 0 | CZ53: 0.015 | DA53: 0.015 | DB53: 0.015 | DC53: 0.015 | DD53: =HLOOKUP($CI$6,$CY$4:$DC$145,DE53,TRUE) -> 0 | DE53: 50 | DF53: =IF($CI$5=CX53,DD53,0) -> 0
CL54: 49 | CM54: =IF(CL54<$CQ$4,$CQ$28,IF(CL54=$CQ$4,$CQ$28+$CQ$24,0)) -> 0 | CX54: =견적관리자용!$S$16 -> 화물(2.5~4.6톤 미만) | CY54: 0 | CZ54: 0.015 | DA54: 0.015 | DB54: 0.015 | DC54: 0.015 | DD54: =HLOOKUP($CI$6,$CY$4:$DC$145,DE54,TRUE) -> 0 | DE54: 51 | DF54: =IF($CI$5=CX54,DD54,0) -> 0
CL55: 50 | CM55: =IF(CL55<$CQ$4,$CQ$28,IF(CL55=$CQ$4,$CQ$28+$CQ$24,0)) -> 0 | CX55: =견적관리자용!$S$17 -> 화물(4.6톤 이상) | CY55: 0 | CZ55: 0.015 | DA55: 0.015 | DB55: 0.015 | DC55: 0.015 | DD55: =HLOOKUP($CI$6,$CY$4:$DC$145,DE55,TRUE) -> 0 | DE55: 52 | DF55: =IF($CI$5=CX55,DD55,0) -> 0
CH56: AG수수료 | CI56: =VLOOKUP(에이전트수수료입력!$G$10,할부오토론!$CH$57:$CI$59,2,FALSE) -> #N/A | CL56: 51 | CM56: =IF(CL56<$CQ$4,$CQ$28,IF(CL56=$CQ$4,$CQ$28+$CQ$24,0)) -> 0 | CW56: 광주 | CX56: =견적관리자용!$S$8 -> 승용일반 | CY56: 0 | CZ56: 0.04 | DA56: 0.04 | DB56: 0.04 | DC56: 0.05 | DD56: =HLOOKUP($CI$6,$CY$4:$DC$145,DE56,TRUE) -> 0 | DE56: 53 | DF56: =IF($CI$5=CX56,DD56,0) -> 0 | DG56: =SUM(DF56:DF65) -> 0
CH57: 요율입력 | CI57: =ROUNDDOWN($CI$23*에이전트수수료입력!$H$10,0) -> 0 | CL57: 52 | CM57: =IF(CL57<$CQ$4,$CQ$28,IF(CL57=$CQ$4,$CQ$28+$CQ$24,0)) -> 0 | CX57: =견적관리자용!$S$9 -> 승용SUV(~5인) | CY57: 0 | CZ57: 0.04 | DA57: 0.04 | DB57: 0.04 | DC57: 0.05 | DD57: =HLOOKUP($CI$6,$CY$4:$DC$145,DE57,TRUE) -> 0 | DE57: 54 | DF57: =IF($CI$5=CX57,DD57,0) -> 0
CH58: 금액입력 | CI58: =에이전트수수료입력!$I$10 -> 0 | CL58: 53 | CM58: =IF(CL58<$CQ$4,$CQ$28,IF(CL58=$CQ$4,$CQ$28+$CQ$24,0)) -> 0 | CX58: =견적관리자용!$S$10 -> 승용SUV(7~10인) | CY58: 0 | CZ58: 0.04 | DA58: 0.04 | DB58: 0.04 | DC58: 0.05 | DD58: =HLOOKUP($CI$6,$CY$4:$DC$145,DE58,TRUE) -> 0 | DE58: 55 | DF58: =IF($CI$5=CX58,DD58,0) -> 0
CH59: 요율+금액입력 | CI59: =$CI$57+$CI$58 -> 0 | CL59: 54 | CM59: =IF(CL59<$CQ$4,$CQ$28,IF(CL59=$CQ$4,$CQ$28+$CQ$24,0)) -> 0 | CX59: =견적관리자용!$S$11 -> 승합(11~15인) | CY59: 0 | CZ59: 0.03 | DA59: 0.03 | DB59: 0.03 | DC59: 0.03 | DD59: =HLOOKUP($CI$6,$CY$4:$DC$145,DE59,TRUE) -> 0 | DE59: 56 | DF59: =IF($CI$5=CX59,DD59,0) -> 0
CH60: AG수수료율 | CI60: =ROUNDUP($CI$56/$CI$23,4) -> #N/A | CL60: 55 | CM60: =IF(CL60<$CQ$4,$CQ$28,IF(CL60=$CQ$4,$CQ$28+$CQ$24,0)) -> 0 | CX60: =견적관리자용!$S$12 -> 화물(1000cc 미만) | CY60: 0 | CZ60: 0 | DA60: 0 | DB60: 0 | DC60: 0 | DD60: =HLOOKUP($CI$6,$CY$4:$DC$145,DE60,TRUE) -> 0 | DE60: 57 | DF60: =IF($CI$5=CX60,DD60,0) -> 0
CH61: CM수수료 | CI61: =ROUNDDOWN($CI$23*$BD$25,0) -> 0 | CL61: 56 | CM61: =IF(CL61<$CQ$4,$CQ$28,IF(CL61=$CQ$4,$CQ$28+$CQ$24,0)) -> 0 | CX61: =견적관리자용!$S$13 -> 화물(0.6톤 미만) | CY61: 0 | CZ61: 0.015 | DA61: 0.015 | DB61: 0.015 | DC61: 0.015 | DD61: =HLOOKUP($CI$6,$CY$4:$DC$145,DE61,TRUE) -> 0 | DE61: 58 | DF61: =IF($CI$5=CX61,DD61,0) -> 0
CH62: 제휴수수료(당사명의) | CI62: =VLOOKUP(견적관리자용!$Q$10,할부오토론!$CH$63:$CI$65,2,FALSE) -> 0 | CL62: 57 | CM62: =IF(CL62<$CQ$4,$CQ$28,IF(CL62=$CQ$4,$CQ$28+$CQ$24,0)) -> 0 | CX62: =견적관리자용!$S$14 -> 화물(0.6~1톤 미만) | CY62: 0 | CZ62: 0.03 | DA62: 0.03 | DB62: 0.03 | DC62: 0.03 | DD62: =HLOOKUP($CI$6,$CY$4:$DC$145,DE62,TRUE) -> 0 | DE62: 59 | DF62: =IF($CI$5=CX62,DD62,0) -> 0
CH63: 요율 | CI63: =ROUNDDOWN($CI$23*견적관리자용!$Q$11,0) -> 0 | CL63: 58 | CM63: =IF(CL63<$CQ$4,$CQ$28,IF(CL63=$CQ$4,$CQ$28+$CQ$24,0)) -> 0 | CX63: =견적관리자용!$S$15 -> 화물(1~2.5톤 미만) | CY63: 0 | CZ63: 0.03 | DA63: 0.03 | DB63: 0.03 | DC63: 0.03 | DD63: =HLOOKUP($CI$6,$CY$4:$DC$145,DE63,TRUE) -> 0 | DE63: 60 | DF63: =IF($CI$5=CX63,DD63,0) -> 0
CH64: 금액 | CI64: =견적관리자용!$Q$12 -> 0 | CL64: 59 | CM64: =IF(CL64<$CQ$4,$CQ$28,IF(CL64=$CQ$4,$CQ$28+$CQ$24,0)) -> 0 | CX64: =견적관리자용!$S$16 -> 화물(2.5~4.6톤 미만) | CY64: 0 | CZ64: 0.03 | DA64: 0.03 | DB64: 0.03 | DC64: 0.03 | DD64: =HLOOKUP($CI$6,$CY$4:$DC$145,DE64,TRUE) -> 0 | DE64: 61 | DF64: =IF($CI$5=CX64,DD64,0) -> 0
CH65: 요율+금액 | CI65: =$CI$63+$CI$64 -> 0 | CL65: 60 | CM65: =IF(CL65<$CQ$4,$CQ$28,IF(CL65=$CQ$4,$CQ$28+$CQ$24,0)) -> 0 | CX65: =견적관리자용!$S$17 -> 화물(4.6톤 이상) | CY65: 0 | CZ65: 0.03 | DA65: 0.03 | DB65: 0.03 | DC65: 0.03 | DD65: =HLOOKUP($CI$6,$CY$4:$DC$145,DE65,TRUE) -> 0 | DE65: 62 | DF65: =IF($CI$5=CX65,DD65,0) -> 0
CH66: 제휴수수료(이용자명의) | CI66: =VLOOKUP(견적관리자용!$Q$10,할부오토론!$CH$67:$CI$69,2,FALSE) -> 0 | CW66: 울산 | CX66: =견적관리자용!$S$8 -> 승용일반 | CY66: 0 | CZ66: 0.06 | DA66: 0.06 | DB66: 0.08 | DC66: 0.12 | DD66: =HLOOKUP($CI$6,$CY$4:$DC$145,DE66,TRUE) -> 0 | DE66: 63 | DF66: =IF($CI$5=CX66,DD66,0) -> 0 | DG66: =SUM(DF66:DF75) -> 0
CH67: 요율 | CI67: =ROUNDDOWN($CI$23*견적관리자용!$Q$11,0) -> 0 | CW67: 강원 | CX67: =견적관리자용!$S$9 -> 승용SUV(~5인) | CY67: 0 | CZ67: 0.06 | DA67: 0.06 | DB67: 0.08 | DC67: 0.12 | DD67: =HLOOKUP($CI$6,$CY$4:$DC$145,DE67,TRUE) -> 0 | DE67: 64 | DF67: =IF($CI$5=CX67,DD67,0) -> 0
CH68: 금액 | CI68: =견적관리자용!$Q$12 -> 0 | CW68: 전남 | CX68: =견적관리자용!$S$10 -> 승용SUV(7~10인) | CY68: 0 | CZ68: 0.06 | DA68: 0.06 | DB68: 0.08 | DC68: 0.12 | DD68: =HLOOKUP($CI$6,$CY$4:$DC$145,DE68,TRUE) -> 0 | DE68: 65 | DF68: =IF($CI$5=CX68,DD68,0) -> 0
CH69: 요율+금액 | CI69: =$CI$67+$CI$68 -> 0 | CX69: =견적관리자용!$S$11 -> 승합(11~15인) | CY69: 0 | CZ69: 0.03 | DA69: 0.03 | DB69: 0.03 | DC69: 0.03 | DD69: =HLOOKUP($CI$6,$CY$4:$DC$145,DE69,TRUE) -> 0 | DE69: 66 | DF69: =IF($CI$5=CX69,DD69,0) -> 0
CH70: 최종 제휴수수료 | CI70: =IF($BD$15="할부사명의(부산등록)",$CI$62,$CI$66) -> 0 | CX70: =견적관리자용!$S$12 -> 화물(1000cc 미만) | CY70: 0 | CZ70: 0 | DA70: 0 | DB70: 0 | DC70: 0 | DD70: =HLOOKUP($CI$6,$CY$4:$DC$145,DE70,TRUE) -> 0 | DE70: 67 | DF70: =IF($CI$5=CX70,DD70,0) -> 0
CH71: 기타비용(당사명의) | CI71: =VLOOKUP(견적관리자용!$Q$18,할부오토론!$CH$72:$CI$74,2,FALSE) -> 0 | CX71: =견적관리자용!$S$13 -> 화물(0.6톤 미만) | CY71: 0 | CZ71: 0.015 | DA71: 0.015 | DB71: 0.015 | DC71: 0.015 | DD71: =HLOOKUP($CI$6,$CY$4:$DC$145,DE71,TRUE) -> 0 | DE71: 68 | DF71: =IF($CI$5=CX71,DD71,0) -> 0
CH72: 요율 | CI72: =ROUNDDOWN($CI$23*견적관리자용!$Q$19,0) -> 0 | CX72: =견적관리자용!$S$14 -> 화물(0.6~1톤 미만) | CY72: 0 | CZ72: 0.03 | DA72: 0.03 | DB72: 0.03 | DC72: 0.03 | DD72: =HLOOKUP($CI$6,$CY$4:$DC$145,DE72,TRUE) -> 0 | DE72: 69 | DF72: =IF($CI$5=CX72,DD72,0) -> 0
CH73: 금액 | CI73: =견적관리자용!$Q$20 -> 0 | CX73: =견적관리자용!$S$15 -> 화물(1~2.5톤 미만) | CY73: 0 | CZ73: 0.03 | DA73: 0.03 | DB73: 0.03 | DC73: 0.03 | DD73: =HLOOKUP($CI$6,$CY$4:$DC$145,DE73,TRUE) -> 0 | DE73: 70 | DF73: =IF($CI$5=CX73,DD73,0) -> 0
CH74: 요율+금액 | CI74: =$CI$72+$CI$73 -> 0 | CX74: =견적관리자용!$S$16 -> 화물(2.5~4.6톤 미만) | CY74: 0 | CZ74: 0.03 | DA74: 0.03 | DB74: 0.03 | DC74: 0.03 | DD74: =HLOOKUP($CI$6,$CY$4:$DC$145,DE74,TRUE) -> 0 | DE74: 71 | DF74: =IF($CI$5=CX74,DD74,0) -> 0
CH75: 기타비용(이용자명의) | CI75: =VLOOKUP(견적관리자용!$Q$18,할부오토론!$CH$76:$CI$78,2,FALSE) -> 0 | CX75: =견적관리자용!$S$17 -> 화물(4.6톤 이상) | CY75: 0 | CZ75: 0.03 | DA75: 0.03 | DB75: 0.03 | DC75: 0.03 | DD75: =HLOOKUP($CI$6,$CY$4:$DC$145,DE75,TRUE) -> 0 | DE75: 72 | DF75: =IF($CI$5=CX75,DD75,0) -> 0
CH76: 요율 | CI76: =ROUNDDOWN($CI$23*견적관리자용!$Q$19,0) -> 0 | CW76: 제주 | CX76: =견적관리자용!$S$8 -> 승용일반 | CY76: 0 | CZ76: 0.03 | DA76: 0.03 | DB76: 0.04 | DC76: 0.05 | DD76: =HLOOKUP($CI$6,$CY$4:$DC$145,DE76,TRUE) -> 0 | DE76: 73 | DF76: =IF($CI$5=CX76,DD76,0) -> 0 | DG76: =SUM(DF76:DF85) -> 0
CH77: 금액 | CI77: =견적관리자용!$Q$20 -> 0 | CX77: =견적관리자용!$S$9 -> 승용SUV(~5인) | CY77: 0 | CZ77: 0.04 | DA77: 0.04 | DB77: 0.04 | DC77: 0.04 | DD77: =HLOOKUP($CI$6,$CY$4:$DC$145,DE77,TRUE) -> 0 | DE77: 74 | DF77: =IF($CI$5=CX77,DD77,0) -> 0
CH78: 요율+금액 | CI78: =$CI$76+$CI$77 -> 0 | CX78: =견적관리자용!$S$10 -> 승용SUV(7~10인) | CY78: 0 | CZ78: 390000 | DA78: 390000 | DB78: 390000 | DC78: 390000 | DD78: =HLOOKUP($CI$6,$CY$4:$DC$145,DE78,TRUE) -> 0 | DE78: 75 | DF78: =IF($CI$5=CX78,DD78,0) -> 0
CH79: 최종 기타비용 | CI79: =IF($BD$15="당사자명의(부산등록)",$CI$71,$CI$75) -> 0 | CL79: 0 | CM79: 0 | CX79: =견적관리자용!$S$11 -> 승합(11~15인) | CY79: 0 | CZ79: 0.015 | DA79: 0.015 | DB79: 0.015 | DC79: 0.015 | DD79: =HLOOKUP($CI$6,$CY$4:$DC$145,DE79,TRUE) -> 0 | DE79: 76 | DF79: =IF($CI$5=CX79,DD79,0) -> 0
CH80: 인지세 | CI80: =VLOOKUP(CI23,CL79:CM81,2,TRUE) -> 35000 | CL80: 50000001 | CM80: 35000 | CX80: =견적관리자용!$S$12 -> 화물(1000cc 미만) | CY80: 0 | CZ80: 0 | DA80: 0 | DB80: 0 | DC80: 0 | DD80: =HLOOKUP($CI$6,$CY$4:$DC$145,DE80,TRUE) -> 0 | DE80: 77 | DF80: =IF($CI$5=CX80,DD80,0) -> 0
CH81: 이용자명의 설정금액 | CI81: =VLOOKUP(BD26,CL83:CM87,2,FALSE) -> 74130000 | CL81: 100000001 | CM81: 75000 | CX81: =견적관리자용!$S$13 -> 화물(0.6톤 미만) | CY81: 0 | CZ81: 0.015 | DA81: 0.015 | DB81: 0.015 | DC81: 0.015 | DD81: =HLOOKUP($CI$6,$CY$4:$DC$145,DE81,TRUE) -> 0 | DE81: 78 | DF81: =IF($CI$5=CX81,DD81,0) -> 0
CI82: =IF(CI81=0,0,ROUNDDOWN(IF($CI$81>=7500000,$CI$81*0.6%,$CI$81*0.4%+15000),0)) -> 444780 | CX82: =견적관리자용!$S$14 -> 화물(0.6~1톤 미만) | CY82: 0 | CZ82: 0.015 | DA82: 0.015 | DB82: 0.015 | DC82: 0.015 | DD82: =HLOOKUP($CI$6,$CY$4:$DC$145,DE82,TRUE) -> 0 | DE82: 79 | DF82: =IF($CI$5=CX82,DD82,0) -> 0
CH83: 이용자명의 설정료 | CI83: =CI82 -> 444780 | CL83: 1 | CM83: =ROUNDUP(CI23,-4) -> 74130000 | CX83: =견적관리자용!$S$15 -> 화물(1~2.5톤 미만) | CY83: 0 | CZ83: 0.015 | DA83: 0.015 | DB83: 0.015 | DC83: 0.015 | DD83: =HLOOKUP($CI$6,$CY$4:$DC$145,DE83,TRUE) -> 0 | DE83: 80 | DF83: =IF($CI$5=CX83,DD83,0) -> 0
CH84: 용품/서비스 비용 | CI84: =+IF($BD$28="신차보상보험(1년)",견적관리자용!$M$40,IF($BD$28="신차보상보험(3년)",견적관리자용!$M$41,0)) -> 0 | CL84: 0.5 | CM84: =ROUNDUP(CI23*50%,-4) -> 37070000 | CX84: =견적관리자용!$S$16 -> 화물(2.5~4.6톤 미만) | CY84: 0 | CZ84: 0.015 | DA84: 0.015 | DB84: 0.015 | DC84: 0.015 | DD84: =HLOOKUP($CI$6,$CY$4:$DC$145,DE84,TRUE) -> 0 | DE84: 81 | DF84: =IF($CI$5=CX84,DD84,0) -> 0
CL85: 0.2 | CM85: =ROUNDUP(CI23*20%,-4) -> 14830000 | CX85: =견적관리자용!$S$17 -> 화물(4.6톤 이상) | CY85: 0 | CZ85: 0.015 | DA85: 0.015 | DB85: 0.015 | DC85: 0.015 | DD85: =HLOOKUP($CI$6,$CY$4:$DC$145,DE85,TRUE) -> 0 | DE85: 82 | DF85: =IF($CI$5=CX85,DD85,0) -> 0
CL86: 1백만원설정 | CM86: 1000000 | CW86: 세종 | CX86: =견적관리자용!$S$8 -> 승용일반 | CY86: 0 | CZ86: 0.06 | DA86: 0.06 | DB86: 0.08 | DC86: 0.12 | DD86: =HLOOKUP($CI$6,$CY$4:$DC$145,DE86,TRUE) -> 0 | DE86: 83 | DF86: =IF($CI$5=CX86,DD86,0) -> 0 | DG86: =SUM(DF86:DF95) -> 0
CH87: 이손액 | CI87: =$BD$27 -> 0 | CL87: 면제 | CM87: 0 | CW87: 경북 | CX87: =견적관리자용!$S$9 -> 승용SUV(~5인) | CY87: 0 | CZ87: 0.06 | DA87: 0.06 | DB87: 0.08 | DC87: 0.12 | DD87: =HLOOKUP($CI$6,$CY$4:$DC$145,DE87,TRUE) -> 0 | DE87: 84 | DF87: =IF($CI$5=CX87,DD87,0) -> 0
CH88: AG+제휴+기타비용수수료 | CI88: =CI56+CI70+CI79 -> #N/A | CX88: =견적관리자용!$S$10 -> 승용SUV(7~10인) | CY88: 0 | CZ88: 0.06 | DA88: 0.06 | DB88: 0.08 | DC88: 0.12 | DD88: =HLOOKUP($CI$6,$CY$4:$DC$145,DE88,TRUE) -> 0 | DE88: 85 | DF88: =IF($CI$5=CX88,DD88,0) -> 0
CI89: =CI88/CI23 -> #N/A | CX89: =견적관리자용!$S$11 -> 승합(11~15인) | CY89: 0 | CZ89: 0.03 | DA89: 0.03 | DB89: 0.03 | DC89: 0.03 | DD89: =HLOOKUP($CI$6,$CY$4:$DC$145,DE89,TRUE) -> 0 | DE89: 86 | DF89: =IF($CI$5=CX89,DD89,0) -> 0
CH90: 상한선 | CI90: =CI23*2.25%+50000 -> 1717925 | CX90: =견적관리자용!$S$12 -> 화물(1000cc 미만) | CY90: 0 | CZ90: 0 | DA90: 0 | DB90: 0 | DC90: 0 | DD90: =HLOOKUP($CI$6,$CY$4:$DC$145,DE90,TRUE) -> 0 | DE90: 87 | DF90: =IF($CI$5=CX90,DD90,0) -> 0
CH91: 여유분 | CI91: =CI90-CI88 -> #N/A | CX91: =견적관리자용!$S$13 -> 화물(0.6톤 미만) | CY91: 0 | CZ91: 0.03 | DA91: 0.03 | DB91: 0.03 | DC91: 0.03 | DD91: =HLOOKUP($CI$6,$CY$4:$DC$145,DE91,TRUE) -> 0 | DE91: 88 | DF91: =IF($CI$5=CX91,DD91,0) -> 0
CH92: 가능율 | CI92: =ROUNDDOWN(CI91/CI23,4) -> #N/A | CX92: =견적관리자용!$S$14 -> 화물(0.6~1톤 미만) | CY92: 0 | CZ92: 0.03 | DA92: 0.03 | DB92: 0.03 | DC92: 0.03 | DD92: =HLOOKUP($CI$6,$CY$4:$DC$145,DE92,TRUE) -> 0 | DE92: 89 | DF92: =IF($CI$5=CX92,DD92,0) -> 0
CX93: =견적관리자용!$S$15 -> 화물(1~2.5톤 미만) | CY93: 0 | CZ93: 0.03 | DA93: 0.03 | DB93: 0.03 | DC93: 0.03 | DD93: =HLOOKUP($CI$6,$CY$4:$DC$145,DE93,TRUE) -> 0 | DE93: 90 | DF93: =IF($CI$5=CX93,DD93,0) -> 0
CH94: MSRP | CI94: =VLOOKUP(BD6,차량DB!F:I,4,0) -> 0 | CX94: =견적관리자용!$S$16 -> 화물(2.5~4.6톤 미만) | CY94: 0 | CZ94: 0.03 | DA94: 0.03 | DB94: 0.03 | DC94: 0.03 | DD94: =HLOOKUP($CI$6,$CY$4:$DC$145,DE94,TRUE) -> 0 | DE94: 91 | DF94: =IF($CI$5=CX94,DD94,0) -> 0
CX95: =견적관리자용!$S$17 -> 화물(4.6톤 이상) | CY95: 0 | CZ95: 0.03 | DA95: 0.03 | DB95: 0.03 | DC95: 0.03 | DD95: =HLOOKUP($CI$6,$CY$4:$DC$145,DE95,TRUE) -> 0 | DE95: 92 | DF95: =IF($CI$5=CX95,DD95,0) -> 0
CW96: 경기 | CX96: =견적관리자용!$S$8 -> 승용일반 | CY96: 0 | CZ96: =IF($CI$9>50000000,6%,0%) -> 0.06 | DA96: =IF($CI$9>50000000,6%,0%) -> 0.06 | DB96: =IF($CI$9>50000000,8%,0%) -> 0.08 | DC96: 0.12 | DD96: =HLOOKUP($CI$6,$CY$4:$DC$145,DE96,TRUE) -> 0 | DE96: 93 | DF96: =IF($CI$5=CX96,DD96,0) -> 0 | DG96: =SUM(DF96:DF105) -> 0
CX97: =견적관리자용!$S$9 -> 승용SUV(~5인) | CY97: 0 | CZ97: =IF($CI$9>50000000,6%,0%) -> 0.06 | DA97: =IF($CI$9>50000000,6%,0%) -> 0.06 | DB97: =IF($CI$9>50000000,8%,0%) -> 0.08 | DC97: 0.12 | DD97: =HLOOKUP($CI$6,$CY$4:$DC$145,DE97,TRUE) -> 0 | DE97: 94 | DF97: =IF($CI$5=CX97,DD97,0) -> 0
CX98: =견적관리자용!$S$10 -> 승용SUV(7~10인) | CY98: 0 | CZ98: 0.06 | DA98: 0.06 | DB98: 0.08 | DC98: 0.12 | DD98: =HLOOKUP($CI$6,$CY$4:$DC$145,DE98,TRUE) -> 0 | DE98: 95 | DF98: =IF($CI$5=CX98,DD98,0) -> 0
CX99: =견적관리자용!$S$11 -> 승합(11~15인) | CY99: 0 | CZ99: 0.03 | DA99: 0.03 | DB99: 0.03 | DC99: 0.03 | DD99: =HLOOKUP($CI$6,$CY$4:$DC$145,DE99,TRUE) -> 0 | DE99: 96 | DF99: =IF($CI$5=CX99,DD99,0) -> 0
CX100: =견적관리자용!$S$12 -> 화물(1000cc 미만) | CY100: 0 | CZ100: 0 | DA100: 0 | DB100: 0 | DC100: 0 | DD100: =HLOOKUP($CI$6,$CY$4:$DC$145,DE100,TRUE) -> 0 | DE100: 97 | DF100: =IF($CI$5=CX100,DD100,0) -> 0
CX101: =견적관리자용!$S$13 -> 화물(0.6톤 미만) | CY101: 0 | CZ101: 0.015 | DA101: 0.015 | DB101: 0.015 | DC101: 0.015 | DD101: =HLOOKUP($CI$6,$CY$4:$DC$145,DE101,TRUE) -> 0 | DE101: 98 | DF101: =IF($CI$5=CX101,DD101,0) -> 0
...

Sheet 유입경로확인서(작성필수)

Sheet 견적관리자용
D4: 견적관리자용 PAGE
E7: 운영 IRR | F7: 운용 | H7: 금융 | J7: 할부 오토론 | L7: 제휴수수료 | M7: 운용 | O7: 금융 | Q7: 할부 | S7: 차종구분
F8: 당사명의 | G8: 이용자명의 | H8: 당사명의 | I8: 이용자명의 | M8: 당사명의 | N8: 이용자명의 | O8: 당사명의 | P8: 이용자명의 | S8: 승용일반
E9: BENZ | F9: 0.048 | G9: 0.1 | H9: 0.1 | I9: 0.1 | J9: 0.1 | L9: 운영 IRR 반영 | M9: 반영 | O9: 반영 | Q9: 반영 | S9: 승용SUV(~5인)
E10: BMW | F10: 0.048 | G10: 0.1 | H10: 0.1 | I10: 0.1 | J10: 0.1 | L10: 입력 방식 | M10: 요율 | N10: 요율 | O10: 요율 | P10: 요율 | Q10: 요율+금액 | S10: 승용SUV(7~10인) | X10: ● 제휴수수료
E11: AUDI | F11: 0.048 | G11: 0.1 | H11: 0.1 | I11: 0.1 | J11: 0.1 | L11: 요율 입력 | M11: =+IF(OR(운용리스!$BY$5="한성자동차"),#REF!,IF(운용리스!$BY$5="KCC오토",$G$55,IF(운용리스!$BY$5="진모터스",$G$57,IF(운용리스!$BY$5="고진모터스",$G$58,IF(운용리스!$BY$5="유카로오토모빌",$G$59,IF(운용리스!$BY$5="태안모터스",$G$60,IF(운용리스!$BY$5="한서모터스",$G$61,IF(운용리스!$BY$5="클라쎄오토",$G$62,IF(운용리스!$BY$5="아우토플라츠",$G$63,IF(운용리스!$BY$5="마이스터모터스",$G$64,IF(운용리스!$BY$5="케이씨씨모터스",$G$65,IF(운용리스!$BY$5="케이씨씨오토모빌",$G$66,IF(운용리스!$BY$5="아우토슈타트",$G$67,IF(운용리스!$BY$5="렉스모터스",$G$69,IF(운용리스!$BY$5="씨엘모터스",$G$70,IF(운용리스!$BY$5="프리미어모터스",$G$71,IF(운용리스!$BY$5="더파크모터스",$G$72,IF(운용리스!$BY$5="선인자동차",$G$73,IF(운용리스!$BY$5="디에스케이",$G$74,0%))))))))))))))))))) -> 0 | N11: =+IF(OR(운용리스!$BY$5="한성자동차"),#REF!,IF(운용리스!$BY$5="KCC오토",$G$55,IF(운용리스!$BY$5="진모터스",$G$57,IF(운용리스!$BY$5="고진모터스",$G$58,IF(운용리스!$BY$5="유카로오토모빌",$G$59,IF(운용리스!$BY$5="태안모터스",$G$60,IF(운용리스!$BY$5="한서모터스",$G$61,IF(운용리스!$BY$5="클라쎄오토",$G$62,IF(운용리스!$BY$5="아우토플라츠",$G$63,IF(운용리스!$BY$5="마이스터모터스",$G$64,IF(운용리스!$BY$5="케이씨씨모터스",$G$65,IF(운용리스!$BY$5="케이씨씨오토모빌",$G$66,IF(운용리스!$BY$5="아우토슈타트",$G$67,IF(운용리스!$BY$5="렉스모터스",$G$69,IF(운용리스!$BY$5="씨엘모터스",$G$70,IF(운용리스!$BY$5="프리미어모터스",$G$71,IF(운용리스!$BY$5="더파크모터스",$G$72,IF(운용리스!$BY$5="선인자동차",$G$73,IF(운용리스!$BY$5="디에스케이",$G$74,0%))))))))))))))))))) -> 0 | O11: =+IF(OR(금융리스!$BY$5="한성자동차"),#REF!,IF(금융리스!$BY$5="KCC오토",$H$55,IF(금융리스!$BY$5="진모터스",$H$57,IF(금융리스!$BY$5="고진모터스",$H$58,IF(금융리스!$BY$5="유카로오토모빌",$H$59,IF(금융리스!$BY$5="태안모터스",$H$60,IF(금융리스!$BY$5="한서모터스",$H$61,IF(금융리스!$BY$5="클라쎄오토",$H$62,IF(금융리스!$BY$5="아우토플라츠",$H$63,IF(금융리스!$BY$5="마이스터모터스",$H$64,IF(금융리스!$BY$5="케이씨씨모터스",$H$65,IF(금융리스!$BY$5="케이씨씨오토모빌",$H$66,IF(금융리스!$BY$5="아우토슈타트",$H$67,IF(금융리스!$BY$5="렉스모터스",$H$69,IF(금융리스!$BY$5="씨엘모터스",$H$70,IF(금융리스!$BY$5="프리미어모터스",$H$71,IF(금융리스!$BY$5="더파크모터스",$H$72,IF(금융리스!$BY$5="선인자동차",$H$73,IF(금융리스!$BY$5="디에스케이",$H$74,0%))))))))))))))))))) -> 0 | P11: =+IF(OR(금융리스!$BY$5="한성자동차"),#REF!,IF(금융리스!$BY$5="KCC오토",$H$55,IF(금융리스!$BY$5="진모터스",$H$57,IF(금융리스!$BY$5="고진모터스",$H$58,IF(금융리스!$BY$5="유카로오토모빌",$H$59,IF(금융리스!$BY$5="태안모터스",$H$60,IF(금융리스!$BY$5="한서모터스",$H$61,IF(금융리스!$BY$5="클라쎄오토",$H$62,IF(금융리스!$BY$5="아우토플라츠",$H$63,IF(금융리스!$BY$5="마이스터모터스",$H$64,IF(금융리스!$BY$5="케이씨씨모터스",$H$65,IF(금융리스!$BY$5="케이씨씨오토모빌",$H$66,IF(금융리스!$BY$5="아우토슈타트",$H$67,IF(금융리스!$BY$5="렉스모터스",$H$69,IF(금융리스!$BY$5="씨엘모터스",$H$70,IF(금융리스!$BY$5="프리미어모터스",$H$71,IF(금융리스!$BY$5="더파크모터스",$H$72,IF(금융리스!$BY$5="선인자동차",$H$73,IF(금융리스!$BY$5="디에스케이",$H$74,0%))))))))))))))))))) -> 0 | Q11: =+IF(OR(할부오토론!$BY$5="한성자동차"),#REF!,IF(할부오토론!$BY$5="KCC오토",$I$55,IF(할부오토론!$BY$5="진모터스",$I$57,IF(할부오토론!$BY$5="고진모터스",$I$58,IF(할부오토론!$BY$5="유카로오토모빌",$I$59,IF(할부오토론!$BY$5="태안모터스",$I$60,IF(할부오토론!$BY$5="한서모터스",$I$61,IF(할부오토론!$BY$5="클라쎄오토",$I$62,IF(할부오토론!$BY$5="아우토플라츠",$I$63,IF(할부오토론!$BY$5="마이스터모터스",$I$64,IF(할부오토론!$BY$5="케이씨씨모터스",$I$65,IF(할부오토론!$BY$5="케이씨씨오토모빌",$I$66,IF(할부오토론!$BY$5="아우토슈타트",$I$67,IF(할부오토론!$BY$5="렉스모터스",$I$69,IF(할부오토론!$BY$5="씨엘모터스",$I$70,IF(할부오토론!$BY$5="프리미어모터스",$I$71,IF(할부오토론!$BY$5="더파크모터스",$I$72,IF(할부오토론!$BY$5="선인자동차",$I$73,IF(할부오토론!$BY$5="디에스케이",$I$74,0%))))))))))))))))))) -> 0 | S11: 승합(11~15인) | X11: =IF(OR(M10="요율",M10="요율+금액"),TRUE,"") -> TRUE | Y11: =IF(OR(N10="요율",N10="요율+금액"),TRUE,"") -> TRUE | Z11: =IF(OR(O10="요율",O10="요율+금액"),TRUE,"") -> TRUE | AA11: =IF(OR(P10="요율",P10="요율+금액"),TRUE,"") -> TRUE | AB11: =IF(OR(Q10="요율",Q10="요율+금액"),TRUE,"") -> TRUE
E12: Volkswagen | F12: 0.048 | G12: 0.1 | H12: 0.1 | I12: 0.1 | J12: 0.1 | L12: 금액 입력 | M12: 0 | N12: 0 | O12: 0 | P12: 0 | Q12: 0 | S12: 화물(1000cc 미만) | X12: =IF(OR(M10="금액",M10="요율+금액"),TRUE,"") | Y12: =IF(OR(N10="금액",N10="요율+금액"),TRUE,"") | Z12: =IF(OR(O10="금액",O10="요율+금액"),TRUE,"") | AA12: =IF(OR(P10="금액",P10="요율+금액"),TRUE,"") | AB12: =IF(OR(Q10="금액",Q10="요율+금액"),TRUE,"") -> TRUE
E13: LEXUS | F13: 0.048 | G13: 0.1 | H13: 0.1 | I13: 0.1 | J13: 0.1 | L13: Ex) 운영 IRR 4%이고 운영 IRR 반영 선택한 경우, 실제 IRR 4%임. 미반영시 실제 IRR 하락 | S13: 화물(0.6톤 미만)
E14: HONDA | F14: 0.048 | G14: 0.1 | H14: 0.1 | I14: 0.1 | J14: 0.1 | S14: 화물(0.6~1톤 미만)
E15: VOLVO | F15: 0.048 | G15: 0.1 | H15: 0.1 | I15: 0.1 | J15: 0.1 | L15: 기타비용(고객제외) | M15: 운용 | O15: 금융 | Q15: 할부 | S15: 화물(1~2.5톤 미만)
E16: CADILLAC | F16: 0.048 | G16: 0.1 | H16: 0.1 | I16: 0.1 | J16: 0.1 | M16: 당사명의 | N16: 이용자명의 | O16: 당사명의 | P16: 이용자명의 | S16: 화물(2.5~4.6톤 미만)
E17: FORD | F17: 0.048 | G17: 0.1 | H17: 0.1 | I17: 0.1 | J17: 0.1 | L17: 운영 IRR 반영 | M17: 미반영 | O17: 반영 | Q17: 반영 | S17: 화물(4.6톤 이상)
E18: LINCOLN | F18: 0.048 | G18: 0.1 | H18: 0.1 | I18: 0.1 | J18: 0.1 | L18: 입력 방식 | M18: 요율+금액 | N18: 요율 | O18: 요율 | P18: 요율+금액 | Q18: 요율+금액 | X18: ● 기타비용
E19: Jeep | F19: 0.048 | G19: 0.1 | H19: 0.1 | I19: 0.1 | J19: 0.1 | L19: 요율 입력 | M19: 0 | N19: 0 | O19: 0 | P19: 0 | Q19: 0 | X19: =IF(OR(M18="요율",M18="요율+금액"),TRUE,"") -> TRUE | Y19: =IF(OR(N18="요율",N18="요율+금액"),TRUE,"") -> TRUE | Z19: =IF(OR(O18="요율",O18="요율+금액"),TRUE,"") -> TRUE | AA19: =IF(OR(P18="요율",P18="요율+금액"),TRUE,"") -> TRUE | AB19: =IF(OR(Q18="요율",Q18="요율+금액"),TRUE,"") -> TRUE
E20: PEUGEOT | F20: 0.048 | G20: 0.1 | H20: 0.1 | I20: 0.1 | J20: 0.1 | L20: 금액 입력 | M20: 0 | N20: 0 | O20: 0 | P20: 0 | Q20: 0 | S20: 상한율 설정 (차량가/원금기준) | X20: =IF(OR(M18="금액",M18="요율+금액"),TRUE,"") -> TRUE | Y20: =IF(OR(N18="금액",N18="요율+금액"),TRUE,"") | Z20: =IF(OR(O18="금액",O18="요율+금액"),TRUE,"") | AA20: =IF(OR(P18="금액",P18="요율+금액"),TRUE,"") -> TRUE | AB20: =IF(OR(Q18="금액",Q18="요율+금액"),TRUE,"") -> TRUE
E21: Citroen | F21: 0.048 | G21: 0.1 | H21: 0.1 | I21: 0.1 | J21: 0.1 | L21: *제휴/CM/AG수수료, 설정비용, 잔가보장수수료, 인지세, 용품 이외의 비용 있는 경우 사용 | S21: 보증+선납 | T21: 0.5
E22: TOYOTA | F22: 0.048 | G22: 0.1 | H22: 0.1 | I22: 0.1 | J22: 0.1 | S22: 보증+선납+잔가 | T22: 1
E23: PORSCHE | F23: 0.048 | G23: 0.1 | H23: 0.1 | I23: 0.1 | J23: 0.1 | L23: 용품/서비스 | O23: 운영 IRR 반영여부 | S23: 유예 | T23: 0
E24: Jaguar_Landrover | F24: 0.048 | G24: 0.1 | H24: 0.1 | I24: 0.1 | J24: 0.1 | L24: 운용 | M24: 비용 | O24: 인지세 | Q24: 반영
E25: Lamborghini | F25: 0.048 | G25: 0.1 | H25: 0.1 | I25: 0.1 | J25: 0.1 | L25: - | M25: 0 | O25: 이용자명의리스 설정비 | Q25: 반영 | S25: 이용자명의리스 설정조건
E26: MASERATI | F26: 0.048 | G26: 0.1 | H26: 0.1 | I26: 0.1 | J26: 0.1 | M26: =+운용리스!$K$14*견적관리자용!N26 -> 0 | O26: 할부 설정비 | Q26: 반영 | S26: 취득원가의 | T26: 1
E27: Bentley | F27: 0.048 | G27: 0.1 | H27: 0.1 | I27: 0.1 | J27: 0.1 | M27: =+운용리스!$K$14*견적관리자용!N27 -> 0
E28: Chevrolet | F28: 0.048 | G28: 0.1 | H28: 0.1 | I28: 0.1 | J28: 0.1 | O28: 제한여부
E29: Ferrari | F29: 0.048 | G29: 0.1 | H29: 0.1 | I29: 0.1 | J29: 0.1
E30: MINI | F30: 0.048 | G30: 0.1 | H30: 0.1 | I30: 0.1 | J30: 0.1 | O30: 고잔가 | Q30: DB적용 | R30: *DB적용 : 차량DB 고잔가 Y 모델만 가능
E31: ASTON_MARTIN | F31: 0.048 | G31: 0.1 | H31: 0.1 | I31: 0.1 | J31: 0.1 | L31: 금융 | M31: 비용
E32: McLaren | F32: 0.048 | G32: 0.1 | H32: 0.1 | I32: 0.1 | J32: 0.1 | L32: - | M32: 0
E33: Rolls_Royce | F33: 0.048 | G33: 0.065 | H33: 0.065 | I33: 0.065 | J33: 0.065 | M33: =+금융리스!$K$14*견적관리자용!N33 -> 0
M34: =+금융리스!$K$14*견적관리자용!N34 -> 0 | O34: 최소잔가(차량계산서가 기준) | S34: 상한금액
O35: 12 | Q35: 0.5 | S35: 기타부대비 | T35: 0
O36: 24 | Q36: 0.4 | S36: 탁송료 | T36: 500000
O37: 36 | Q37: 0.3 | S37: 공채할인율 | T37: 0.18
E38: Max Fee | F38: 운용 | L38: 할부 | M38: 비용 | O38: 48 | Q38: 0.2
F39: 당사명의 | G39: 이용자명의 | L39: - | M39: 0 | O39: 60 | Q39: 0.15
E40: CM | F40: =12%*1.1 -> 0.132 | G40: =12%*1.1 -> 0.132 | M40: =+할부오토론!$K$18*견적관리자용!N40 -> #VALUE!
E41: Total | F41: =12%*1.1 -> 0.132 | G41: =12%*1.1 -> 0.132 | M41: =+할부오토론!$K$18*견적관리자용!N41 -> #VALUE! | O41: 주행거리
E42: *금융리스,할부는 법정 상한선 적용 | O42: 35000
E43: *본 견적상 모든 수수료는 세 포함 | O43: 30000
O44: 20000
L45: *비용은 운영 IRR 반영시에만 입력 | O45: 10000
E46: 수납계좌 | F46: 우리은행 | G46: XXXX-XXXXX | I46: 엠캐피탈㈜ | L46: *국산차 탁송/대행업체 용품은 별도
F51: 면제여부 | G51: =운용리스!CE8 -> FALSE | H51: =금융리스!CE8 -> FALSE | I51: =할부오토론!CE7 -> FALSE
G53: 운용 | H53: 금융 | I53: 할부 | J53: 기간
F54: 비제휴사 | L54: 개월(운용) | M54: 30% 미만 | N54: 30% 이하 | O54: 35% 이하 | P54: 40% 이하 | Q54: 45% 이하 | S54: 50% 이하
C55: 취득원가 | E55: BENZ | F55: KCC오토 | G55: 0.011 | H55: 0.0055 | I55: 0.0055 | L55: 36M | M55: 0 | N55: 0 | O55: 0 | P55: 0 | Q55: 0 | S55: 0
C56: MSRP | F56: KCC면제 | G56: 0 | H56: 0 | I56: 0 | L56: 48M | M56: 0 | N56: 0 | O56: 0 | P56: 0 | Q56: 0 | S56: 0
M57: 0 | N57: 0 | O57: 0 | P57: 0 | Q57: 0 | S57: 0
L58: 60M | M58: 0 | N58: 0 | O58: 0 | P58: 0 | Q58: 0 | S58: 0

Sheet 차량DB
J1: 2.5만km/연
F3: 1 | G3: 2 | H3: 3 | I3: 4 | J3: 5 | K3: 6 | L3: 7 | M3: 8 | N3: 9 | O3: 10 | P3: 11 | Q3: 12 | R3: 13 | S3: 14 | T3: 15 | U3: 16 | V3: 17 | W3: 18 | X3: 19 | Y3: 20 | Z3: 21 | AA3: 22 | AB3: 23 | AC3: 24 | AD3: 25 | AE3: 26 | AF3: 27 | AG3: 28 | AH3: 29 | AI3: 30 | AJ3: 31 | AK3: 32 | AL3: 33
R4: =운용리스!AG15 -> 20000 | T4: A-standard | U4: 30000 | Y4: B-standard | Z4: 20000 | AA4: 48 | AE4: C-standard
D5: SEQ | E5: BRAND | F5: MODEL | G5: 배기량 | H5: 차종분류 | I5: 차량가 | J5: 12 | K5: 24 | L5: 36 | M5: 48 | N5: 60 | O5: 비고1 | P5: 고잔가가능시 Y | Q5: 하이브리드 Y | R5: 잔가프로모션 | S5: 에스앤케이모터스 | T5: 12 | U5: 24 | V5: 36 | W5: 48 | X5: 60 | Y5: APS | Z5: 12 | AA5: 24 | AB5: 36 | AC5: 48 | AD5: 60 | AE5: 차봇 | AF5: 기본 12개월 | AG5: 기본 24개월 | AH5: 기본 36개월 | AI5: 기본 48개월 | AJ5: 기본 60개월 | AK5: B프로모션 | AL5: C프로모션
E6: AUDI | F6: A3 40 TFSI | G6: 1984 | H6: 승용일반 | I6: 42320000 | P6: Y | R6: 0 | S6: P | Z6: =IFERROR(INDEX(잔가map!$C$14:$AR$18,MATCH(차량DB!$Z$5,잔가map!$B$14:$B$18,0),MATCH(차량DB!Y6,잔가map!$C$13:$AR$13,0)),"") | AA6: =IFERROR(INDEX(잔가map!$C$14:$AR$18,MATCH(차량DB!$AA$5,잔가map!$B$14:$B$18,0),MATCH(차량DB!Y6,잔가map!$C$13:$AR$13,0)),"") | AB6: =IFERROR(INDEX(잔가map!$C$14:$AR$18,MATCH(차량DB!$AB$5,잔가map!$B$14:$B$18,0),MATCH(차량DB!Y6,잔가map!$C$13:$AR$13,0)),"") | AC6: =IFERROR(INDEX(잔가map!$C$14:$AR$18,MATCH(차량DB!$AC$5,잔가map!$B$14:$B$18,0),MATCH(차량DB!Y6,잔가map!$C$13:$AR$13,0)),"") | AD6: =IFERROR(INDEX(잔가map!$C$14:$AR$18,MATCH(차량DB!$AD$5,잔가map!$B$14:$B$18,0),MATCH(차량DB!Y6,잔가map!$C$13:$AR$13,0)),"")
E7: AUDI | F7: A3 40 TFSI Premium | G7: 1984 | H7: 승용일반 | I7: 46400000 | P7: Y | R7: 0 | S7: P | Z7: =IFERROR(INDEX(잔가map!$C$14:$AR$18,MATCH(차량DB!$Z$5,잔가map!$B$14:$B$18,0),MATCH(차량DB!Y7,잔가map!$C$13:$AR$13,0)),"") | AA7: =IFERROR(INDEX(잔가map!$C$14:$AR$18,MATCH(차량DB!$AA$5,잔가map!$B$14:$B$18,0),MATCH(차량DB!Y7,잔가map!$C$13:$AR$13,0)),"") | AB7: =IFERROR(INDEX(잔가map!$C$14:$AR$18,MATCH(차량DB!$AB$5,잔가map!$B$14:$B$18,0),MATCH(차량DB!Y7,잔가map!$C$13:$AR$13,0)),"") | AC7: =IFERROR(INDEX(잔가map!$C$14:$AR$18,MATCH(차량DB!$AC$5,잔가map!$B$14:$B$18,0),MATCH(차량DB!Y7,잔가map!$C$13:$AR$13,0)),"") | AD7: =IFERROR(INDEX(잔가map!$C$14:$AR$18,MATCH(차량DB!$AD$5,잔가map!$B$14:$B$18,0),MATCH(차량DB!Y7,잔가map!$C$13:$AR$13,0)),"")
E8: AUDI | F8: A4 40 TFSI | G8: 1984 | H8: 승용일반 | I8: 54540000 | P8: Y | R8: 0 | S8: P | Z8: =IFERROR(INDEX(잔가map!$C$14:$AR$18,MATCH(차량DB!$Z$5,잔가map!$B$14:$B$18,0),MATCH(차량DB!Y8,잔가map!$C$13:$AR$13,0)),"") | AA8: =IFERROR(INDEX(잔가map!$C$14:$AR$18,MATCH(차량DB!$AA$5,잔가map!$B$14:$B$18,0),MATCH(차량DB!Y8,잔가map!$C$13:$AR$13,0)),"") | AB8: =IFERROR(INDEX(잔가map!$C$14:$AR$18,MATCH(차량DB!$AB$5,잔가map!$B$14:$B$18,0),MATCH(차량DB!Y8,잔가map!$C$13:$AR$13,0)),"") | AC8: =IFERROR(INDEX(잔가map!$C$14:$AR$18,MATCH(차량DB!$AC$5,잔가map!$B$14:$B$18,0),MATCH(차량DB!Y8,잔가map!$C$13:$AR$13,0)),"") | AD8: =IFERROR(INDEX(잔가map!$C$14:$AR$18,MATCH(차량DB!$AD$5,잔가map!$B$14:$B$18,0),MATCH(차량DB!Y8,잔가map!$C$13:$AR$13,0)),"")
E9: AUDI | F9: S3 TFSI | G9: 1984 | H9: 승용일반 | I9: 61370000 | P9: Y | Z9: =IFERROR(INDEX(잔가map!$C$14:$AR$18,MATCH(차량DB!$Z$5,잔가map!$B$14:$B$18,0),MATCH(차량DB!Y9,잔가map!$C$13:$AR$13,0)),"") | AA9: =IFERROR(INDEX(잔가map!$C$14:$AR$18,MATCH(차량DB!$AA$5,잔가map!$B$14:$B$18,0),MATCH(차량DB!Y9,잔가map!$C$13:$AR$13,0)),"") | AB9: =IFERROR(INDEX(잔가map!$C$14:$AR$18,MATCH(차량DB!$AB$5,잔가map!$B$14:$B$18,0),MATCH(차량DB!Y9,잔가map!$C$13:$AR$13,0)),"") | AC9: =IFERROR(INDEX(잔가map!$C$14:$AR$18,MATCH(차량DB!$AC$5,잔가map!$B$14:$B$18,0),MATCH(차량DB!Y9,잔가map!$C$13:$AR$13,0)),"") | AD9: =IFERROR(INDEX(잔가map!$C$14:$AR$18,MATCH(차량DB!$AD$5,잔가map!$B$14:$B$18,0),MATCH(차량DB!Y9,잔가map!$C$13:$AR$13,0)),"")
E10: AUDI | F10: A4 40 TFSI Premium | G10: 1984 | H10: 승용일반 | I10: 60140000 | P10: Y | R10: 0 | S10: P | Z10: =IFERROR(INDEX(잔가map!$C$14:$AR$18,MATCH(차량DB!$Z$5,잔가map!$B$14:$B$18,0),MATCH(차량DB!Y10,잔가map!$C$13:$AR$13,0)),"") | AA10: =IFERROR(INDEX(잔가map!$C$14:$AR$18,MATCH(차량DB!$AA$5,잔가map!$B$14:$B$18,0),MATCH(차량DB!Y10,잔가map!$C$13:$AR$13,0)),"") | AB10: =IFERROR(INDEX(잔가map!$C$14:$AR$18,MATCH(차량DB!$AB$5,잔가map!$B$14:$B$18,0),MATCH(차량DB!Y10,잔가map!$C$13:$AR$13,0)),"") | AC10: =IFERROR(INDEX(잔가map!$C$14:$AR$18,MATCH(차량DB!$AC$5,잔가map!$B$14:$B$18,0),MATCH(차량DB!Y10,잔가map!$C$13:$AR$13,0)),"") | AD10: =IFERROR(INDEX(잔가map!$C$14:$AR$18,MATCH(차량DB!$AD$5,잔가map!$B$14:$B$18,0),MATCH(차량DB!Y10,잔가map!$C$13:$AR$13,0)),"")
E11: AUDI | F11: A4 35 TDI | G11: 1968 | H11: 승용일반 | I11: 60750000 | P11: Y | R11: 0 | S11: P | Z11: =IFERROR(INDEX(잔가map!$C$14:$AR$18,MATCH(차량DB!$Z$5,잔가map!$B$14:$B$18,0),MATCH(차량DB!Y11,잔가map!$C$13:$AR$13,0)),"") | AA11: =IFERROR(INDEX(잔가map!$C$14:$AR$18,MATCH(차량DB!$AA$5,잔가map!$B$14:$B$18,0),MATCH(차량DB!Y11,잔가map!$C$13:$AR$13,0)),"") | AB11: =IFERROR(INDEX(잔가map!$C$14:$AR$18,MATCH(차량DB!$AB$5,잔가map!$B$14:$B$18,0),MATCH(차량DB!Y11,잔가map!$C$13:$AR$13,0)),"") | AC11: =IFERROR(INDEX(잔가map!$C$14:$AR$18,MATCH(차량DB!$AC$5,잔가map!$B$14:$B$18,0),MATCH(차량DB!Y11,잔가map!$C$13:$AR$13,0)),"") | AD11: =IFERROR(INDEX(잔가map!$C$14:$AR$18,MATCH(차량DB!$AD$5,잔가map!$B$14:$B$18,0),MATCH(차량DB!Y11,잔가map!$C$13:$AR$13,0)),"")
E12: AUDI | F12: A4 40 TDI qu. Premium | G12: 1968 | H12: 승용일반 | I12: 66760000 | P12: Y | R12: 0 | S12: P | Z12: =IFERROR(INDEX(잔가map!$C$14:$AR$18,MATCH(차량DB!$Z$5,잔가map!$B$14:$B$18,0),MATCH(차량DB!Y12,잔가map!$C$13:$AR$13,0)),"") | AA12: =IFERROR(INDEX(잔가map!$C$14:$AR$18,MATCH(차량DB!$AA$5,잔가map!$B$14:$B$18,0),MATCH(차량DB!Y12,잔가map!$C$13:$AR$13,0)),"") | AB12: =IFERROR(INDEX(잔가map!$C$14:$AR$18,MATCH(차량DB!$AB$5,잔가map!$B$14:$B$18,0),MATCH(차량DB!Y12,잔가map!$C$13:$AR$13,0)),"") | AC12: =IFERROR(INDEX(잔가map!$C$14:$AR$18,MATCH(차량DB!$AC$5,잔가map!$B$14:$B$18,0),MATCH(차량DB!Y12,잔가map!$C$13:$AR$13,0)),"") | AD12: =IFERROR(INDEX(잔가map!$C$14:$AR$18,MATCH(차량DB!$AD$5,잔가map!$B$14:$B$18,0),MATCH(차량DB!Y12,잔가map!$C$13:$AR$13,0)),"")
E13: AUDI | F13: A4 45 TFSI qu. Premium | G13: 1984 | H13: 승용일반 | I13: 67780000 | P13: Y | R13: 0 | S13: P | Z13: =IFERROR(INDEX(잔가map!$C$14:$AR$18,MATCH(차량DB!$Z$5,잔가map!$B$14:$B$18,0),MATCH(차량DB!Y13,잔가map!$C$13:$AR$13,0)),"") | AA13: =IFERROR(INDEX(잔가map!$C$14:$AR$18,MATCH(차량DB!$AA$5,잔가map!$B$14:$B$18,0),MATCH(차량DB!Y13,잔가map!$C$13:$AR$13,0)),"") | AB13: =IFERROR(INDEX(잔가map!$C$14:$AR$18,MATCH(차량DB!$AB$5,잔가map!$B$14:$B$18,0),MATCH(차량DB!Y13,잔가map!$C$13:$AR$13,0)),"") | AC13: =IFERROR(INDEX(잔가map!$C$14:$AR$18,MATCH(차량DB!$AC$5,잔가map!$B$14:$B$18,0),MATCH(차량DB!Y13,잔가map!$C$13:$AR$13,0)),"") | AD13: =IFERROR(INDEX(잔가map!$C$14:$AR$18,MATCH(차량DB!$AD$5,잔가map!$B$14:$B$18,0),MATCH(차량DB!Y13,잔가map!$C$13:$AR$13,0)),"")
E14: AUDI | F14: S4 TFSI | G14: 2995 | H14: 승용일반 | I14: 84080000 | P14: Y | R14: 0 | Z14: =IFERROR(INDEX(잔가map!$C$14:$AR$18,MATCH(차량DB!$Z$5,잔가map!$B$14:$B$18,0),MATCH(차량DB!Y14,잔가map!$C$13:$AR$13,0)),"") | AA14: =IFERROR(INDEX(잔가map!$C$14:$AR$18,MATCH(차량DB!$AA$5,잔가map!$B$14:$B$18,0),MATCH(차량DB!Y14,잔가map!$C$13:$AR$13,0)),"") | AB14: =IFERROR(INDEX(잔가map!$C$14:$AR$18,MATCH(차량DB!$AB$5,잔가map!$B$14:$B$18,0),MATCH(차량DB!Y14,잔가map!$C$13:$AR$13,0)),"") | AC14: =IFERROR(INDEX(잔가map!$C$14:$AR$18,MATCH(차량DB!$AC$5,잔가map!$B$14:$B$18,0),MATCH(차량DB!Y14,잔가map!$C$13:$AR$13,0)),"") | AD14: =IFERROR(INDEX(잔가map!$C$14:$AR$18,MATCH(차량DB!$AD$5,잔가map!$B$14:$B$18,0),MATCH(차량DB!Y14,잔가map!$C$13:$AR$13,0)),"")
E15: AUDI | F15: A5 SB 40 TFSI qu. | G15: 1984 | H15: 승용일반 | I15: 60950000 | P15: Y | R15: 0 | S15: P | Z15: =IFERROR(INDEX(잔가map!$C$14:$AR$18,MATCH(차량DB!$Z$5,잔가map!$B$14:$B$18,0),MATCH(차량DB!Y15,잔가map!$C$13:$AR$13,0)),"") | AA15: =IFERROR(INDEX(잔가map!$C$14:$AR$18,MATCH(차량DB!$AA$5,잔가map!$B$14:$B$18,0),MATCH(차량DB!Y15,잔가map!$C$13:$AR$13,0)),"") | AB15: =IFERROR(INDEX(잔가map!$C$14:$AR$18,MATCH(차량DB!$AB$5,잔가map!$B$14:$B$18,0),MATCH(차량DB!Y15,잔가map!$C$13:$AR$13,0)),"") | AC15: =IFERROR(INDEX(잔가map!$C$14:$AR$18,MATCH(차량DB!$AC$5,잔가map!$B$14:$B$18,0),MATCH(차량DB!Y15,잔가map!$C$13:$AR$13,0)),"") | AD15: =IFERROR(INDEX(잔가map!$C$14:$AR$18,MATCH(차량DB!$AD$5,잔가map!$B$14:$B$18,0),MATCH(차량DB!Y15,잔가map!$C$13:$AR$13,0)),"")
E16: AUDI | F16: A5 SB 40 TFSI qu. Premium | G16: 1984 | H16: 승용일반 | I16: 98090000 | P16: Y | R16: 0 | S16: P | Z16: =IFERROR(INDEX(잔가map!$C$14:$AR$18,MATCH(차량DB!$Z$5,잔가map!$B$14:$B$18,0),MATCH(차량DB!Y16,잔가map!$C$13:$AR$13,0)),"") | AA16: =IFERROR(INDEX(잔가map!$C$14:$AR$18,MATCH(차량DB!$AA$5,잔가map!$B$14:$B$18,0),MATCH(차량DB!Y16,잔가map!$C$13:$AR$13,0)),"") | AB16: =IFERROR(INDEX(잔가map!$C$14:$AR$18,MATCH(차량DB!$AB$5,잔가map!$B$14:$B$18,0),MATCH(차량DB!Y16,잔가map!$C$13:$AR$13,0)),"") | AC16: =IFERROR(INDEX(잔가map!$C$14:$AR$18,MATCH(차량DB!$AC$5,잔가map!$B$14:$B$18,0),MATCH(차량DB!Y16,잔가map!$C$13:$AR$13,0)),"") | AD16: =IFERROR(INDEX(잔가map!$C$14:$AR$18,MATCH(차량DB!$AD$5,잔가map!$B$14:$B$18,0),MATCH(차량DB!Y16,잔가map!$C$13:$AR$13,0)),"")
E17: AUDI | F17: A5 SB 45 TFSI qu. Premium | G17: 1984 | H17: 승용일반 | I17: 71140000 | P17: Y | R17: 0 | S17: P | Z17: =IFERROR(INDEX(잔가map!$C$14:$AR$18,MATCH(차량DB!$Z$5,잔가map!$B$14:$B$18,0),MATCH(차량DB!Y17,잔가map!$C$13:$AR$13,0)),"") | AA17: =IFERROR(INDEX(잔가map!$C$14:$AR$18,MATCH(차량DB!$AA$5,잔가map!$B$14:$B$18,0),MATCH(차량DB!Y17,잔가map!$C$13:$AR$13,0)),"") | AB17: =IFERROR(INDEX(잔가map!$C$14:$AR$18,MATCH(차량DB!$AB$5,잔가map!$B$14:$B$18,0),MATCH(차량DB!Y17,잔가map!$C$13:$AR$13,0)),"") | AC17: =IFERROR(INDEX(잔가map!$C$14:$AR$18,MATCH(차량DB!$AC$5,잔가map!$B$14:$B$18,0),MATCH(차량DB!Y17,잔가map!$C$13:$AR$13,0)),"") | AD17: =IFERROR(INDEX(잔가map!$C$14:$AR$18,MATCH(차량DB!$AD$5,잔가map!$B$14:$B$18,0),MATCH(차량DB!Y17,잔가map!$C$13:$AR$13,0)),"")
E18: AUDI | F18: A5 SB 40 TDI qu. Premium | G18: 1968 | H18: 승용일반 | I18: 70120000 | P18: Y | R18: 0 | S18: P | Z18: =IFERROR(INDEX(잔가map!$C$14:$AR$18,MATCH(차량DB!$Z$5,잔가map!$B$14:$B$18,0),MATCH(차량DB!Y18,잔가map!$C$13:$AR$13,0)),"") | AA18: =IFERROR(INDEX(잔가map!$C$14:$AR$18,MATCH(차량DB!$AA$5,잔가map!$B$14:$B$18,0),MATCH(차량DB!Y18,잔가map!$C$13:$AR$13,0)),"") | AB18: =IFERROR(INDEX(잔가map!$C$14:$AR$18,MATCH(차량DB!$AB$5,잔가map!$B$14:$B$18,0),MATCH(차량DB!Y18,잔가map!$C$13:$AR$13,0)),"") | AC18: =IFERROR(INDEX(잔가map!$C$14:$AR$18,MATCH(차량DB!$AC$5,잔가map!$B$14:$B$18,0),MATCH(차량DB!Y18,잔가map!$C$13:$AR$13,0)),"") | AD18: =IFERROR(INDEX(잔가map!$C$14:$AR$18,MATCH(차량DB!$AD$5,잔가map!$B$14:$B$18,0),MATCH(차량DB!Y18,잔가map!$C$13:$AR$13,0)),"")
E19: AUDI | F19: A5 Coupe 45 TFSI qu. Premium | G19: 1984 | H19: 승용일반 | I19: 72770000 | P19: Y | R19: 0 | S19: P | Z19: =IFERROR(INDEX(잔가map!$C$14:$AR$18,MATCH(차량DB!$Z$5,잔가map!$B$14:$B$18,0),MATCH(차량DB!Y19,잔가map!$C$13:$AR$13,0)),"") | AA19: =IFERROR(INDEX(잔가map!$C$14:$AR$18,MATCH(차량DB!$AA$5,잔가map!$B$14:$B$18,0),MATCH(차량DB!Y19,잔가map!$C$13:$AR$13,0)),"") | AB19: =IFERROR(INDEX(잔가map!$C$14:$AR$18,MATCH(차량DB!$AB$5,잔가map!$B$14:$B$18,0),MATCH(차량DB!Y19,잔가map!$C$13:$AR$13,0)),"") | AC19: =IFERROR(INDEX(잔가map!$C$14:$AR$18,MATCH(차량DB!$AC$5,잔가map!$B$14:$B$18,0),MATCH(차량DB!Y19,잔가map!$C$13:$AR$13,0)),"") | AD19: =IFERROR(INDEX(잔가map!$C$14:$AR$18,MATCH(차량DB!$AD$5,잔가map!$B$14:$B$18,0),MATCH(차량DB!Y19,잔가map!$C$13:$AR$13,0)),"")
E20: AUDI | F20: A5 Cab. 45 TFSI qu. Premium | G20: 1984 | H20: 승용일반 | I20: 81840000 | P20: Y | R20: 0 | S20: P | Z20: =IFERROR(INDEX(잔가map!$C$14:$AR$18,MATCH(차량DB!$Z$5,잔가map!$B$14:$B$18,0),MATCH(차량DB!Y20,잔가map!$C$13:$AR$13,0)),"") | AA20: =IFERROR(INDEX(잔가map!$C$14:$AR$18,MATCH(차량DB!$AA$5,잔가map!$B$14:$B$18,0),MATCH(차량DB!Y20,잔가map!$C$13:$AR$13,0)),"") | AB20: =IFERROR(INDEX(잔가map!$C$14:$AR$18,MATCH(차량DB!$AB$5,잔가map!$B$14:$B$18,0),MATCH(차량DB!Y20,잔가map!$C$13:$AR$13,0)),"") | AC20: =IFERROR(INDEX(잔가map!$C$14:$AR$18,MATCH(차량DB!$AC$5,잔가map!$B$14:$B$18,0),MATCH(차량DB!Y20,잔가map!$C$13:$AR$13,0)),"") | AD20: =IFERROR(INDEX(잔가map!$C$14:$AR$18,MATCH(차량DB!$AD$5,잔가map!$B$14:$B$18,0),MATCH(차량DB!Y20,잔가map!$C$13:$AR$13,0)),"")
E21: AUDI | F21: S5 SB TFSI | G21: 2995 | H21: 승용일반 | I21: 86020000 | P21: Y | R21: 0 | Z21: =IFERROR(INDEX(잔가map!$C$14:$AR$18,MATCH(차량DB!$Z$5,잔가map!$B$14:$B$18,0),MATCH(차량DB!Y21,잔가map!$C$13:$AR$13,0)),"") | AA21: =IFERROR(INDEX(잔가map!$C$14:$AR$18,MATCH(차량DB!$AA$5,잔가map!$B$14:$B$18,0),MATCH(차량DB!Y21,잔가map!$C$13:$AR$13,0)),"") | AB21: =IFERROR(INDEX(잔가map!$C$14:$AR$18,MATCH(차량DB!$AB$5,잔가map!$B$14:$B$18,0),MATCH(차량DB!Y21,잔가map!$C$13:$AR$13,0)),"") | AC21: =IFERROR(INDEX(잔가map!$C$14:$AR$18,MATCH(차량DB!$AC$5,잔가map!$B$14:$B$18,0),MATCH(차량DB!Y21,잔가map!$C$13:$AR$13,0)),"") | AD21: =IFERROR(INDEX(잔가map!$C$14:$AR$18,MATCH(차량DB!$AD$5,잔가map!$B$14:$B$18,0),MATCH(차량DB!Y21,잔가map!$C$13:$AR$13,0)),"")
E22: AUDI | F22: S5 Coupe TFSI | G22: 2995 | H22: 승용일반 | I22: 90290000 | P22: Y | R22: 0 | Z22: =IFERROR(INDEX(잔가map!$C$14:$AR$18,MATCH(차량DB!$Z$5,잔가map!$B$14:$B$18,0),MATCH(차량DB!Y22,잔가map!$C$13:$AR$13,0)),"") | AA22: =IFERROR(INDEX(잔가map!$C$14:$AR$18,MATCH(차량DB!$AA$5,잔가map!$B$14:$B$18,0),MATCH(차량DB!Y22,잔가map!$C$13:$AR$13,0)),"") | AB22: =IFERROR(INDEX(잔가map!$C$14:$AR$18,MATCH(차량DB!$AB$5,잔가map!$B$14:$B$18,0),MATCH(차량DB!Y22,잔가map!$C$13:$AR$13,0)),"") | AC22: =IFERROR(INDEX(잔가map!$C$14:$AR$18,MATCH(차량DB!$AC$5,잔가map!$B$14:$B$18,0),MATCH(차량DB!Y22,잔가map!$C$13:$AR$13,0)),"") | AD22: =IFERROR(INDEX(잔가map!$C$14:$AR$18,MATCH(차량DB!$AD$5,잔가map!$B$14:$B$18,0),MATCH(차량DB!Y22,잔가map!$C$13:$AR$13,0)),"")
E23: AUDI | F23: A6 40 TDI | G23: 1968 | H23: 승용일반 | I23: 70720000 | P23: Y | R23: 0 | S23: N | Z23: =IFERROR(INDEX(잔가map!$C$14:$AR$18,MATCH(차량DB!$Z$5,잔가map!$B$14:$B$18,0),MATCH(차량DB!Y23,잔가map!$C$13:$AR$13,0)),"") | AA23: =IFERROR(INDEX(잔가map!$C$14:$AR$18,MATCH(차량DB!$AA$5,잔가map!$B$14:$B$18,0),MATCH(차량DB!Y23,잔가map!$C$13:$AR$13,0)),"") | AB23: =IFERROR(INDEX(잔가map!$C$14:$AR$18,MATCH(차량DB!$AB$5,잔가map!$B$14:$B$18,0),MATCH(차량DB!Y23,잔가map!$C$13:$AR$13,0)),"") | AC23: =IFERROR(INDEX(잔가map!$C$14:$AR$18,MATCH(차량DB!$AC$5,잔가map!$B$14:$B$18,0),MATCH(차량DB!Y23,잔가map!$C$13:$AR$13,0)),"") | AD23: =IFERROR(INDEX(잔가map!$C$14:$AR$18,MATCH(차량DB!$AD$5,잔가map!$B$14:$B$18,0),MATCH(차량DB!Y23,잔가map!$C$13:$AR$13,0)),"")
E24: AUDI | F24: A6 40 TDI Premium | G24: 1968 | H24: 승용일반 | I24: 76830000 | P24: Y | R24: 0 | S24: N | Z24: =IFERROR(INDEX(잔가map!$C$14:$AR$18,MATCH(차량DB!$Z$5,잔가map!$B$14:$B$18,0),MATCH(차량DB!Y24,잔가map!$C$13:$AR$13,0)),"") | AA24: =IFERROR(INDEX(잔가map!$C$14:$AR$18,MATCH(차량DB!$AA$5,잔가map!$B$14:$B$18,0),MATCH(차량DB!Y24,잔가map!$C$13:$AR$13,0)),"") | AB24: =IFERROR(INDEX(잔가map!$C$14:$AR$18,MATCH(차량DB!$AB$5,잔가map!$B$14:$B$18,0),MATCH(차량DB!Y24,잔가map!$C$13:$AR$13,0)),"") | AC24: =IFERROR(INDEX(잔가map!$C$14:$AR$18,MATCH(차량DB!$AC$5,잔가map!$B$14:$B$18,0),MATCH(차량DB!Y24,잔가map!$C$13:$AR$13,0)),"") | AD24: =IFERROR(INDEX(잔가map!$C$14:$AR$18,MATCH(차량DB!$AD$5,잔가map!$B$14:$B$18,0),MATCH(차량DB!Y24,잔가map!$C$13:$AR$13,0)),"")
E25: AUDI | F25: A6 40 TDI qu. Premium | G25: 1968 | H25: 승용일반 | I25: 79890000 | P25: Y | R25: 0 | S25: N | Z25: =IFERROR(INDEX(잔가map!$C$14:$AR$18,MATCH(차량DB!$Z$5,잔가map!$B$14:$B$18,0),MATCH(차량DB!Y25,잔가map!$C$13:$AR$13,0)),"") | AA25: =IFERROR(INDEX(잔가map!$C$14:$AR$18,MATCH(차량DB!$AA$5,잔가map!$B$14:$B$18,0),MATCH(차량DB!Y25,잔가map!$C$13:$AR$13,0)),"") | AB25: =IFERROR(INDEX(잔가map!$C$14:$AR$18,MATCH(차량DB!$AB$5,잔가map!$B$14:$B$18,0),MATCH(차량DB!Y25,잔가map!$C$13:$AR$13,0)),"") | AC25: =IFERROR(INDEX(잔가map!$C$14:$AR$18,MATCH(차량DB!$AC$5,잔가map!$B$14:$B$18,0),MATCH(차량DB!Y25,잔가map!$C$13:$AR$13,0)),"") | AD25: =IFERROR(INDEX(잔가map!$C$14:$AR$18,MATCH(차량DB!$AD$5,잔가map!$B$14:$B$18,0),MATCH(차량DB!Y25,잔가map!$C$13:$AR$13,0)),"")
E26: AUDI | F26: A6 45 TDI qu. Premium | G26: 2967 | H26: 승용일반 | I26: 87430000 | P26: Y | R26: 0 | S26: N | Z26: =IFERROR(INDEX(잔가map!$C$14:$AR$18,MATCH(차량DB!$Z$5,잔가map!$B$14:$B$18,0),MATCH(차량DB!Y26,잔가map!$C$13:$AR$13,0)),"") | AA26: =IFERROR(INDEX(잔가map!$C$14:$AR$18,MATCH(차량DB!$AA$5,잔가map!$B$14:$B$18,0),MATCH(차량DB!Y26,잔가map!$C$13:$AR$13,0)),"") | AB26: =IFERROR(INDEX(잔가map!$C$14:$AR$18,MATCH(차량DB!$AB$5,잔가map!$B$14:$B$18,0),MATCH(차량DB!Y26,잔가map!$C$13:$AR$13,0)),"") | AC26: =IFERROR(INDEX(잔가map!$C$14:$AR$18,MATCH(차량DB!$AC$5,잔가map!$B$14:$B$18,0),MATCH(차량DB!Y26,잔가map!$C$13:$AR$13,0)),"") | AD26: =IFERROR(INDEX(잔가map!$C$14:$AR$18,MATCH(차량DB!$AD$5,잔가map!$B$14:$B$18,0),MATCH(차량DB!Y26,잔가map!$C$13:$AR$13,0)),"")
E27: AUDI | F27: A6 50 TDI qu. Premium | G27: 2967 | H27: 승용일반 | I27: 95570000 | P27: Y | R27: 0 | S27: N | Z27: =IFERROR(INDEX(잔가map!$C$14:$AR$18,MATCH(차량DB!$Z$5,잔가map!$B$14:$B$18,0),MATCH(차량DB!Y27,잔가map!$C$13:$AR$13,0)),"") | AA27: =IFERROR(INDEX(잔가map!$C$14:$AR$18,MATCH(차량DB!$AA$5,잔가map!$B$14:$B$18,0),MATCH(차량DB!Y27,잔가map!$C$13:$AR$13,0)),"") | AB27: =IFERROR(INDEX(잔가map!$C$14:$AR$18,MATCH(차량DB!$AB$5,잔가map!$B$14:$B$18,0),MATCH(차량DB!Y27,잔가map!$C$13:$AR$13,0)),"") | AC27: =IFERROR(INDEX(잔가map!$C$14:$AR$18,MATCH(차량DB!$AC$5,잔가map!$B$14:$B$18,0),MATCH(차량DB!Y27,잔가map!$C$13:$AR$13,0)),"") | AD27: =IFERROR(INDEX(잔가map!$C$14:$AR$18,MATCH(차량DB!$AD$5,잔가map!$B$14:$B$18,0),MATCH(차량DB!Y27,잔가map!$C$13:$AR$13,0)),"")
E28: AUDI | F28: A6 45 TFSI | G28: 1984 | H28: 승용일반 | I28: 72150000 | P28: Y | R28: 0 | S28: N | Z28: =IFERROR(INDEX(잔가map!$C$14:$AR$18,MATCH(차량DB!$Z$5,잔가map!$B$14:$B$18,0),MATCH(차량DB!Y28,잔가map!$C$13:$AR$13,0)),"") | AA28: =IFERROR(INDEX(잔가map!$C$14:$AR$18,MATCH(차량DB!$AA$5,잔가map!$B$14:$B$18,0),MATCH(차량DB!Y28,잔가map!$C$13:$AR$13,0)),"") | AB28: =IFERROR(INDEX(잔가map!$C$14:$AR$18,MATCH(차량DB!$AB$5,잔가map!$B$14:$B$18,0),MATCH(차량DB!Y28,잔가map!$C$13:$AR$13,0)),"") | AC28: =IFERROR(INDEX(잔가map!$C$14:$AR$18,MATCH(차량DB!$AC$5,잔가map!$B$14:$B$18,0),MATCH(차량DB!Y28,잔가map!$C$13:$AR$13,0)),"") | AD28: =IFERROR(INDEX(잔가map!$C$14:$AR$18,MATCH(차량DB!$AD$5,잔가map!$B$14:$B$18,0),MATCH(차량DB!Y28,잔가map!$C$13:$AR$13,0)),"")
E29: AUDI | F29: A6 45 TFSI Premium | G29: 1984 | H29: 승용일반 | I29: 78260000 | P29: Y | R29: 0 | S29: N | Z29: =IFERROR(INDEX(잔가map!$C$14:$AR$18,MATCH(차량DB!$Z$5,잔가map!$B$14:$B$18,0),MATCH(차량DB!Y29,잔가map!$C$13:$AR$13,0)),"") | AA29: =IFERROR(INDEX(잔가map!$C$14:$AR$18,MATCH(차량DB!$AA$5,잔가map!$B$14:$B$18,0),MATCH(차량DB!Y29,잔가map!$C$13:$AR$13,0)),"") | AB29: =IFERROR(INDEX(잔가map!$C$14:$AR$18,MATCH(차량DB!$AB$5,잔가map!$B$14:$B$18,0),MATCH(차량DB!Y29,잔가map!$C$13:$AR$13,0)),"") | AC29: =IFERROR(INDEX(잔가map!$C$14:$AR$18,MATCH(차량DB!$AC$5,잔가map!$B$14:$B$18,0),MATCH(차량DB!Y29,잔가map!$C$13:$AR$13,0)),"") | AD29: =IFERROR(INDEX(잔가map!$C$14:$AR$18,MATCH(차량DB!$AD$5,잔가map!$B$14:$B$18,0),MATCH(차량DB!Y29,잔가map!$C$13:$AR$13,0)),"")
E30: AUDI | F30: A6 45 TFSI qu. Premium | G30: 1984 | H30: 승용일반 | I30: 81320000 | P30: Y | R30: 0 | S30: N | Z30: =IFERROR(INDEX(잔가map!$C$14:$AR$18,MATCH(차량DB!$Z$5,잔가map!$B$14:$B$18,0),MATCH(차량DB!Y30,잔가map!$C$13:$AR$13,0)),"") | AA30: =IFERROR(INDEX(잔가map!$C$14:$AR$18,MATCH(차량DB!$AA$5,잔가map!$B$14:$B$18,0),MATCH(차량DB!Y30,잔가map!$C$13:$AR$13,0)),"") | AB30: =IFERROR(INDEX(잔가map!$C$14:$AR$18,MATCH(차량DB!$AB$5,잔가map!$B$14:$B$18,0),MATCH(차량DB!Y30,잔가map!$C$13:$AR$13,0)),"") | AC30: =IFERROR(INDEX(잔가map!$C$14:$AR$18,MATCH(차량DB!$AC$5,잔가map!$B$14:$B$18,0),MATCH(차량DB!Y30,잔가map!$C$13:$AR$13,0)),"") | AD30: =IFERROR(INDEX(잔가map!$C$14:$AR$18,MATCH(차량DB!$AD$5,잔가map!$B$14:$B$18,0),MATCH(차량DB!Y30,잔가map!$C$13:$AR$13,0)),"")
E31: AUDI | F31: S6 TDI | G31: 2967 | H31: 승용일반 | I31: 116780000 | P31: Y | R31: 0 | Z31: =IFERROR(INDEX(잔가map!$C$14:$AR$18,MATCH(차량DB!$Z$5,잔가map!$B$14:$B$18,0),MATCH(차량DB!Y31,잔가map!$C$13:$AR$13,0)),"") | AA31: =IFERROR(INDEX(잔가map!$C$14:$AR$18,MATCH(차량DB!$AA$5,잔가map!$B$14:$B$18,0),MATCH(차량DB!Y31,잔가map!$C$13:$AR$13,0)),"") | AB31: =IFERROR(INDEX(잔가map!$C$14:$AR$18,MATCH(차량DB!$AB$5,잔가map!$B$14:$B$18,0),MATCH(차량DB!Y31,잔가map!$C$13:$AR$13,0)),"") | AC31: =IFERROR(INDEX(잔가map!$C$14:$AR$18,MATCH(차량DB!$AC$5,잔가map!$B$14:$B$18,0),MATCH(차량DB!Y31,잔가map!$C$13:$AR$13,0)),"") | AD31: =IFERROR(INDEX(잔가map!$C$14:$AR$18,MATCH(차량DB!$AD$5,잔가map!$B$14:$B$18,0),MATCH(차량DB!Y31,잔가map!$C$13:$AR$13,0)),"")
E32: AUDI | F32: A7 45 TDI qu. Premium | G32: 2967 | H32: 승용일반 | I32: 96190000 | P32: Y | R32: 0 | S32: O | Z32: =IFERROR(INDEX(잔가map!$C$14:$AR$18,MATCH(차량DB!$Z$5,잔가map!$B$14:$B$18,0),MATCH(차량DB!Y32,잔가map!$C$13:$AR$13,0)),"") | AA32: =IFERROR(INDEX(잔가map!$C$14:$AR$18,MATCH(차량DB!$AA$5,잔가map!$B$14:$B$18,0),MATCH(차량DB!Y32,잔가map!$C$13:$AR$13,0)),"") | AB32: =IFERROR(INDEX(잔가map!$C$14:$AR$18,MATCH(차량DB!$AB$5,잔가map!$B$14:$B$18,0),MATCH(차량DB!Y32,잔가map!$C$13:$AR$13,0)),"") | AC32: =IFERROR(INDEX(잔가map!$C$14:$AR$18,MATCH(차량DB!$AC$5,잔가map!$B$14:$B$18,0),MATCH(차량DB!Y32,잔가map!$C$13:$AR$13,0)),"") | AD32: =IFERROR(INDEX(잔가map!$C$14:$AR$18,MATCH(차량DB!$AD$5,잔가map!$B$14:$B$18,0),MATCH(차량DB!Y32,잔가map!$C$13:$AR$13,0)),"")
E33: AUDI | F33: A7 50 TDI qu. Premium | G33: 2967 | H33: 승용일반 | I33: 104330000 | P33: Y | R33: 0 | S33: O | Z33: =IFERROR(INDEX(잔가map!$C$14:$AR$18,MATCH(차량DB!$Z$5,잔가map!$B$14:$B$18,0),MATCH(차량DB!Y33,잔가map!$C$13:$AR$13,0)),"") | AA33: =IFERROR(INDEX(잔가map!$C$14:$AR$18,MATCH(차량DB!$AA$5,잔가map!$B$14:$B$18,0),MATCH(차량DB!Y33,잔가map!$C$13:$AR$13,0)),"") | AB33: =IFERROR(INDEX(잔가map!$C$14:$AR$18,MATCH(차량DB!$AB$5,잔가map!$B$14:$B$18,0),MATCH(차량DB!Y33,잔가map!$C$13:$AR$13,0)),"") | AC33: =IFERROR(INDEX(잔가map!$C$14:$AR$18,MATCH(차량DB!$AC$5,잔가map!$B$14:$B$18,0),MATCH(차량DB!Y33,잔가map!$C$13:$AR$13,0)),"") | AD33: =IFERROR(INDEX(잔가map!$C$14:$AR$18,MATCH(차량DB!$AD$5,잔가map!$B$14:$B$18,0),MATCH(차량DB!Y33,잔가map!$C$13:$AR$13,0)),"")
E34: AUDI | F34: A7 55 TFSI e qu. Premium | G34: 1984 | H34: 승용일반 | I34: 104690000 | P34: Y | R34: 0 | S34: O | Z34: =IFERROR(INDEX(잔가map!$C$14:$AR$18,MATCH(차량DB!$Z$5,잔가map!$B$14:$B$18,0),MATCH(차량DB!Y34,잔가map!$C$13:$AR$13,0)),"") | AA34: =IFERROR(INDEX(잔가map!$C$14:$AR$18,MATCH(차량DB!$AA$5,잔가map!$B$14:$B$18,0),MATCH(차량DB!Y34,잔가map!$C$13:$AR$13,0)),"") | AB34: =IFERROR(INDEX(잔가map!$C$14:$AR$18,MATCH(차량DB!$AB$5,잔가map!$B$14:$B$18,0),MATCH(차량DB!Y34,잔가map!$C$13:$AR$13,0)),"") | AC34: =IFERROR(INDEX(잔가map!$C$14:$AR$18,MATCH(차량DB!$AC$5,잔가map!$B$14:$B$18,0),MATCH(차량DB!Y34,잔가map!$C$13:$AR$13,0)),"") | AD34: =IFERROR(INDEX(잔가map!$C$14:$AR$18,MATCH(차량DB!$AD$5,잔가map!$B$14:$B$18,0),MATCH(차량DB!Y34,잔가map!$C$13:$AR$13,0)),"")
E35: AUDI | F35: A7 55 TFSI qu. Premium | G35: 2995 | H35: 승용일반 | I35: 109170000 | P35: Y | R35: 0 | S35: O | Z35: =IFERROR(INDEX(잔가map!$C$14:$AR$18,MATCH(차량DB!$Z$5,잔가map!$B$14:$B$18,0),MATCH(차량DB!Y35,잔가map!$C$13:$AR$13,0)),"") | AA35: =IFERROR(INDEX(잔가map!$C$14:$AR$18,MATCH(차량DB!$AA$5,잔가map!$B$14:$B$18,0),MATCH(차량DB!Y35,잔가map!$C$13:$AR$13,0)),"") | AB35: =IFERROR(INDEX(잔가map!$C$14:$AR$18,MATCH(차량DB!$AB$5,잔가map!$B$14:$B$18,0),MATCH(차량DB!Y35,잔가map!$C$13:$AR$13,0)),"") | AC35: =IFERROR(INDEX(잔가map!$C$14:$AR$18,MATCH(차량DB!$AC$5,잔가map!$B$14:$B$18,0),MATCH(차량DB!Y35,잔가map!$C$13:$AR$13,0)),"") | AD35: =IFERROR(INDEX(잔가map!$C$14:$AR$18,MATCH(차량DB!$AD$5,잔가map!$B$14:$B$18,0),MATCH(차량DB!Y35,잔가map!$C$13:$AR$13,0)),"")
E36: AUDI | F36: S7 TDI | G36: 2967 | H36: 승용일반 | I36: 127180000 | P36: Y | R36: 0 | Z36: =IFERROR(INDEX(잔가map!$C$14:$AR$18,MATCH(차량DB!$Z$5,잔가map!$B$14:$B$18,0),MATCH(차량DB!Y36,잔가map!$C$13:$AR$13,0)),"") | AA36: =IFERROR(INDEX(잔가map!$C$14:$AR$18,MATCH(차량DB!$AA$5,잔가map!$B$14:$B$18,0),MATCH(차량DB!Y36,잔가map!$C$13:$AR$13,0)),"") | AB36: =IFERROR(INDEX(잔가map!$C$14:$AR$18,MATCH(차량DB!$AB$5,잔가map!$B$14:$B$18,0),MATCH(차량DB!Y36,잔가map!$C$13:$AR$13,0)),"") | AC36: =IFERROR(INDEX(잔가map!$C$14:$AR$18,MATCH(차량DB!$AC$5,잔가map!$B$14:$B$18,0),MATCH(차량DB!Y36,잔가map!$C$13:$AR$13,0)),"") | AD36: =IFERROR(INDEX(잔가map!$C$14:$AR$18,MATCH(차량DB!$AD$5,잔가map!$B$14:$B$18,0),MATCH(차량DB!Y36,잔가map!$C$13:$AR$13,0)),"")
E37: AUDI | F37: A8 50 TDI qu. Premium | G37: 2967 | H37: 승용일반 | I37: 144400000 | P37: Y | R37: 0 | S37: Z | Z37: =IFERROR(INDEX(잔가map!$C$14:$AR$18,MATCH(차량DB!$Z$5,잔가map!$B$14:$B$18,0),MATCH(차량DB!Y37,잔가map!$C$13:$AR$13,0)),"") | AA37: =IFERROR(INDEX(잔가map!$C$14:$AR$18,MATCH(차량DB!$AA$5,잔가map!$B$14:$B$18,0),MATCH(차량DB!Y37,잔가map!$C$13:$AR$13,0)),"") | AB37: =IFERROR(INDEX(잔가map!$C$14:$AR$18,MATCH(차량DB!$AB$5,잔가map!$B$14:$B$18,0),MATCH(차량DB!Y37,잔가map!$C$13:$AR$13,0)),"") | AC37: =IFERROR(INDEX(잔가map!$C$14:$AR$18,MATCH(차량DB!$AC$5,잔가map!$B$14:$B$18,0),MATCH(차량DB!Y37,잔가map!$C$13:$AR$13,0)),"") | AD37: =IFERROR(INDEX(잔가map!$C$14:$AR$18,MATCH(차량DB!$AD$5,잔가map!$B$14:$B$18,0),MATCH(차량DB!Y37,잔가map!$C$13:$AR$13,0)),"")
E38: AUDI | F38: A8 L 50 TDI qu. Premium | G38: 2967 | H38: 승용일반 | I38: 154400000 | P38: Y | R38: 0 | S38: Z | Z38: =IFERROR(INDEX(잔가map!$C$14:$AR$18,MATCH(차량DB!$Z$5,잔가map!$B$14:$B$18,0),MATCH(차량DB!Y38,잔가map!$C$13:$AR$13,0)),"") | AA38: =IFERROR(INDEX(잔가map!$C$14:$AR$18,MATCH(차량DB!$AA$5,잔가map!$B$14:$B$18,0),MATCH(차량DB!Y38,잔가map!$C$13:$AR$13,0)),"") | AB38: =IFERROR(INDEX(잔가map!$C$14:$AR$18,MATCH(차량DB!$AB$5,잔가map!$B$14:$B$18,0),MATCH(차량DB!Y38,잔가map!$C$13:$AR$13,0)),"") | AC38: =IFERROR(INDEX(잔가map!$C$14:$AR$18,MATCH(차량DB!$AC$5,잔가map!$B$14:$B$18,0),MATCH(차량DB!Y38,잔가map!$C$13:$AR$13,0)),"") | AD38: =IFERROR(INDEX(잔가map!$C$14:$AR$18,MATCH(차량DB!$AD$5,잔가map!$B$14:$B$18,0),MATCH(차량DB!Y38,잔가map!$C$13:$AR$13,0)),"")
E39: AUDI | F39: A8 L 55 TFSI qu. Premium | G39: 2995 | H39: 승용일반 | I39: 160700000 | P39: Y | R39: 0 | S39: Z | Z39: =IFERROR(INDEX(잔가map!$C$14:$AR$18,MATCH(차량DB!$Z$5,잔가map!$B$14:$B$18,0),MATCH(차량DB!Y39,잔가map!$C$13:$AR$13,0)),"") | AA39: =IFERROR(INDEX(잔가map!$C$14:$AR$18,MATCH(차량DB!$AA$5,잔가map!$B$14:$B$18,0),MATCH(차량DB!Y39,잔가map!$C$13:$AR$13,0)),"") | AB39: =IFERROR(INDEX(잔가map!$C$14:$AR$18,MATCH(차량DB!$AB$5,잔가map!$B$14:$B$18,0),MATCH(차량DB!Y39,잔가map!$C$13:$AR$13,0)),"") | AC39: =IFERROR(INDEX(잔가map!$C$14:$AR$18,MATCH(차량DB!$AC$5,잔가map!$B$14:$B$18,0),MATCH(차량DB!Y39,잔가map!$C$13:$AR$13,0)),"") | AD39: =IFERROR(INDEX(잔가map!$C$14:$AR$18,MATCH(차량DB!$AD$5,잔가map!$B$14:$B$18,0),MATCH(차량DB!Y39,잔가map!$C$13:$AR$13,0)),"")
E40: AUDI | F40: A8 L 60 TFSI qu. (4 Seat) | G40: 3996 | H40: 승용일반 | I40: 199300000 | P40: Y | R40: 0 | S40: Z | Z40: =IFERROR(INDEX(잔가map!$C$14:$AR$18,MATCH(차량DB!$Z$5,잔가map!$B$14:$B$18,0),MATCH(차량DB!Y40,잔가map!$C$13:$AR$13,0)),"") | AA40: =IFERROR(INDEX(잔가map!$C$14:$AR$18,MATCH(차량DB!$AA$5,잔가map!$B$14:$B$18,0),MATCH(차량DB!Y40,잔가map!$C$13:$AR$13,0)),"") | AB40: =IFERROR(INDEX(잔가map!$C$14:$AR$18,MATCH(차량DB!$AB$5,잔가map!$B$14:$B$18,0),MATCH(차량DB!Y40,잔가map!$C$13:$AR$13,0)),"") | AC40: =IFERROR(INDEX(잔가map!$C$14:$AR$18,MATCH(차량DB!$AC$5,잔가map!$B$14:$B$18,0),MATCH(차량DB!Y40,잔가map!$C$13:$AR$13,0)),"") | AD40: =IFERROR(INDEX(잔가map!$C$14:$AR$18,MATCH(차량DB!$AD$5,잔가map!$B$14:$B$18,0),MATCH(차량DB!Y40,잔가map!$C$13:$AR$13,0)),"")
E41: AUDI | F41: A8 L 60 TFSI qu. (5 Seat) | G41: 3996 | H41: 승용일반 | I41: 191300000 | P41: Y | R41: 0 | S41: Z | Z41: =IFERROR(INDEX(잔가map!$C$14:$AR$18,MATCH(차량DB!$Z$5,잔가map!$B$14:$B$18,0),MATCH(차량DB!Y41,잔가map!$C$13:$AR$13,0)),"") | AA41: =IFERROR(INDEX(잔가map!$C$14:$AR$18,MATCH(차량DB!$AA$5,잔가map!$B$14:$B$18,0),MATCH(차량DB!Y41,잔가map!$C$13:$AR$13,0)),"") | AB41: =IFERROR(INDEX(잔가map!$C$14:$AR$18,MATCH(차량DB!$AB$5,잔가map!$B$14:$B$18,0),MATCH(차량DB!Y41,잔가map!$C$13:$AR$13,0)),"") | AC41: =IFERROR(INDEX(잔가map!$C$14:$AR$18,MATCH(차량DB!$AC$5,잔가map!$B$14:$B$18,0),MATCH(차량DB!Y41,잔가map!$C$13:$AR$13,0)),"") | AD41: =IFERROR(INDEX(잔가map!$C$14:$AR$18,MATCH(차량DB!$AD$5,잔가map!$B$14:$B$18,0),MATCH(차량DB!Y41,잔가map!$C$13:$AR$13,0)),"")
E42: AUDI | F42: S8 L 55 TFSI | G42: 3996 | H42: 승용일반 | I42: 205020000 | P42: Y | R42: 0 | Z42: =IFERROR(INDEX(잔가map!$C$14:$AR$18,MATCH(차량DB!$Z$5,잔가map!$B$14:$B$18,0),MATCH(차량DB!Y42,잔가map!$C$13:$AR$13,0)),"") | AA42: =IFERROR(INDEX(잔가map!$C$14:$AR$18,MATCH(차량DB!$AA$5,잔가map!$B$14:$B$18,0),MATCH(차량DB!Y42,잔가map!$C$13:$AR$13,0)),"") | AB42: =IFERROR(INDEX(잔가map!$C$14:$AR$18,MATCH(차량DB!$AB$5,잔가map!$B$14:$B$18,0),MATCH(차량DB!Y42,잔가map!$C$13:$AR$13,0)),"") | AC42: =IFERROR(INDEX(잔가map!$C$14:$AR$18,MATCH(차량DB!$AC$5,잔가map!$B$14:$B$18,0),MATCH(차량DB!Y42,잔가map!$C$13:$AR$13,0)),"") | AD42: =IFERROR(INDEX(잔가map!$C$14:$AR$18,MATCH(차량DB!$AD$5,잔가map!$B$14:$B$18,0),MATCH(차량DB!Y42,잔가map!$C$13:$AR$13,0)),"")
E43: AUDI | F43: RS5 Sportback | G43: 2894 | H43: 승용일반 | I43: 128080000 | P43: Y | R43: 0 | Z43: =IFERROR(INDEX(잔가map!$C$14:$AR$18,MATCH(차량DB!$Z$5,잔가map!$B$14:$B$18,0),MATCH(차량DB!Y43,잔가map!$C$13:$AR$13,0)),"") | AA43: =IFERROR(INDEX(잔가map!$C$14:$AR$18,MATCH(차량DB!$AA$5,잔가map!$B$14:$B$18,0),MATCH(차량DB!Y43,잔가map!$C$13:$AR$13,0)),"") | AB43: =IFERROR(INDEX(잔가map!$C$14:$AR$18,MATCH(차량DB!$AB$5,잔가map!$B$14:$B$18,0),MATCH(차량DB!Y43,잔가map!$C$13:$AR$13,0)),"") | AC43: =IFERROR(INDEX(잔가map!$C$14:$AR$18,MATCH(차량DB!$AC$5,잔가map!$B$14:$B$18,0),MATCH(차량DB!Y43,잔가map!$C$13:$AR$13,0)),"") | AD43: =IFERROR(INDEX(잔가map!$C$14:$AR$18,MATCH(차량DB!$AD$5,잔가map!$B$14:$B$18,0),MATCH(차량DB!Y43,잔가map!$C$13:$AR$13,0)),"")
E44: AUDI | F44: RS6 Avant TFSI | G44: 3996 | H44: 승용일반 | I44: 169580000 | P44: Y | R44: 0 | S44: Z | Z44: =IFERROR(INDEX(잔가map!$C$14:$AR$18,MATCH(차량DB!$Z$5,잔가map!$B$14:$B$18,0),MATCH(차량DB!Y44,잔가map!$C$13:$AR$13,0)),"") | AA44: =IFERROR(INDEX(잔가map!$C$14:$AR$18,MATCH(차량DB!$AA$5,잔가map!$B$14:$B$18,0),MATCH(차량DB!Y44,잔가map!$C$13:$AR$13,0)),"") | AB44: =IFERROR(INDEX(잔가map!$C$14:$AR$18,MATCH(차량DB!$AB$5,잔가map!$B$14:$B$18,0),MATCH(차량DB!Y44,잔가map!$C$13:$AR$13,0)),"") | AC44: =IFERROR(INDEX(잔가map!$C$14:$AR$18,MATCH(차량DB!$AC$5,잔가map!$B$14:$B$18,0),MATCH(차량DB!Y44,잔가map!$C$13:$AR$13,0)),"") | AD44: =IFERROR(INDEX(잔가map!$C$14:$AR$18,MATCH(차량DB!$AD$5,잔가map!$B$14:$B$18,0),MATCH(차량DB!Y44,잔가map!$C$13:$AR$13,0)),"")
E45: AUDI | F45: RS7 TFSI | G45: 3996 | H45: 승용일반 | I45: 175580000 | P45: Y | R45: 0 | S45: R | Z45: =IFERROR(INDEX(잔가map!$C$14:$AR$18,MATCH(차량DB!$Z$5,잔가map!$B$14:$B$18,0),MATCH(차량DB!Y45,잔가map!$C$13:$AR$13,0)),"") | AA45: =IFERROR(INDEX(잔가map!$C$14:$AR$18,MATCH(차량DB!$AA$5,잔가map!$B$14:$B$18,0),MATCH(차량DB!Y45,잔가map!$C$13:$AR$13,0)),"") | AB45: =IFERROR(INDEX(잔가map!$C$14:$AR$18,MATCH(차량DB!$AB$5,잔가map!$B$14:$B$18,0),MATCH(차량DB!Y45,잔가map!$C$13:$AR$13,0)),"") | AC45: =IFERROR(INDEX(잔가map!$C$14:$AR$18,MATCH(차량DB!$AC$5,잔가map!$B$14:$B$18,0),MATCH(차량DB!Y45,잔가map!$C$13:$AR$13,0)),"") | AD45: =IFERROR(INDEX(잔가map!$C$14:$AR$18,MATCH(차량DB!$AD$5,잔가map!$B$14:$B$18,0),MATCH(차량DB!Y45,잔가map!$C$13:$AR$13,0)),"")
E46: AUDI | F46: Q2 35 TDI | G46: 1968 | H46: 승용SUV(~5인) | I46: 40900000 | P46: Y | R46: 0 | Z46: =IFERROR(INDEX(잔가map!$C$14:$AR$18,MATCH(차량DB!$Z$5,잔가map!$B$14:$B$18,0),MATCH(차량DB!Y46,잔가map!$C$13:$AR$13,0)),"") | AA46: =IFERROR(INDEX(잔가map!$C$14:$AR$18,MATCH(차량DB!$AA$5,잔가map!$B$14:$B$18,0),MATCH(차량DB!Y46,잔가map!$C$13:$AR$13,0)),"") | AB46: =IFERROR(INDEX(잔가map!$C$14:$AR$18,MATCH(차량DB!$AB$5,잔가map!$B$14:$B$18,0),MATCH(차량DB!Y46,잔가map!$C$13:$AR$13,0)),"") | AC46: =IFERROR(INDEX(잔가map!$C$14:$AR$18,MATCH(차량DB!$AC$5,잔가map!$B$14:$B$18,0),MATCH(차량DB!Y46,잔가map!$C$13:$AR$13,0)),"") | AD46: =IFERROR(INDEX(잔가map!$C$14:$AR$18,MATCH(차량DB!$AD$5,잔가map!$B$14:$B$18,0),MATCH(차량DB!Y46,잔가map!$C$13:$AR$13,0)),"")
E47: AUDI | F47: Q2 35 TDI Premium | G47: 1968 | H47: 승용SUV(~5인) | I47: 44400000 | P47: Y | R47: 0 | Z47: =IFERROR(INDEX(잔가map!$C$14:$AR$18,MATCH(차량DB!$Z$5,잔가map!$B$14:$B$18,0),MATCH(차량DB!Y47,잔가map!$C$13:$AR$13,0)),"") | AA47: =IFERROR(INDEX(잔가map!$C$14:$AR$18,MATCH(차량DB!$AA$5,잔가map!$B$14:$B$18,0),MATCH(차량DB!Y47,잔가map!$C$13:$AR$13,0)),"") | AB47: =IFERROR(INDEX(잔가map!$C$14:$AR$18,MATCH(차량DB!$AB$5,잔가map!$B$14:$B$18,0),MATCH(차량DB!Y47,잔가map!$C$13:$AR$13,0)),"") | AC47: =IFERROR(INDEX(잔가map!$C$14:$AR$18,MATCH(차량DB!$AC$5,잔가map!$B$14:$B$18,0),MATCH(차량DB!Y47,잔가map!$C$13:$AR$13,0)),"") | AD47: =IFERROR(INDEX(잔가map!$C$14:$AR$18,MATCH(차량DB!$AD$5,잔가map!$B$14:$B$18,0),MATCH(차량DB!Y47,잔가map!$C$13:$AR$13,0)),"")
E48: AUDI | F48: Q3 35 TDI | G48: 1968 | H48: 승용SUV(~5인) | I48: 51100000 | P48: Y | R48: 0 | S48: Q | Z48: =IFERROR(INDEX(잔가map!$C$14:$AR$18,MATCH(차량DB!$Z$5,잔가map!$B$14:$B$18,0),MATCH(차량DB!Y48,잔가map!$C$13:$AR$13,0)),"") | AA48: =IFERROR(INDEX(잔가map!$C$14:$AR$18,MATCH(차량DB!$AA$5,잔가map!$B$14:$B$18,0),MATCH(차량DB!Y48,잔가map!$C$13:$AR$13,0)),"") | AB48: =IFERROR(INDEX(잔가map!$C$14:$AR$18,MATCH(차량DB!$AB$5,잔가map!$B$14:$B$18,0),MATCH(차량DB!Y48,잔가map!$C$13:$AR$13,0)),"") | AC48: =IFERROR(INDEX(잔가map!$C$14:$AR$18,MATCH(차량DB!$AC$5,잔가map!$B$14:$B$18,0),MATCH(차량DB!Y48,잔가map!$C$13:$AR$13,0)),"") | AD48: =IFERROR(INDEX(잔가map!$C$14:$AR$18,MATCH(차량DB!$AD$5,잔가map!$B$14:$B$18,0),MATCH(차량DB!Y48,잔가map!$C$13:$AR$13,0)),"")
E49: AUDI | F49: Q3 35 TDI Premium | G49: 1968 | H49: 승용SUV(~5인) | I49: 58100000 | P49: Y | R49: 0 | S49: Q | Z49: =IFERROR(INDEX(잔가map!$C$14:$AR$18,MATCH(차량DB!$Z$5,잔가map!$B$14:$B$18,0),MATCH(차량DB!Y49,잔가map!$C$13:$AR$13,0)),"") | AA49: =IFERROR(INDEX(잔가map!$C$14:$AR$18,MATCH(차량DB!$AA$5,잔가map!$B$14:$B$18,0),MATCH(차량DB!Y49,잔가map!$C$13:$AR$13,0)),"") | AB49: =IFERROR(INDEX(잔가map!$C$14:$AR$18,MATCH(차량DB!$AB$5,잔가map!$B$14:$B$18,0),MATCH(차량DB!Y49,잔가map!$C$13:$AR$13,0)),"") | AC49: =IFERROR(INDEX(잔가map!$C$14:$AR$18,MATCH(차량DB!$AC$5,잔가map!$B$14:$B$18,0),MATCH(차량DB!Y49,잔가map!$C$13:$AR$13,0)),"") | AD49: =IFERROR(INDEX(잔가map!$C$14:$AR$18,MATCH(차량DB!$AD$5,잔가map!$B$14:$B$18,0),MATCH(차량DB!Y49,잔가map!$C$13:$AR$13,0)),"")
E50: AUDI | F50: Q3 35 TDI qu. Premium | G50: 1968 | H50: 승용SUV(~5인) | I50: 56480000 | P50: Y | R50: 0 | S50: Q | Z50: =IFERROR(INDEX(잔가map!$C$14:$AR$18,MATCH(차량DB!$Z$5,잔가map!$B$14:$B$18,0),MATCH(차량DB!Y50,잔가map!$C$13:$AR$13,0)),"") | AA50: =IFERROR(INDEX(잔가map!$C$14:$AR$18,MATCH(차량DB!$AA$5,잔가map!$B$14:$B$18,0),MATCH(차량DB!Y50,잔가map!$C$13:$AR$13,0)),"") | AB50: =IFERROR(INDEX(잔가map!$C$14:$AR$18,MATCH(차량DB!$AB$5,잔가map!$B$14:$B$18,0),MATCH(차량DB!Y50,잔가map!$C$13:$AR$13,0)),"") | AC50: =IFERROR(INDEX(잔가map!$C$14:$AR$18,MATCH(차량DB!$AC$5,잔가map!$B$14:$B$18,0),MATCH(차량DB!Y50,잔가map!$C$13:$AR$13,0)),"") | AD50: =IFERROR(INDEX(잔가map!$C$14:$AR$18,MATCH(차량DB!$AD$5,잔가map!$B$14:$B$18,0),MATCH(차량DB!Y50,잔가map!$C$13:$AR$13,0)),"")
E51: AUDI | F51: Q3 40 TFSI qu. | G51: 1984 | H51: 승용SUV(~5인) | I51: 52300000 | P51: Y | S51: Q | Z51: =IFERROR(INDEX(잔가map!$C$14:$AR$18,MATCH(차량DB!$Z$5,잔가map!$B$14:$B$18,0),MATCH(차량DB!Y51,잔가map!$C$13:$AR$13,0)),"") | AA51: =IFERROR(INDEX(잔가map!$C$14:$AR$18,MATCH(차량DB!$AA$5,잔가map!$B$14:$B$18,0),MATCH(차량DB!Y51,잔가map!$C$13:$AR$13,0)),"") | AB51: =IFERROR(INDEX(잔가map!$C$14:$AR$18,MATCH(차량DB!$AB$5,잔가map!$B$14:$B$18,0),MATCH(차량DB!Y51,잔가map!$C$13:$AR$13,0)),"") | AC51: =IFERROR(INDEX(잔가map!$C$14:$AR$18,MATCH(차량DB!$AC$5,잔가map!$B$14:$B$18,0),MATCH(차량DB!Y51,잔가map!$C$13:$AR$13,0)),"") | AD51: =IFERROR(INDEX(잔가map!$C$14:$AR$18,MATCH(차량DB!$AD$5,잔가map!$B$14:$B$18,0),MATCH(차량DB!Y51,잔가map!$C$13:$AR$13,0)),"")
E52: AUDI | F52: Q3 40 TFSI qu. Premium | G52: 1984 | H52: 승용SUV(~5인) | I52: 59300000 | P52: Y | S52: Q | Z52: =IFERROR(INDEX(잔가map!$C$14:$AR$18,MATCH(차량DB!$Z$5,잔가map!$B$14:$B$18,0),MATCH(차량DB!Y52,잔가map!$C$13:$AR$13,0)),"") | AA52: =IFERROR(INDEX(잔가map!$C$14:$AR$18,MATCH(차량DB!$AA$5,잔가map!$B$14:$B$18,0),MATCH(차량DB!Y52,잔가map!$C$13:$AR$13,0)),"") | AB52: =IFERROR(INDEX(잔가map!$C$14:$AR$18,MATCH(차량DB!$AB$5,잔가map!$B$14:$B$18,0),MATCH(차량DB!Y52,잔가map!$C$13:$AR$13,0)),"") | AC52: =IFERROR(INDEX(잔가map!$C$14:$AR$18,MATCH(차량DB!$AC$5,잔가map!$B$14:$B$18,0),MATCH(차량DB!Y52,잔가map!$C$13:$AR$13,0)),"") | AD52: =IFERROR(INDEX(잔가map!$C$14:$AR$18,MATCH(차량DB!$AD$5,잔가map!$B$14:$B$18,0),MATCH(차량DB!Y52,잔가map!$C$13:$AR$13,0)),"")
E53: AUDI | F53: Q3 35 TDI Sportback | G53: 1968 | H53: 승용SUV(~5인) | I53: 52710000 | P53: Y | S53: Q | Z53: =IFERROR(INDEX(잔가map!$C$14:$AR$18,MATCH(차량DB!$Z$5,잔가map!$B$14:$B$18,0),MATCH(차량DB!Y53,잔가map!$C$13:$AR$13,0)),"") | AA53: =IFERROR(INDEX(잔가map!$C$14:$AR$18,MATCH(차량DB!$AA$5,잔가map!$B$14:$B$18,0),MATCH(차량DB!Y53,잔가map!$C$13:$AR$13,0)),"") | AB53: =IFERROR(INDEX(잔가map!$C$14:$AR$18,MATCH(차량DB!$AB$5,잔가map!$B$14:$B$18,0),MATCH(차량DB!Y53,잔가map!$C$13:$AR$13,0)),"") | AC53: =IFERROR(INDEX(잔가map!$C$14:$AR$18,MATCH(차량DB!$AC$5,잔가map!$B$14:$B$18,0),MATCH(차량DB!Y53,잔가map!$C$13:$AR$13,0)),"") | AD53: =IFERROR(INDEX(잔가map!$C$14:$AR$18,MATCH(차량DB!$AD$5,잔가map!$B$14:$B$18,0),MATCH(차량DB!Y53,잔가map!$C$13:$AR$13,0)),"")
E54: AUDI | F54: Q3 35 TDI Sportback Premium | G54: 1968 | H54: 승용SUV(~5인) | I54: 57500000 | P54: Y | S54: Q | Z54: =IFERROR(INDEX(잔가map!$C$14:$AR$18,MATCH(차량DB!$Z$5,잔가map!$B$14:$B$18,0),MATCH(차량DB!Y54,잔가map!$C$13:$AR$13,0)),"") | AA54: =IFERROR(INDEX(잔가map!$C$14:$AR$18,MATCH(차량DB!$AA$5,잔가map!$B$14:$B$18,0),MATCH(차량DB!Y54,잔가map!$C$13:$AR$13,0)),"") | AB54: =IFERROR(INDEX(잔가map!$C$14:$AR$18,MATCH(차량DB!$AB$5,잔가map!$B$14:$B$18,0),MATCH(차량DB!Y54,잔가map!$C$13:$AR$13,0)),"") | AC54: =IFERROR(INDEX(잔가map!$C$14:$AR$18,MATCH(차량DB!$AC$5,잔가map!$B$14:$B$18,0),MATCH(차량DB!Y54,잔가map!$C$13:$AR$13,0)),"") | AD54: =IFERROR(INDEX(잔가map!$C$14:$AR$18,MATCH(차량DB!$AD$5,잔가map!$B$14:$B$18,0),MATCH(차량DB!Y54,잔가map!$C$13:$AR$13,0)),"")
E55: AUDI | F55: Q3 35 TDI Sportback qu. Premium | G55: 1968 | H55: 승용SUV(~5인) | I55: 59470000 | P55: Y | S55: Q | Z55: =IFERROR(INDEX(잔가map!$C$14:$AR$18,MATCH(차량DB!$Z$5,잔가map!$B$14:$B$18,0),MATCH(차량DB!Y55,잔가map!$C$13:$AR$13,0)),"") | AA55: =IFERROR(INDEX(잔가map!$C$14:$AR$18,MATCH(차량DB!$AA$5,잔가map!$B$14:$B$18,0),MATCH(차량DB!Y55,잔가map!$C$13:$AR$13,0)),"") | AB55: =IFERROR(INDEX(잔가map!$C$14:$AR$18,MATCH(차량DB!$AB$5,잔가map!$B$14:$B$18,0),MATCH(차량DB!Y55,잔가map!$C$13:$AR$13,0)),"") | AC55: =IFERROR(INDEX(잔가map!$C$14:$AR$18,MATCH(차량DB!$AC$5,잔가map!$B$14:$B$18,0),MATCH(차량DB!Y55,잔가map!$C$13:$AR$13,0)),"") | AD55: =IFERROR(INDEX(잔가map!$C$14:$AR$18,MATCH(차량DB!$AD$5,잔가map!$B$14:$B$18,0),MATCH(차량DB!Y55,잔가map!$C$13:$AR$13,0)),"")
E56: AUDI | F56: Q3 40 TFSI qu. Sportback | G56: 1984 | H56: 승용SUV(~5인) | I56: 54300000 | P56: Y | S56: Q | Z56: =IFERROR(INDEX(잔가map!$C$14:$AR$18,MATCH(차량DB!$Z$5,잔가map!$B$14:$B$18,0),MATCH(차량DB!Y56,잔가map!$C$13:$AR$13,0)),"") | AA56: =IFERROR(INDEX(잔가map!$C$14:$AR$18,MATCH(차량DB!$AA$5,잔가map!$B$14:$B$18,0),MATCH(차량DB!Y56,잔가map!$C$13:$AR$13,0)),"") | AB56: =IFERROR(INDEX(잔가map!$C$14:$AR$18,MATCH(차량DB!$AB$5,잔가map!$B$14:$B$18,0),MATCH(차량DB!Y56,잔가map!$C$13:$AR$13,0)),"") | AC56: =IFERROR(INDEX(잔가map!$C$14:$AR$18,MATCH(차량DB!$AC$5,잔가map!$B$14:$B$18,0),MATCH(차량DB!Y56,잔가map!$C$13:$AR$13,0)),"") | AD56: =IFERROR(INDEX(잔가map!$C$14:$AR$18,MATCH(차량DB!$AD$5,잔가map!$B$14:$B$18,0),MATCH(차량DB!Y56,잔가map!$C$13:$AR$13,0)),"")
E57: AUDI | F57: Q3 40 TFSI qu. Sportback Premium | G57: 1984 | H57: 승용SUV(~5인) | I57: 59900000 | P57: Y | S57: Q | Z57: =IFERROR(INDEX(잔가map!$C$14:$AR$18,MATCH(차량DB!$Z$5,잔가map!$B$14:$B$18,0),MATCH(차량DB!Y57,잔가map!$C$13:$AR$13,0)),"") | AA57: =IFERROR(INDEX(잔가map!$C$14:$AR$18,MATCH(차량DB!$AA$5,잔가map!$B$14:$B$18,0),MATCH(차량DB!Y57,잔가map!$C$13:$AR$13,0)),"") | AB57: =IFERROR(INDEX(잔가map!$C$14:$AR$18,MATCH(차량DB!$AB$5,잔가map!$B$14:$B$18,0),MATCH(차량DB!Y57,잔가map!$C$13:$AR$13,0)),"") | AC57: =IFERROR(INDEX(잔가map!$C$14:$AR$18,MATCH(차량DB!$AC$5,잔가map!$B$14:$B$18,0),MATCH(차량DB!Y57,잔가map!$C$13:$AR$13,0)),"") | AD57: =IFERROR(INDEX(잔가map!$C$14:$AR$18,MATCH(차량DB!$AD$5,잔가map!$B$14:$B$18,0),MATCH(차량DB!Y57,잔가map!$C$13:$AR$13,0)),"")
E58: AUDI | F58: Q5 45 TFSI qu. | G58: 1984 | H58: 승용SUV(~5인) | I58: 71700000 | P58: Y | R58: 0 | S58: Q | Z58: =IFERROR(INDEX(잔가map!$C$14:$AR$18,MATCH(차량DB!$Z$5,잔가map!$B$14:$B$18,0),MATCH(차량DB!Y58,잔가map!$C$13:$AR$13,0)),"") | AA58: =IFERROR(INDEX(잔가map!$C$14:$AR$18,MATCH(차량DB!$AA$5,잔가map!$B$14:$B$18,0),MATCH(차량DB!Y58,잔가map!$C$13:$AR$13,0)),"") | AB58: =IFERROR(INDEX(잔가map!$C$14:$AR$18,MATCH(차량DB!$AB$5,잔가map!$B$14:$B$18,0),MATCH(차량DB!Y58,잔가map!$C$13:$AR$13,0)),"") | AC58: =IFERROR(INDEX(잔가map!$C$14:$AR$18,MATCH(차량DB!$AC$5,잔가map!$B$14:$B$18,0),MATCH(차량DB!Y58,잔가map!$C$13:$AR$13,0)),"") | AD58: =IFERROR(INDEX(잔가map!$C$14:$AR$18,MATCH(차량DB!$AD$5,잔가map!$B$14:$B$18,0),MATCH(차량DB!Y58,잔가map!$C$13:$AR$13,0)),"")
E59: AUDI | F59: Q5 45 TFSI qu. Premium | G59: 1984 | H59: 승용SUV(~5인) | I59: 77700000 | P59: Y | R59: 0 | S59: Q | Z59: =IFERROR(INDEX(잔가map!$C$14:$AR$18,MATCH(차량DB!$Z$5,잔가map!$B$14:$B$18,0),MATCH(차량DB!Y59,잔가map!$C$13:$AR$13,0)),"") | AA59: =IFERROR(INDEX(잔가map!$C$14:$AR$18,MATCH(차량DB!$AA$5,잔가map!$B$14:$B$18,0),MATCH(차량DB!Y59,잔가map!$C$13:$AR$13,0)),"") | AB59: =IFERROR(INDEX(잔가map!$C$14:$AR$18,MATCH(차량DB!$AB$5,잔가map!$B$14:$B$18,0),MATCH(차량DB!Y59,잔가map!$C$13:$AR$13,0)),"") | AC59: =IFERROR(INDEX(잔가map!$C$14:$AR$18,MATCH(차량DB!$AC$5,잔가map!$B$14:$B$18,0),MATCH(차량DB!Y59,잔가map!$C$13:$AR$13,0)),"") | AD59: =IFERROR(INDEX(잔가map!$C$14:$AR$18,MATCH(차량DB!$AD$5,잔가map!$B$14:$B$18,0),MATCH(차량DB!Y59,잔가map!$C$13:$AR$13,0)),"")
E60: AUDI | F60: Q5 40 TDI qu. | G60: 1968 | H60: 승용SUV(~5인) | I60: 70700000 | P60: Y | R60: 0 | S60: Q | Z60: =IFERROR(INDEX(잔가map!$C$14:$AR$18,MATCH(차량DB!$Z$5,잔가map!$B$14:$B$18,0),MATCH(차량DB!Y60,잔가map!$C$13:$AR$13,0)),"") | AA60: =IFERROR(INDEX(잔가map!$C$14:$AR$18,MATCH(차량DB!$AA$5,잔가map!$B$14:$B$18,0),MATCH(차량DB!Y60,잔가map!$C$13:$AR$13,0)),"") | AB60: =IFERROR(INDEX(잔가map!$C$14:$AR$18,MATCH(차량DB!$AB$5,잔가map!$B$14:$B$18,0),MATCH(차량DB!Y60,잔가map!$C$13:$AR$13,0)),"") | AC60: =IFERROR(INDEX(잔가map!$C$14:$AR$18,MATCH(차량DB!$AC$5,잔가map!$B$14:$B$18,0),MATCH(차량DB!Y60,잔가map!$C$13:$AR$13,0)),"") | AD60: =IFERROR(INDEX(잔가map!$C$14:$AR$18,MATCH(차량DB!$AD$5,잔가map!$B$14:$B$18,0),MATCH(차량DB!Y60,잔가map!$C$13:$AR$13,0)),"")
E61: AUDI | F61: Q5 40 TDI qu. Premium | G61: 1968 | H61: 승용SUV(~5인) | I61: 76700000 | P61: Y | R61: 0 | S61: Q | Z61: =IFERROR(INDEX(잔가map!$C$14:$AR$18,MATCH(차량DB!$Z$5,잔가map!$B$14:$B$18,0),MATCH(차량DB!Y61,잔가map!$C$13:$AR$13,0)),"") | AA61: =IFERROR(INDEX(잔가map!$C$14:$AR$18,MATCH(차량DB!$AA$5,잔가map!$B$14:$B$18,0),MATCH(차량DB!Y61,잔가map!$C$13:$AR$13,0)),"") | AB61: =IFERROR(INDEX(잔가map!$C$14:$AR$18,MATCH(차량DB!$AB$5,잔가map!$B$14:$B$18,0),MATCH(차량DB!Y61,잔가map!$C$13:$AR$13,0)),"") | AC61: =IFERROR(INDEX(잔가map!$C$14:$AR$18,MATCH(차량DB!$AC$5,잔가map!$B$14:$B$18,0),MATCH(차량DB!Y61,잔가map!$C$13:$AR$13,0)),"") | AD61: =IFERROR(INDEX(잔가map!$C$14:$AR$18,MATCH(차량DB!$AD$5,잔가map!$B$14:$B$18,0),MATCH(차량DB!Y61,잔가map!$C$13:$AR$13,0)),"")
E62: AUDI | F62: Q5 SB 40 TDI qu. | G62: 1968 | H62: 승용SUV(~5인) | I62: 73700000 | P62: Y | R62: 0 | S62: Q | Z62: =IFERROR(INDEX(잔가map!$C$14:$AR$18,MATCH(차량DB!$Z$5,잔가map!$B$14:$B$18,0),MATCH(차량DB!Y62,잔가map!$C$13:$AR$13,0)),"") | AA62: =IFERROR(INDEX(잔가map!$C$14:$AR$18,MATCH(차량DB!$AA$5,잔가map!$B$14:$B$18,0),MATCH(차량DB!Y62,잔가map!$C$13:$AR$13,0)),"") | AB62: =IFERROR(INDEX(잔가map!$C$14:$AR$18,MATCH(차량DB!$AB$5,잔가map!$B$14:$B$18,0),MATCH(차량DB!Y62,잔가map!$C$13:$AR$13,0)),"") | AC62: =IFERROR(INDEX(잔가map!$C$14:$AR$18,MATCH(차량DB!$AC$5,잔가map!$B$14:$B$18,0),MATCH(차량DB!Y62,잔가map!$C$13:$AR$13,0)),"") | AD62: =IFERROR(INDEX(잔가map!$C$14:$AR$18,MATCH(차량DB!$AD$5,잔가map!$B$14:$B$18,0),MATCH(차량DB!Y62,잔가map!$C$13:$AR$13,0)),"")
E63: AUDI | F63: Q5 SB 40 TDI qu. Premium | G63: 1968 | H63: 승용SUV(~5인) | I63: 79700000 | P63: Y | R63: 0 | S63: Q | Z63: =IFERROR(INDEX(잔가map!$C$14:$AR$18,MATCH(차량DB!$Z$5,잔가map!$B$14:$B$18,0),MATCH(차량DB!Y63,잔가map!$C$13:$AR$13,0)),"") | AA63: =IFERROR(INDEX(잔가map!$C$14:$AR$18,MATCH(차량DB!$AA$5,잔가map!$B$14:$B$18,0),MATCH(차량DB!Y63,잔가map!$C$13:$AR$13,0)),"") | AB63: =IFERROR(INDEX(잔가map!$C$14:$AR$18,MATCH(차량DB!$AB$5,잔가map!$B$14:$B$18,0),MATCH(차량DB!Y63,잔가map!$C$13:$AR$13,0)),"") | AC63: =IFERROR(INDEX(잔가map!$C$14:$AR$18,MATCH(차량DB!$AC$5,잔가map!$B$14:$B$18,0),MATCH(차량DB!Y63,잔가map!$C$13:$AR$13,0)),"") | AD63: =IFERROR(INDEX(잔가map!$C$14:$AR$18,MATCH(차량DB!$AD$5,잔가map!$B$14:$B$18,0),MATCH(차량DB!Y63,잔가map!$C$13:$AR$13,0)),"")
E64: AUDI | F64: Q5 SB 45 TFSI qu. | G64: 1984 | H64: 승용SUV(~5인) | I64: 74500000 | P64: Y | R64: 0 | S64: Q | Z64: =IFERROR(INDEX(잔가map!$C$14:$AR$18,MATCH(차량DB!$Z$5,잔가map!$B$14:$B$18,0),MATCH(차량DB!Y64,잔가map!$C$13:$AR$13,0)),"") | AA64: =IFERROR(INDEX(잔가map!$C$14:$AR$18,MATCH(차량DB!$AA$5,잔가map!$B$14:$B$18,0),MATCH(차량DB!Y64,잔가map!$C$13:$AR$13,0)),"") | AB64: =IFERROR(INDEX(잔가map!$C$14:$AR$18,MATCH(차량DB!$AB$5,잔가map!$B$14:$B$18,0),MATCH(차량DB!Y64,잔가map!$C$13:$AR$13,0)),"") | AC64: =IFERROR(INDEX(잔가map!$C$14:$AR$18,MATCH(차량DB!$AC$5,잔가map!$B$14:$B$18,0),MATCH(차량DB!Y64,잔가map!$C$13:$AR$13,0)),"") | AD64: =IFERROR(INDEX(잔가map!$C$14:$AR$18,MATCH(차량DB!$AD$5,잔가map!$B$14:$B$18,0),MATCH(차량DB!Y64,잔가map!$C$13:$AR$13,0)),"")
E65: AUDI | F65: Q5 SB 45 TFSI qu. Premium | G65: 1984 | H65: 승용SUV(~5인) | I65: 80000000 | P65: Y | R65: 0 | S65: Q | Z65: =IFERROR(INDEX(잔가map!$C$14:$AR$18,MATCH(차량DB!$Z$5,잔가map!$B$14:$B$18,0),MATCH(차량DB!Y65,잔가map!$C$13:$AR$13,0)),"") | AA65: =IFERROR(INDEX(잔가map!$C$14:$AR$18,MATCH(차량DB!$AA$5,잔가map!$B$14:$B$18,0),MATCH(차량DB!Y65,잔가map!$C$13:$AR$13,0)),"") | AB65: =IFERROR(INDEX(잔가map!$C$14:$AR$18,MATCH(차량DB!$AB$5,잔가map!$B$14:$B$18,0),MATCH(차량DB!Y65,잔가map!$C$13:$AR$13,0)),"") | AC65: =IFERROR(INDEX(잔가map!$C$14:$AR$18,MATCH(차량DB!$AC$5,잔가map!$B$14:$B$18,0),MATCH(차량DB!Y65,잔가map!$C$13:$AR$13,0)),"") | AD65: =IFERROR(INDEX(잔가map!$C$14:$AR$18,MATCH(차량DB!$AD$5,잔가map!$B$14:$B$18,0),MATCH(차량DB!Y65,잔가map!$C$13:$AR$13,0)),"")
E66: AUDI | F66: SQ5 SB TFSI | G66: 2995 | H66: 승용SUV(~5인) | I66: 99900000 | P66: Y | R66: 0 | Z66: =IFERROR(INDEX(잔가map!$C$14:$AR$18,MATCH(차량DB!$Z$5,잔가map!$B$14:$B$18,0),MATCH(차량DB!Y66,잔가map!$C$13:$AR$13,0)),"") | AA66: =IFERROR(INDEX(잔가map!$C$14:$AR$18,MATCH(차량DB!$AA$5,잔가map!$B$14:$B$18,0),MATCH(차량DB!Y66,잔가map!$C$13:$AR$13,0)),"") | AB66: =IFERROR(INDEX(잔가map!$C$14:$AR$18,MATCH(차량DB!$AB$5,잔가map!$B$14:$B$18,0),MATCH(차량DB!Y66,잔가map!$C$13:$AR$13,0)),"") | AC66: =IFERROR(INDEX(잔가map!$C$14:$AR$18,MATCH(차량DB!$AC$5,잔가map!$B$14:$B$18,0),MATCH(차량DB!Y66,잔가map!$C$13:$AR$13,0)),"") | AD66: =IFERROR(INDEX(잔가map!$C$14:$AR$18,MATCH(차량DB!$AD$5,잔가map!$B$14:$B$18,0),MATCH(차량DB!Y66,잔가map!$C$13:$AR$13,0)),"")
E67: AUDI | F67: SQ5 TFSI | G67: 2995 | H67: 승용SUV(~5인) | I67: 96900000 | P67: Y | R67: 0 | Z67: =IFERROR(INDEX(잔가map!$C$14:$AR$18,MATCH(차량DB!$Z$5,잔가map!$B$14:$B$18,0),MATCH(차량DB!Y67,잔가map!$C$13:$AR$13,0)),"") | AA67: =IFERROR(INDEX(잔가map!$C$14:$AR$18,MATCH(차량DB!$AA$5,잔가map!$B$14:$B$18,0),MATCH(차량DB!Y67,잔가map!$C$13:$AR$13,0)),"") | AB67: =IFERROR(INDEX(잔가map!$C$14:$AR$18,MATCH(차량DB!$AB$5,잔가map!$B$14:$B$18,0),MATCH(차량DB!Y67,잔가map!$C$13:$AR$13,0)),"") | AC67: =IFERROR(INDEX(잔가map!$C$14:$AR$18,MATCH(차량DB!$AC$5,잔가map!$B$14:$B$18,0),MATCH(차량DB!Y67,잔가map!$C$13:$AR$13,0)),"") | AD67: =IFERROR(INDEX(잔가map!$C$14:$AR$18,MATCH(차량DB!$AD$5,잔가map!$B$14:$B$18,0),MATCH(차량DB!Y67,잔가map!$C$13:$AR$13,0)),"")
E68: AUDI | F68: Q7 45 TDI qu. | G68: 2967 | H68: 승용SUV(~5인) | I68: 101880000 | P68: Y | R68: 0 | S68: O | Z68: =IFERROR(INDEX(잔가map!$C$14:$AR$18,MATCH(차량DB!$Z$5,잔가map!$B$14:$B$18,0),MATCH(차량DB!Y68,잔가map!$C$13:$AR$13,0)),"") | AA68: =IFERROR(INDEX(잔가map!$C$14:$AR$18,MATCH(차량DB!$AA$5,잔가map!$B$14:$B$18,0),MATCH(차량DB!Y68,잔가map!$C$13:$AR$13,0)),"") | AB68: =IFERROR(INDEX(잔가map!$C$14:$AR$18,MATCH(차량DB!$AB$5,잔가map!$B$14:$B$18,0),MATCH(차량DB!Y68,잔가map!$C$13:$AR$13,0)),"") | AC68: =IFERROR(INDEX(잔가map!$C$14:$AR$18,MATCH(차량DB!$AC$5,잔가map!$B$14:$B$18,0),MATCH(차량DB!Y68,잔가map!$C$13:$AR$13,0)),"") | AD68: =IFERROR(INDEX(잔가map!$C$14:$AR$18,MATCH(차량DB!$AD$5,잔가map!$B$14:$B$18,0),MATCH(차량DB!Y68,잔가map!$C$13:$AR$13,0)),"")
E69: AUDI | F69: Q7 45 TDI qu. Premium | G69: 2967 | H69: 승용SUV(~5인) | I69: 107980000 | P69: Y | R69: 0 | S69: O | Z69: =IFERROR(INDEX(잔가map!$C$14:$AR$18,MATCH(차량DB!$Z$5,잔가map!$B$14:$B$18,0),MATCH(차량DB!Y69,잔가map!$C$13:$AR$13,0)),"") | AA69: =IFERROR(INDEX(잔가map!$C$14:$AR$18,MATCH(차량DB!$AA$5,잔가map!$B$14:$B$18,0),MATCH(차량DB!Y69,잔가map!$C$13:$AR$13,0)),"") | AB69: =IFERROR(INDEX(잔가map!$C$14:$AR$18,MATCH(차량DB!$AB$5,잔가map!$B$14:$B$18,0),MATCH(차량DB!Y69,잔가map!$C$13:$AR$13,0)),"") | AC69: =IFERROR(INDEX(잔가map!$C$14:$AR$18,MATCH(차량DB!$AC$5,잔가map!$B$14:$B$18,0),MATCH(차량DB!Y69,잔가map!$C$13:$AR$13,0)),"") | AD69: =IFERROR(INDEX(잔가map!$C$14:$AR$18,MATCH(차량DB!$AD$5,잔가map!$B$14:$B$18,0),MATCH(차량DB!Y69,잔가map!$C$13:$AR$13,0)),"")
E70: AUDI | F70: Q7 50 TDI qu. Premium | G70: 2967 | H70: 승용SUV(~5인) | I70: 119980000 | P70: Y | R70: 0 | S70: O | Z70: =IFERROR(INDEX(잔가map!$C$14:$AR$18,MATCH(차량DB!$Z$5,잔가map!$B$14:$B$18,0),MATCH(차량DB!Y70,잔가map!$C$13:$AR$13,0)),"") | AA70: =IFERROR(INDEX(잔가map!$C$14:$AR$18,MATCH(차량DB!$AA$5,잔가map!$B$14:$B$18,0),MATCH(차량DB!Y70,잔가map!$C$13:$AR$13,0)),"") | AB70: =IFERROR(INDEX(잔가map!$C$14:$AR$18,MATCH(차량DB!$AB$5,잔가map!$B$14:$B$18,0),MATCH(차량DB!Y70,잔가map!$C$13:$AR$13,0)),"") | AC70: =IFERROR(INDEX(잔가map!$C$14:$AR$18,MATCH(차량DB!$AC$5,잔가map!$B$14:$B$18,0),MATCH(차량DB!Y70,잔가map!$C$13:$AR$13,0)),"") | AD70: =IFERROR(INDEX(잔가map!$C$14:$AR$18,MATCH(차량DB!$AD$5,잔가map!$B$14:$B$18,0),MATCH(차량DB!Y70,잔가map!$C$13:$AR$13,0)),"")
E71: AUDI | F71: Q7 55 TFSI qu. Premium | G71: 2995 | H71: 승용SUV(~5인) | I71: 121980000 | P71: Y | R71: 0 | S71: O | Z71: =IFERROR(INDEX(잔가map!$C$14:$AR$18,MATCH(차량DB!$Z$5,잔가map!$B$14:$B$18,0),MATCH(차량DB!Y71,잔가map!$C$13:$AR$13,0)),"") | AA71: =IFERROR(INDEX(잔가map!$C$14:$AR$18,MATCH(차량DB!$AA$5,잔가map!$B$14:$B$18,0),MATCH(차량DB!Y71,잔가map!$C$13:$AR$13,0)),"") | AB71: =IFERROR(INDEX(잔가map!$C$14:$AR$18,MATCH(차량DB!$AB$5,잔가map!$B$14:$B$18,0),MATCH(차량DB!Y71,잔가map!$C$13:$AR$13,0)),"") | AC71: =IFERROR(INDEX(잔가map!$C$14:$AR$18,MATCH(차량DB!$AC$5,잔가map!$B$14:$B$18,0),MATCH(차량DB!Y71,잔가map!$C$13:$AR$13,0)),"") | AD71: =IFERROR(INDEX(잔가map!$C$14:$AR$18,MATCH(차량DB!$AD$5,잔가map!$B$14:$B$18,0),MATCH(차량DB!Y71,잔가map!$C$13:$AR$13,0)),"")
E72: AUDI | F72: SQ7 TFSI | G72: 3996 | H72: 승용SUV(7~10인) | I72: 141900000 | P72: Y | Z72: =IFERROR(INDEX(잔가map!$C$14:$AR$18,MATCH(차량DB!$Z$5,잔가map!$B$14:$B$18,0),MATCH(차량DB!Y72,잔가map!$C$13:$AR$13,0)),"") | AA72: =IFERROR(INDEX(잔가map!$C$14:$AR$18,MATCH(차량DB!$AA$5,잔가map!$B$14:$B$18,0),MATCH(차량DB!Y72,잔가map!$C$13:$AR$13,0)),"") | AB72: =IFERROR(INDEX(잔가map!$C$14:$AR$18,MATCH(차량DB!$AB$5,잔가map!$B$14:$B$18,0),MATCH(차량DB!Y72,잔가map!$C$13:$AR$13,0)),"") | AC72: =IFERROR(INDEX(잔가map!$C$14:$AR$18,MATCH(차량DB!$AC$5,잔가map!$B$14:$B$18,0),MATCH(차량DB!Y72,잔가map!$C$13:$AR$13,0)),"") | AD72: =IFERROR(INDEX(잔가map!$C$14:$AR$18,MATCH(차량DB!$AD$5,잔가map!$B$14:$B$18,0),MATCH(차량DB!Y72,잔가map!$C$13:$AR$13,0)),"")
E73: AUDI | F73: Q8 45 TDI qu. | G73: 2967 | H73: 승용SUV(~5인) | I73: 104430000 | P73: Y | R73: 0 | S73: O | Z73: =IFERROR(INDEX(잔가map!$C$14:$AR$18,MATCH(차량DB!$Z$5,잔가map!$B$14:$B$18,0),MATCH(차량DB!Y73,잔가map!$C$13:$AR$13,0)),"") | AA73: =IFERROR(INDEX(잔가map!$C$14:$AR$18,MATCH(차량DB!$AA$5,잔가map!$B$14:$B$18,0),MATCH(차량DB!Y73,잔가map!$C$13:$AR$13,0)),"") | AB73: =IFERROR(INDEX(잔가map!$C$14:$AR$18,MATCH(차량DB!$AB$5,잔가map!$B$14:$B$18,0),MATCH(차량DB!Y73,잔가map!$C$13:$AR$13,0)),"") | AC73: =IFERROR(INDEX(잔가map!$C$14:$AR$18,MATCH(차량DB!$AC$5,잔가map!$B$14:$B$18,0),MATCH(차량DB!Y73,잔가map!$C$13:$AR$13,0)),"") | AD73: =IFERROR(INDEX(잔가map!$C$14:$AR$18,MATCH(차량DB!$AD$5,잔가map!$B$14:$B$18,0),MATCH(차량DB!Y73,잔가map!$C$13:$AR$13,0)),"")
E74: AUDI | F74: Q8 45 TDI qu. Premium | G74: 2967 | H74: 승용SUV(~5인) | I74: 111480000 | P74: Y | R74: 0 | S74: O | Z74: =IFERROR(INDEX(잔가map!$C$14:$AR$18,MATCH(차량DB!$Z$5,잔가map!$B$14:$B$18,0),MATCH(차량DB!Y74,잔가map!$C$13:$AR$13,0)),"") | AA74: =IFERROR(INDEX(잔가map!$C$14:$AR$18,MATCH(차량DB!$AA$5,잔가map!$B$14:$B$18,0),MATCH(차량DB!Y74,잔가map!$C$13:$AR$13,0)),"") | AB74: =IFERROR(INDEX(잔가map!$C$14:$AR$18,MATCH(차량DB!$AB$5,잔가map!$B$14:$B$18,0),MATCH(차량DB!Y74,잔가map!$C$13:$AR$13,0)),"") | AC74: =IFERROR(INDEX(잔가map!$C$14:$AR$18,MATCH(차량DB!$AC$5,잔가map!$B$14:$B$18,0),MATCH(차량DB!Y74,잔가map!$C$13:$AR$13,0)),"") | AD74: =IFERROR(INDEX(잔가map!$C$14:$AR$18,MATCH(차량DB!$AD$5,잔가map!$B$14:$B$18,0),MATCH(차량DB!Y74,잔가map!$C$13:$AR$13,0)),"")
E75: AUDI | F75: Q8 50 TDI qu. Premium | G75: 2967 | H75: 승용SUV(~5인) | I75: 124480000 | P75: Y | R75: 0 | S75: O | Z75: =IFERROR(INDEX(잔가map!$C$14:$AR$18,MATCH(차량DB!$Z$5,잔가map!$B$14:$B$18,0),MATCH(차량DB!Y75,잔가map!$C$13:$AR$13,0)),"") | AA75: =IFERROR(INDEX(잔가map!$C$14:$AR$18,MATCH(차량DB!$AA$5,잔가map!$B$14:$B$18,0),MATCH(차량DB!Y75,잔가map!$C$13:$AR$13,0)),"") | AB75: =IFERROR(INDEX(잔가map!$C$14:$AR$18,MATCH(차량DB!$AB$5,잔가map!$B$14:$B$18,0),MATCH(차량DB!Y75,잔가map!$C$13:$AR$13,0)),"") | AC75: =IFERROR(INDEX(잔가map!$C$14:$AR$18,MATCH(차량DB!$AC$5,잔가map!$B$14:$B$18,0),MATCH(차량DB!Y75,잔가map!$C$13:$AR$13,0)),"") | AD75: =IFERROR(INDEX(잔가map!$C$14:$AR$18,MATCH(차량DB!$AD$5,잔가map!$B$14:$B$18,0),MATCH(차량DB!Y75,잔가map!$C$13:$AR$13,0)),"")
E76: AUDI | F76: Q8 55 TFSI qu. Premium | G76: 2995 | H76: 승용SUV(~5인) | I76: 126480000 | P76: Y | R76: 0 | S76: O | Z76: =IFERROR(INDEX(잔가map!$C$14:$AR$18,MATCH(차량DB!$Z$5,잔가map!$B$14:$B$18,0),MATCH(차량DB!Y76,잔가map!$C$13:$AR$13,0)),"") | AA76: =IFERROR(INDEX(잔가map!$C$14:$AR$18,MATCH(차량DB!$AA$5,잔가map!$B$14:$B$18,0),MATCH(차량DB!Y76,잔가map!$C$13:$AR$13,0)),"") | AB76: =IFERROR(INDEX(잔가map!$C$14:$AR$18,MATCH(차량DB!$AB$5,잔가map!$B$14:$B$18,0),MATCH(차량DB!Y76,잔가map!$C$13:$AR$13,0)),"") | AC76: =IFERROR(INDEX(잔가map!$C$14:$AR$18,MATCH(차량DB!$AC$5,잔가map!$B$14:$B$18,0),MATCH(차량DB!Y76,잔가map!$C$13:$AR$13,0)),"") | AD76: =IFERROR(INDEX(잔가map!$C$14:$AR$18,MATCH(차량DB!$AD$5,잔가map!$B$14:$B$18,0),MATCH(차량DB!Y76,잔가map!$C$13:$AR$13,0)),"")
E77: AUDI | F77: RS Q8 4.0 TFSI | G77: 3996 | H77: 승용SUV(~5인) | I77: 183480000 | P77: Y | R77: 0 | S77: Y | Z77: =IFERROR(INDEX(잔가map!$C$14:$AR$18,MATCH(차량DB!$Z$5,잔가map!$B$14:$B$18,0),MATCH(차량DB!Y77,잔가map!$C$13:$AR$13,0)),"") | AA77: =IFERROR(INDEX(잔가map!$C$14:$AR$18,MATCH(차량DB!$AA$5,잔가map!$B$14:$B$18,0),MATCH(차량DB!Y77,잔가map!$C$13:$AR$13,0)),"") | AB77: =IFERROR(INDEX(잔가map!$C$14:$AR$18,MATCH(차량DB!$AB$5,잔가map!$B$14:$B$18,0),MATCH(차량DB!Y77,잔가map!$C$13:$AR$13,0)),"") | AC77: =IFERROR(INDEX(잔가map!$C$14:$AR$18,MATCH(차량DB!$AC$5,잔가map!$B$14:$B$18,0),MATCH(차량DB!Y77,잔가map!$C$13:$AR$13,0)),"") | AD77: =IFERROR(INDEX(잔가map!$C$14:$AR$18,MATCH(차량DB!$AD$5,잔가map!$B$14:$B$18,0),MATCH(차량DB!Y77,잔가map!$C$13:$AR$13,0)),"")
E78: AUDI | F78: R8 V10 Performance | G78: 5204 | H78: 승용일반 | I78: 257570000 | P78: Y | R78: 0 | Z78: =IFERROR(INDEX(잔가map!$C$14:$AR$18,MATCH(차량DB!$Z$5,잔가map!$B$14:$B$18,0),MATCH(차량DB!Y78,잔가map!$C$13:$AR$13,0)),"") | AA78: =IFERROR(INDEX(잔가map!$C$14:$AR$18,MATCH(차량DB!$AA$5,잔가map!$B$14:$B$18,0),MATCH(차량DB!Y78,잔가map!$C$13:$AR$13,0)),"") | AB78: =IFERROR(INDEX(잔가map!$C$14:$AR$18,MATCH(차량DB!$AB$5,잔가map!$B$14:$B$18,0),MATCH(차량DB!Y78,잔가map!$C$13:$AR$13,0)),"") | AC78: =IFERROR(INDEX(잔가map!$C$14:$AR$18,MATCH(차량DB!$AC$5,잔가map!$B$14:$B$18,0),MATCH(차량DB!Y78,잔가map!$C$13:$AR$13,0)),"") | AD78: =IFERROR(INDEX(잔가map!$C$14:$AR$18,MATCH(차량DB!$AD$5,잔가map!$B$14:$B$18,0),MATCH(차량DB!Y78,잔가map!$C$13:$AR$13,0)),"")
E79: AUDI | F79: Q4 e-tron 40 | G79: 1 | H79: 승용SUV(~5인) | I79: 59700000 | P79: Y | R79: 0 | Z79: =IFERROR(INDEX(잔가map!$C$14:$AR$18,MATCH(차량DB!$Z$5,잔가map!$B$14:$B$18,0),MATCH(차량DB!Y79,잔가map!$C$13:$AR$13,0)),"") | AA79: =IFERROR(INDEX(잔가map!$C$14:$AR$18,MATCH(차량DB!$AA$5,잔가map!$B$14:$B$18,0),MATCH(차량DB!Y79,잔가map!$C$13:$AR$13,0)),"") | AB79: =IFERROR(INDEX(잔가map!$C$14:$AR$18,MATCH(차량DB!$AB$5,잔가map!$B$14:$B$18,0),MATCH(차량DB!Y79,잔가map!$C$13:$AR$13,0)),"") | AC79: =IFERROR(INDEX(잔가map!$C$14:$AR$18,MATCH(차량DB!$AC$5,잔가map!$B$14:$B$18,0),MATCH(차량DB!Y79,잔가map!$C$13:$AR$13,0)),"") | AD79: =IFERROR(INDEX(잔가map!$C$14:$AR$18,MATCH(차량DB!$AD$5,잔가map!$B$14:$B$18,0),MATCH(차량DB!Y79,잔가map!$C$13:$AR$13,0)),"")
E80: AUDI | F80: Q4 e-tron 40 Premium | G80: 1 | H80: 승용SUV(~5인) | I80: 66700000 | P80: Y | R80: 0 | Z80: =IFERROR(INDEX(잔가map!$C$14:$AR$18,MATCH(차량DB!$Z$5,잔가map!$B$14:$B$18,0),MATCH(차량DB!Y80,잔가map!$C$13:$AR$13,0)),"") | AA80: =IFERROR(INDEX(잔가map!$C$14:$AR$18,MATCH(차량DB!$AA$5,잔가map!$B$14:$B$18,0),MATCH(차량DB!Y80,잔가map!$C$13:$AR$13,0)),"") | AB80: =IFERROR(INDEX(잔가map!$C$14:$AR$18,MATCH(차량DB!$AB$5,잔가map!$B$14:$B$18,0),MATCH(차량DB!Y80,잔가map!$C$13:$AR$13,0)),"") | AC80: =IFERROR(INDEX(잔가map!$C$14:$AR$18,MATCH(차량DB!$AC$5,잔가map!$B$14:$B$18,0),MATCH(차량DB!Y80,잔가map!$C$13:$AR$13,0)),"") | AD80: =IFERROR(INDEX(잔가map!$C$14:$AR$18,MATCH(차량DB!$AD$5,잔가map!$B$14:$B$18,0),MATCH(차량DB!Y80,잔가map!$C$13:$AR$13,0)),"")
E81: AUDI | F81: Q4 e-tron SB 40 | G81: 1 | H81: 승용SUV(~5인) | I81: 63700000 | P81: Y | Z81: =IFERROR(INDEX(잔가map!$C$14:$AR$18,MATCH(차량DB!$Z$5,잔가map!$B$14:$B$18,0),MATCH(차량DB!Y81,잔가map!$C$13:$AR$13,0)),"") | AA81: =IFERROR(INDEX(잔가map!$C$14:$AR$18,MATCH(차량DB!$AA$5,잔가map!$B$14:$B$18,0),MATCH(차량DB!Y81,잔가map!$C$13:$AR$13,0)),"") | AB81: =IFERROR(INDEX(잔가map!$C$14:$AR$18,MATCH(차량DB!$AB$5,잔가map!$B$14:$B$18,0),MATCH(차량DB!Y81,잔가map!$C$13:$AR$13,0)),"") | AC81: =IFERROR(INDEX(잔가map!$C$14:$AR$18,MATCH(차량DB!$AC$5,잔가map!$B$14:$B$18,0),MATCH(차량DB!Y81,잔가map!$C$13:$AR$13,0)),"") | AD81: =IFERROR(INDEX(잔가map!$C$14:$AR$18,MATCH(차량DB!$AD$5,잔가map!$B$14:$B$18,0),MATCH(차량DB!Y81,잔가map!$C$13:$AR$13,0)),"")
E82: AUDI | F82: Q4 e-tron SB 40 Premium | G82: 1 | H82: 승용SUV(~5인) | I82: 70700000 | P82: Y | Z82: =IFERROR(INDEX(잔가map!$C$14:$AR$18,MATCH(차량DB!$Z$5,잔가map!$B$14:$B$18,0),MATCH(차량DB!Y82,잔가map!$C$13:$AR$13,0)),"") | AA82: =IFERROR(INDEX(잔가map!$C$14:$AR$18,MATCH(차량DB!$AA$5,잔가map!$B$14:$B$18,0),MATCH(차량DB!Y82,잔가map!$C$13:$AR$13,0)),"") | AB82: =IFERROR(INDEX(잔가map!$C$14:$AR$18,MATCH(차량DB!$AB$5,잔가map!$B$14:$B$18,0),MATCH(차량DB!Y82,잔가map!$C$13:$AR$13,0)),"") | AC82: =IFERROR(INDEX(잔가map!$C$14:$AR$18,MATCH(차량DB!$AC$5,잔가map!$B$14:$B$18,0),MATCH(차량DB!Y82,잔가map!$C$13:$AR$13,0)),"") | AD82: =IFERROR(INDEX(잔가map!$C$14:$AR$18,MATCH(차량DB!$AD$5,잔가map!$B$14:$B$18,0),MATCH(차량DB!Y82,잔가map!$C$13:$AR$13,0)),"")
E83: AUDI | F83: e-tron GT qu. | G83: 1 | H83: 승용SUV(~5인) | I83: 145200000 | P83: Y | R83: 0 | Z83: =IFERROR(INDEX(잔가map!$C$14:$AR$18,MATCH(차량DB!$Z$5,잔가map!$B$14:$B$18,0),MATCH(차량DB!Y83,잔가map!$C$13:$AR$13,0)),"") | AA83: =IFERROR(INDEX(잔가map!$C$14:$AR$18,MATCH(차량DB!$AA$5,잔가map!$B$14:$B$18,0),MATCH(차량DB!Y83,잔가map!$C$13:$AR$13,0)),"") | AB83: =IFERROR(INDEX(잔가map!$C$14:$AR$18,MATCH(차량DB!$AB$5,잔가map!$B$14:$B$18,0),MATCH(차량DB!Y83,잔가map!$C$13:$AR$13,0)),"") | AC83: =IFERROR(INDEX(잔가map!$C$14:$AR$18,MATCH(차량DB!$AC$5,잔가map!$B$14:$B$18,0),MATCH(차량DB!Y83,잔가map!$C$13:$AR$13,0)),"") | AD83: =IFERROR(INDEX(잔가map!$C$14:$AR$18,MATCH(차량DB!$AD$5,잔가map!$B$14:$B$18,0),MATCH(차량DB!Y83,잔가map!$C$13:$AR$13,0)),"")
E84: AUDI | F84: e-tron GT qu. Premium | G84: 1 | H84: 승용SUV(~5인) | I84: 168200000 | P84: Y | R84: 0 | Z84: =IFERROR(INDEX(잔가map!$C$14:$AR$18,MATCH(차량DB!$Z$5,잔가map!$B$14:$B$18,0),MATCH(차량DB!Y84,잔가map!$C$13:$AR$13,0)),"") | AA84: =IFERROR(INDEX(잔가map!$C$14:$AR$18,MATCH(차량DB!$AA$5,잔가map!$B$14:$B$18,0),MATCH(차량DB!Y84,잔가map!$C$13:$AR$13,0)),"") | AB84: =IFERROR(INDEX(잔가map!$C$14:$AR$18,MATCH(차량DB!$AB$5,잔가map!$B$14:$B$18,0),MATCH(차량DB!Y84,잔가map!$C$13:$AR$13,0)),"") | AC84: =IFERROR(INDEX(잔가map!$C$14:$AR$18,MATCH(차량DB!$AC$5,잔가map!$B$14:$B$18,0),MATCH(차량DB!Y84,잔가map!$C$13:$AR$13,0)),"") | AD84: =IFERROR(INDEX(잔가map!$C$14:$AR$18,MATCH(차량DB!$AD$5,잔가map!$B$14:$B$18,0),MATCH(차량DB!Y84,잔가map!$C$13:$AR$13,0)),"")
E85: AUDI | F85: e-tron GT RS | G85: 1 | H85: 승용일반 | I85: 208200000 | P85: Y | Z85: =IFERROR(INDEX(잔가map!$C$14:$AR$18,MATCH(차량DB!$Z$5,잔가map!$B$14:$B$18,0),MATCH(차량DB!Y85,잔가map!$C$13:$AR$13,0)),"") | AA85: =IFERROR(INDEX(잔가map!$C$14:$AR$18,MATCH(차량DB!$AA$5,잔가map!$B$14:$B$18,0),MATCH(차량DB!Y85,잔가map!$C$13:$AR$13,0)),"") | AB85: =IFERROR(INDEX(잔가map!$C$14:$AR$18,MATCH(차량DB!$AB$5,잔가map!$B$14:$B$18,0),MATCH(차량DB!Y85,잔가map!$C$13:$AR$13,0)),"") | AC85: =IFERROR(INDEX(잔가map!$C$14:$AR$18,MATCH(차량DB!$AC$5,잔가map!$B$14:$B$18,0),MATCH(차량DB!Y85,잔가map!$C$13:$AR$13,0)),"") | AD85: =IFERROR(INDEX(잔가map!$C$14:$AR$18,MATCH(차량DB!$AD$5,잔가map!$B$14:$B$18,0),MATCH(차량DB!Y85,잔가map!$C$13:$AR$13,0)),"")
E86: AUDI | F86: e-tron S | G86: 1 | H86: 승용SUV(~5인) | I86: 139100000 | P86: Y | Z86: =IFERROR(INDEX(잔가map!$C$14:$AR$18,MATCH(차량DB!$Z$5,잔가map!$B$14:$B$18,0),MATCH(차량DB!Y86,잔가map!$C$13:$AR$13,0)),"") | AA86: =IFERROR(INDEX(잔가map!$C$14:$AR$18,MATCH(차량DB!$AA$5,잔가map!$B$14:$B$18,0),MATCH(차량DB!Y86,잔가map!$C$13:$AR$13,0)),"") | AB86: =IFERROR(INDEX(잔가map!$C$14:$AR$18,MATCH(차량DB!$AB$5,잔가map!$B$14:$B$18,0),MATCH(차량DB!Y86,잔가map!$C$13:$AR$13,0)),"") | AC86: =IFERROR(INDEX(잔가map!$C$14:$AR$18,MATCH(차량DB!$AC$5,잔가map!$B$14:$B$18,0),MATCH(차량DB!Y86,잔가map!$C$13:$AR$13,0)),"") | AD86: =IFERROR(INDEX(잔가map!$C$14:$AR$18,MATCH(차량DB!$AD$5,잔가map!$B$14:$B$18,0),MATCH(차량DB!Y86,잔가map!$C$13:$AR$13,0)),"")
E87: AUDI | F87: e-tron SB S | G87: 1 | H87: 승용SUV(~5인) | I87: 143100000 | P87: Y | Z87: =IFERROR(INDEX(잔가map!$C$14:$AR$18,MATCH(차량DB!$Z$5,잔가map!$B$14:$B$18,0),MATCH(차량DB!Y87,잔가map!$C$13:$AR$13,0)),"") | AA87: =IFERROR(INDEX(잔가map!$C$14:$AR$18,MATCH(차량DB!$AA$5,잔가map!$B$14:$B$18,0),MATCH(차량DB!Y87,잔가map!$C$13:$AR$13,0)),"") | AB87: =IFERROR(INDEX(잔가map!$C$14:$AR$18,MATCH(차량DB!$AB$5,잔가map!$B$14:$B$18,0),MATCH(차량DB!Y87,잔가map!$C$13:$AR$13,0)),"") | AC87: =IFERROR(INDEX(잔가map!$C$14:$AR$18,MATCH(차량DB!$AC$5,잔가map!$B$14:$B$18,0),MATCH(차량DB!Y87,잔가map!$C$13:$AR$13,0)),"") | AD87: =IFERROR(INDEX(잔가map!$C$14:$AR$18,MATCH(차량DB!$AD$5,잔가map!$B$14:$B$18,0),MATCH(차량DB!Y87,잔가map!$C$13:$AR$13,0)),"")
E88: AUDI | F88: e-tron 55 qu. | G88: 1 | H88: 승용SUV(~5인) | I88: 119000000 | P88: Y | R88: 0 | Z88: =IFERROR(INDEX(잔가map!$C$14:$AR$18,MATCH(차량DB!$Z$5,잔가map!$B$14:$B$18,0),MATCH(차량DB!Y88,잔가map!$C$13:$AR$13,0)),"") | AA88: =IFERROR(INDEX(잔가map!$C$14:$AR$18,MATCH(차량DB!$AA$5,잔가map!$B$14:$B$18,0),MATCH(차량DB!Y88,잔가map!$C$13:$AR$13,0)),"") | AB88: =IFERROR(INDEX(잔가map!$C$14:$AR$18,MATCH(차량DB!$AB$5,잔가map!$B$14:$B$18,0),MATCH(차량DB!Y88,잔가map!$C$13:$AR$13,0)),"") | AC88: =IFERROR(INDEX(잔가map!$C$14:$AR$18,MATCH(차량DB!$AC$5,잔가map!$B$14:$B$18,0),MATCH(차량DB!Y88,잔가map!$C$13:$AR$13,0)),"") | AD88: =IFERROR(INDEX(잔가map!$C$14:$AR$18,MATCH(차량DB!$AD$5,잔가map!$B$14:$B$18,0),MATCH(차량DB!Y88,잔가map!$C$13:$AR$13,0)),"")
E89: AUDI | F89: e-tron SB 55 qu. | G89: 1 | H89: 승용SUV(~5인) | I89: 125000000 | P89: Y | R89: 0 | Z89: =IFERROR(INDEX(잔가map!$C$14:$AR$18,MATCH(차량DB!$Z$5,잔가map!$B$14:$B$18,0),MATCH(차량DB!Y89,잔가map!$C$13:$AR$13,0)),"") | AA89: =IFERROR(INDEX(잔가map!$C$14:$AR$18,MATCH(차량DB!$AA$5,잔가map!$B$14:$B$18,0),MATCH(차량DB!Y89,잔가map!$C$13:$AR$13,0)),"") | AB89: =IFERROR(INDEX(잔가map!$C$14:$AR$18,MATCH(차량DB!$AB$5,잔가map!$B$14:$B$18,0),MATCH(차량DB!Y89,잔가map!$C$13:$AR$13,0)),"") | AC89: =IFERROR(INDEX(잔가map!$C$14:$AR$18,MATCH(차량DB!$AC$5,잔가map!$B$14:$B$18,0),MATCH(차량DB!Y89,잔가map!$C$13:$AR$13,0)),"") | AD89: =IFERROR(INDEX(잔가map!$C$14:$AR$18,MATCH(차량DB!$AD$5,잔가map!$B$14:$B$18,0),MATCH(차량DB!Y89,잔가map!$C$13:$AR$13,0)),"")
E90: BMW | F90: 120 base | G90: 1998 | H90: 승용일반 | I90: 48400000 | P90: Y | R90: 0 | S90: M | Z90: =IFERROR(INDEX(잔가map!$C$14:$AR$18,MATCH(차량DB!$Z$5,잔가map!$B$14:$B$18,0),MATCH(차량DB!Y90,잔가map!$C$13:$AR$13,0)),"") | AA90: =IFERROR(INDEX(잔가map!$C$14:$AR$18,MATCH(차량DB!$AA$5,잔가map!$B$14:$B$18,0),MATCH(차량DB!Y90,잔가map!$C$13:$AR$13,0)),"") | AB90: =IFERROR(INDEX(잔가map!$C$14:$AR$18,MATCH(차량DB!$AB$5,잔가map!$B$14:$B$18,0),MATCH(차량DB!Y90,잔가map!$C$13:$AR$13,0)),"") | AC90: =IFERROR(INDEX(잔가map!$C$14:$AR$18,MATCH(차량DB!$AC$5,잔가map!$B$14:$B$18,0),MATCH(차량DB!Y90,잔가map!$C$13:$AR$13,0)),"") | AD90: =IFERROR(INDEX(잔가map!$C$14:$AR$18,MATCH(차량DB!$AD$5,잔가map!$B$14:$B$18,0),MATCH(차량DB!Y90,잔가map!$C$13:$AR$13,0)),"")
E91: BMW | F91: 120 M Sport | G91: 1998 | H91: 승용일반 | I91: 52800000 | P91: Y | S91: M | Z91: =IFERROR(INDEX(잔가map!$C$14:$AR$18,MATCH(차량DB!$Z$5,잔가map!$B$14:$B$18,0),MATCH(차량DB!Y91,잔가map!$C$13:$AR$13,0)),"") | AA91: =IFERROR(INDEX(잔가map!$C$14:$AR$18,MATCH(차량DB!$AA$5,잔가map!$B$14:$B$18,0),MATCH(차량DB!Y91,잔가map!$C$13:$AR$13,0)),"") | AB91: =IFERROR(INDEX(잔가map!$C$14:$AR$18,MATCH(차량DB!$AB$5,잔가map!$B$14:$B$18,0),MATCH(차량DB!Y91,잔가map!$C$13:$AR$13,0)),"") | AC91: =IFERROR(INDEX(잔가map!$C$14:$AR$18,MATCH(차량DB!$AC$5,잔가map!$B$14:$B$18,0),MATCH(차량DB!Y91,잔가map!$C$13:$AR$13,0)),"") | AD91: =IFERROR(INDEX(잔가map!$C$14:$AR$18,MATCH(차량DB!$AD$5,잔가map!$B$14:$B$18,0),MATCH(차량DB!Y91,잔가map!$C$13:$AR$13,0)),"")
E92: BMW | F92: M135 xDrive | G92: 1998 | H92: 승용일반 | I92: 61800000 | P92: Y | R92: 0 | S92: R | Y92: K | Z92: =IFERROR(INDEX(잔가map!$C$14:$AR$18,MATCH(차량DB!$Z$5,잔가map!$B$14:$B$18,0),MATCH(차량DB!Y92,잔가map!$C$13:$AR$13,0)),"") -> 0.69 | AA92: =IFERROR(INDEX(잔가map!$C$14:$AR$18,MATCH(차량DB!$AA$5,잔가map!$B$14:$B$18,0),MATCH(차량DB!Y92,잔가map!$C$13:$AR$13,0)),"") -> 0.61 | AB92: =IFERROR(INDEX(잔가map!$C$14:$AR$18,MATCH(차량DB!$AB$5,잔가map!$B$14:$B$18,0),MATCH(차량DB!Y92,잔가map!$C$13:$AR$13,0)),"") -> 0.52 | AC92: =IFERROR(INDEX(잔가map!$C$14:$AR$18,MATCH(차량DB!$AC$5,잔가map!$B$14:$B$18,0),MATCH(차량DB!Y92,잔가map!$C$13:$AR$13,0)),"") -> 0.44 | AD92: =IFERROR(INDEX(잔가map!$C$14:$AR$18,MATCH(차량DB!$AD$5,잔가map!$B$14:$B$18,0),MATCH(차량DB!Y92,잔가map!$C$13:$AR$13,0)),"") -> 0.38
